id,sales
3000888,4.258749938626757
3002670,3.594572046984652
3004452,4.589416631902652
3006234,4.873114983493454
3008016,2.1409064069232002
3009798,4.068066457854023
3011580,4.883741037800584
3013362,3.8942046917903985
3015144,4.021070333788486
3016926,4.740166625916553
3018708,5.38421086030668
3020490,2.35636361267683
3022272,4.610266710902502
3024054,4.021048733310301
3025836,3.645265370580548
3027618,3.494984187769451
3000889,0.09269638711630583
3002671,0.09127602822494738
3004453,0.06545329267425905
3006235,0.011781590700501712
3008017,0.0
3009799,0.08332780902437491
3011581,0.08278703986010441
3013363,0.08235489866313526
3015145,0.09127602822494738
3016927,0.06663894639321918
3018709,0.012907517678284493
3020491,0.0
3022273,0.09246288283584218
3024055,0.0919175536794904
3025837,0.08375226441452274
3027619,0.0861506197925516
3000890,3.843116880069574
3002672,3.282473309512521
3004454,3.1801338935053263
3006236,3.346561401733174
3008018,2.8369430575522876
3009800,3.5977129074960397
3011582,3.447507559104258
3013364,4.203991443931144
3015146,2.650372915985014
3016928,3.0351269920567647
3018710,5.574211943193305
3020492,2.668623439070281
3022274,4.031952861949043
3024056,3.8769329127821557
3025838,2.893821439818851
3027620,4.44893582384711
3000891,2318.302683197337
3002673,2090.8671856549586
3004455,2419.7507547426376
3006237,2202.449249119001
3008019,1228.2851745471821
3009801,2330.87791455407
3011583,2244.9693077134834
3013365,2370.5557671822207
3015147,2125.1679576362235
3016929,2515.666826256156
3018711,2315.490256917566
3020493,1228.9054593978167
3022275,2261.128021179314
3024057,2249.2130787315054
3025839,2399.596106507278
3027621,2133.8425198240893
3000892,0.20141001723718402
3002674,0.1840100108359546
3004456,0.1598002785884733
3006238,0.12981506882771018
3008020,0.06174718664212991
3009802,0.1749643715305217
3011584,0.17675811213022047
3013366,0.06606799180475473
3015148,0.06911201140502722
3016930,0.048365395110741165
3018712,0.0
3020494,0.0
3022276,0.09150139446485624
3024058,0.070763827761135
3025840,0.0613707830981028
3027622,0.0640907009604609
3000893,392.4105555288627
3002675,342.92066382928783
3004457,404.55693938388913
3006239,339.4914596735173
3008021,151.24741242405753
3009803,391.23603742498705
3011585,367.07701185341085
3013367,390.3216085931759
3015149,308.40704681397204
3016931,371.614040331178
3018713,322.0289998134313
3020495,151.89628192716341
3022277,329.76433905677743
3024059,347.4909142070119
3025841,394.26157557983043
3027623,328.88502055364023
3000894,12.038768003857058
3002676,12.127603173418205
3004458,12.858442071976913
3006240,10.226696332236687
3008022,4.420802234792102
3009804,8.637087924709478
3011586,9.872781883664144
3013368,10.615253763334952
3015150,12.294046873112503
3016932,15.408547742405197
3018714,10.911221271817517
3020496,4.716083638248489
3022278,8.251348281833712
3024060,8.786266568684779
3025842,7.443343549977358
3027624,9.854286063512719
3000895,783.3321084172148
3002677,700.9268324517049
3004459,767.5529222527003
3006241,679.8062878940648
3008023,247.0617971031102
3009805,672.2387663824812
3011587,688.7874530060518
3013369,773.1094318634807
3015151,643.6636119134298
3016933,702.7782147576959
3018715,599.8737260026194
3020497,245.43706877322168
3022279,659.9910680080243
3024061,603.0065757186089
3025843,723.4956022646397
3027625,639.8439377165859
3000896,772.3442572382484
3002678,693.8599621019657
3004460,719.8157871048008
3006242,670.7344182029416
3008024,336.36749513284167
3009806,762.857589257806
3011588,691.885375088661
3013370,773.9510919535038
3015152,633.127252939041
3016934,712.1014118393596
3018716,657.6400401759124
3020498,307.36125398370956
3022280,683.5352815866853
3024062,597.0694970485674
3025844,780.9600440261833
3027626,581.4493580742778
3000897,160.7039284298025
3002679,132.5892066685954
3004461,160.78743834669442
3006243,135.6125092608792
3008025,67.39794786202609
3009807,165.7041900467947
3011589,135.6705768738454
3013371,140.87505618495587
3015153,124.95266008582446
3016935,170.9677914609233
3018717,131.5092878326472
3020499,61.90905944796241
3022281,147.05586706724566
3024063,115.4633234797376
3025845,132.0612114166272
3027627,115.8714567772693
3000898,142.78814182035947
3002680,139.4668187846323
3004462,169.39903466053417
3006244,141.24008961467675
3008026,69.17590092098574
3009808,156.85015508810955
3011590,127.24919955286657
3013372,138.4811361998579
3015154,120.44072438645762
3016936,162.23386764973316
3018718,133.28722338294205
3020500,64.21758637518658
3022282,131.587593340623
3024064,123.46538381601215
3025846,131.76116402735062
3027628,115.45060713985558
3000899,133.73038456078913
3002681,106.47932544000027
3004463,116.50007516124366
3006245,121.14543944564304
3008027,55.15736875734332
3009809,112.80819928568538
3011591,106.49835488180254
3013373,128.18611310665324
3015155,107.79232016619605
3016937,130.0163757688427
3018719,116.96068898223697
3020501,48.06997536546782
3022283,108.3202467008994
3024065,97.33422614677514
3025847,143.60994256022164
3027629,117.73558932924489
3000900,2939.716578276723
3002682,2625.3825749593025
3004464,2718.6148050185243
3006246,2513.8768036171514
3008028,1303.5715885120833
3009810,2816.669609793821
3011592,2565.545175962492
3013374,2794.3852740324332
3015156,2499.973376260327
3016938,2830.561259983325
3018720,2456.856093608688
3020502,1183.062759670427
3022284,2795.66689949458
3024066,2638.4626116320674
3025848,2841.6409349598
3027630,2469.1616634788843
3000901,22.843516540291752
3002683,23.38203991722533
3004465,26.261245214221148
3006247,18.272630022726087
3008029,8.262854648980245
3009811,18.273932897433834
3011593,21.273733446965238
3013375,22.51983679089933
3015157,22.692007417469252
3016939,19.695266210285226
3018721,18.358345982149128
3020503,8.69677190204391
3022285,17.592503983236476
3024067,20.33580398575579
3025849,21.12517260816448
3027631,20.329037819953005
3000902,1.4349337016703103
3002684,1.215079875443303
3004466,1.1534065511421758
3006248,1.1410458899422498
3008030,0.5107173943479564
3009812,1.0484983628178521
3011594,1.3670835665536938
3013376,1.1698386941435444
3015158,1.6362460390360698
3016940,1.4925099715783587
3018722,1.388962867846653
3020504,0.6037949669813869
3022286,1.2118934302055289
3024068,1.14872131138701
3025850,1.0778388703340722
3027632,1.2795396346309702
3000903,16.831277925364688
3002685,13.671032515932517
3004467,20.9690689408438
3006249,18.632561859683264
3008031,5.383528932643168
3009813,14.52978461970515
3011595,16.44980301200801
3013377,15.873798115457166
3015159,16.64526235801473
3016941,20.48575985224998
3018723,19.84536488742905
3020505,5.222360260985057
3022287,16.500867096852073
3024069,16.90039710708179
3025851,25.431706749457963
3027633,21.234899898176415
3000904,27.208770845652648
3002686,25.45084025699935
3004468,21.867908927065894
3006250,19.18346207716386
3008032,9.974824004327575
3009814,23.335883449654357
3011596,24.897391513963576
3013378,22.62176199670824
3015160,23.997644571090053
3016942,22.00986429746178
3018724,25.73855037945684
3020506,7.328666975882118
3022288,23.92482122338893
3024070,24.63678657035048
3025852,22.1398551032679
3027634,26.92667315620697
3000905,0.5830611740211387
3002687,0.6076824405032895
3004469,0.4903095675877006
3006251,0.27593115438357063
3008033,0.15128396229327207
3009815,0.3375244112294299
3011597,0.3321014950719617
3013379,0.18589754287304255
3015161,0.22765708218968086
3016943,0.15160820874864211
3018725,0.1302779259320202
3020507,0.0197037629798308
3022289,0.20177764557765906
3024071,0.16564877190866303
3025853,0.17801779781893826
3027635,0.15579256281347445
3000906,217.60566780868382
3002688,192.1901167335409
3004470,180.91904762915186
3006252,191.33819007736852
3008034,94.39810635013735
3009816,226.02510560118102
3011598,211.24962904741085
3013380,213.7415943259064
3015162,178.02136677301934
3016944,164.13428633570183
3018726,171.60150641320726
3020508,77.91749102660796
3022290,179.23665930591926
3024072,178.02520142742412
3025854,173.81900613014415
3027636,151.69993686907156
3000907,15.002492459603769
3002689,14.604109571084898
3004471,13.868794621950107
3006253,14.755368836456414
3008035,6.0374499285297345
3009817,12.910561938216288
3011599,12.13430886118431
3013381,14.040993138327638
3015163,14.057355697601283
3016945,14.955344222979484
3018727,15.03654955683895
3020509,5.585495024415938
3022291,14.533058747876332
3024073,12.65329042647935
3025855,14.951885338348127
3027637,10.427612328740679
3000908,29.331629838773598
3002690,17.900599434264855
3004472,23.95776430957417
3006254,15.998641500473145
3008036,8.367790252342376
3009818,14.871136398976681
3011600,15.88455023101773
3013382,23.77282185645781
3015164,14.305252120286283
3016946,17.911346521521352
3018728,13.565092692087976
3020510,10.005892101823791
3022292,11.830828806757475
3024074,13.8870207747001
3025856,22.571985803711076
3027638,13.475673177491073
3000909,10.030568461513266
3002691,4.554061711707379
3004473,4.380059089115028
3006255,4.866405308632728
3008037,3.024007718931811
3009819,5.973449579612897
3011601,7.999274609364436
3013383,7.009283193123526
3015165,6.121509656758629
3016947,5.789000581277102
3018729,5.556310493330127
3020511,3.6941474106258596
3022293,5.354069457260249
3024075,6.2319419430175556
3025857,6.963541700546824
3027639,4.56460078941882
3000910,87.00206489289282
3002692,96.30439802116815
3004474,137.94120976693435
3006256,155.8298990558481
3008038,49.97631827924327
3009820,67.76025151895348
3011602,67.22077817917311
3013384,98.87685973666426
3015166,88.96535079750207
3016948,134.26444825354216
3018730,147.1807401834009
3020512,34.716862031664185
3022294,62.04830598082826
3024076,69.996006871078
3025858,87.65541180379776
3027640,96.46847368292961
3000911,5.120807894891389
3002693,5.000533844074833
3004475,6.017353617633756
3006257,7.565884600346523
3008039,2.91183472885501
3009821,6.155124058628643
3011603,5.914489976686651
3013385,5.7924372156772606
3015167,6.00670612523972
3016949,5.46312047119771
3018731,6.940575938485054
3020513,4.1799192041532605
3022295,6.046111973249012
3024077,5.497444829795803
3025859,5.682091132515594
3027641,4.924073888317006
3000912,286.27141156409954
3002694,271.5124983077411
3004476,537.2188711418779
3006258,284.9071592289506
3008040,129.09405126930565
3009822,358.1441429355544
3011604,289.2370114700417
3013386,288.9933901281955
3015168,273.39622275344266
3016950,561.7276989776873
3018732,286.0729280860397
3020514,131.33982079497332
3022296,255.18237046494818
3024078,267.27405906871354
3025860,279.0272755744783
3027642,263.004256516249
3000913,160.84686337883642
3002695,151.6387248646295
3004477,135.9792042682966
3006259,157.01841349320887
3008041,82.69053843933868
3009823,184.84944211527883
3011605,159.2477188086579
3013387,175.28977889219783
3015169,148.29053681333056
3016951,159.58402620663853
3018733,165.37174671837852
3020515,82.257807314392
3022297,200.24055442393143
3024079,159.1602858099744
3025861,187.93360817204353
3027643,167.05183910204255
3000914,3.649170538877125
3002696,3.9755475915949914
3004478,3.5679342178133204
3006260,4.693635827486487
3008042,3.3446052224977247
3009824,4.728900212680308
3011606,4.207193323352687
3013388,3.7397875820374393
3015170,4.139891452797485
3016952,5.0271548105098836
3018734,5.650053617274156
3020516,3.959738671366721
3022298,4.923129473948209
3024080,4.577448885212231
3025862,4.330157403626542
3027644,3.8267841781089453
3000915,8.45104384650113
3002697,7.482713854162073
3004479,9.031072607403384
3006261,11.004042872384687
3008043,3.558031664965921
3009825,10.244995306166818
3011607,10.809335976694038
3013389,8.32208103458959
3015171,6.270197403955796
3016953,7.350023955769613
3018735,8.742524005186485
3020517,3.775255565613432
3022299,6.821964813770945
3024081,7.2390319191525805
3025863,9.10688261748569
3027645,7.7399134804697045
3000916,336.0337910824891
3002698,375.57944530961294
3004480,493.41155809626804
3006262,241.27521932235234
3008044,132.79356095768188
3009826,361.15630936761585
3011608,343.0686876113946
3013390,350.4200573833331
3015172,301.1414936310273
3016954,498.37389294417767
3018736,247.2893527032356
3020518,119.2205501919574
3022300,340.32665630861374
3024082,281.0718550229893
3025864,308.5495807217452
3027646,250.11168208376853
3000917,63.62592074572039
3002699,68.33880866601069
3004481,77.48373705653952
3006263,64.77911035659649
3008045,35.19834434341257
3009827,71.69967712526518
3011609,58.46622377537169
3013391,61.17635822775255
3015173,63.142289274855784
3016955,70.38743173962393
3018737,62.8327345600644
3020519,38.780108489081734
3022301,61.7522147422819
3024083,63.451509164832416
3025865,58.208397876047734
3027647,60.208983898931606
3000918,3515.9051356735117
3002700,2166.0321400956313
3004482,2378.3233617796445
3006264,2292.0035293480164
3008046,1299.539985296695
3009828,2378.8835615034477
3011610,1953.9107738935859
3013392,3452.6050753282248
3015174,2043.9721457532287
3016956,2297.038136982813
3018738,2198.341147215923
3020520,1023.947151879051
3022302,2200.5638782255105
3024084,1909.1082793829285
3025866,3584.8882239320346
3027648,1904.5463618862798
3000919,66.13517459711784
3002701,0.15235534985040805
3004483,0.10102966257479425
3006265,0.0515438301934302
3008047,0.007797332876967729
3009829,0.14235440513884437
3011611,0.13540508531217565
3013393,0.1381296993261022
3015175,0.15235534985040805
3016957,0.09832406744724749
3018739,0.048959838172070856
3020521,0.005320840511621166
3022303,0.16541431177024007
3024085,0.15832471090151143
3025867,0.13254620683667218
3027649,0.1469430694791012
3000920,21.439465939405096
3002702,18.543376026107712
3004484,33.6128986845512
3006266,25.403783296207326
3008048,12.272371115306687
3009830,23.585886079992676
3011612,22.588576656191343
3013394,25.01469272469394
3015176,29.829193365894582
3016958,36.81003105864672
3018740,28.87883665613605
3020522,11.138742643618125
3022304,29.695622482448545
3024086,28.82285255820131
3025868,25.75102983557478
3027650,26.8879440865567
3001251,5.185451987895055
3003033,5.182893881216736
3004815,4.963148897858557
3006597,7.132328834421587
3008379,9.065212961927557
3010161,5.110796315249345
3011943,5.312058114476608
3013725,4.204913279597551
3015507,5.154733739095425
3017289,4.504556651789177
3019071,9.305470235262352
3020853,10.074178910576105
3022635,5.698841671380649
3024417,4.466181708364356
3026199,5.246840316754736
3027981,4.759923293608968
3001252,0.07569560551248404
3003034,0.07814141944736402
3004816,0.06370908362595046
3006598,0.03723905160282537
3008380,0.06859071017259867
3010162,0.06647278899893594
3011944,0.06594043342380901
3013726,0.06551501572130577
3015508,0.07814141944736402
3017290,0.06489279636076889
3019072,0.038393308056336124
3020854,0.06977985526067881
3022636,0.07546573422222934
3024418,0.0749288896019286
3026200,0.06689064047469959
3027982,0.07307770048018485
3001253,6.683956192478911
3003035,7.316298418585239
3004817,7.669326907773614
3006599,9.315229179295777
3008381,10.9766379318796
3010163,7.60504702973385
3011945,7.184082990371012
3013727,7.744130934863364
3015509,4.683487415637267
3017291,6.746500844335158
3019073,10.491837060963785
3020855,10.724056366200436
3022637,7.400630777660751
3024419,5.203848247256157
3026201,5.642042624153002
3027983,7.466872569494592
3001254,2937.8038221248357
3003036,2590.0500794387335
3004818,3116.6908185611246
3006600,3888.461145524033
3008382,4094.562252334919
3010164,3037.525233744353
3011946,2708.345440447054
3013728,2756.4090799264363
3015510,2531.0331801828834
3017292,2993.6421857558275
3019074,3718.5732968523703
3020856,4038.303553196795
3022638,2710.548416743541
3024420,2700.73409641918
3026202,2713.5304200639275
3027984,2507.5498553145
3001255,0.055690626470646584
3003037,0.05624416894718339
3004819,0.04672105578855427
3006601,0.02067376495264617
3008383,0.04780881058467123
3010165,0.0492048009207442
3011947,0.04868106507770933
3013729,0.04948150967010808
3015511,0.05624416894718339
3017293,0.04664915994524068
3019075,0.02060365821248507
3020857,0.04773684002704102
3022639,0.05463072950996165
3024421,0.05410428518400577
3026203,0.04485738276395529
3027985,0.05128329504345023
3001256,598.5482000478278
3003038,519.9760259625623
3004820,595.1833986832032
3006602,758.3580245497077
3008384,779.6435812573562
3010166,667.1265706305867
3011948,636.5543558380991
3013730,622.0097012100597
3015512,532.0710490555766
3017294,609.2958427611015
3019076,736.1373516206829
3020858,791.239282200883
3022640,613.8619048798403
3024422,606.9084068092816
3026204,605.670709924108
3027986,562.295815753954
3001257,11.330056319820141
3003039,10.080491716424449
3004821,11.727906025785966
3006603,14.95563802406481
3008385,10.669782000526265
3010167,8.482131889654681
3011949,8.618738773543656
3013731,8.35167615291681
3015513,9.687933500835275
3017295,11.441246113600384
3019077,17.498433993103255
3020859,9.56053981970469
3022641,7.3798536423296195
3024423,10.88459329240367
3026205,9.251540286452233
3027987,9.27936430621355
3001258,910.0907780637217
3003040,819.6371924221626
3004822,898.4410351931577
3006604,1032.8578677252035
3008386,1119.1652246184092
3010168,935.2961705503551
3011950,848.406017707423
3013732,879.8856759030936
3015514,748.5612475516443
3017296,876.1507835030638
3019078,975.8432139537794
3020860,1060.26832689617
3022642,770.9575099639864
3024424,827.0818267425535
3026206,810.7256626220842
3027988,704.5331968773361
3001259,780.9690023173151
3003041,687.3437123409516
3004823,833.448176129557
3006605,991.9931556409124
3008387,1124.0920818618335
3010169,857.7118185896414
3011951,848.0085752646654
3013733,804.7736375218815
3015515,671.3560452246779
3017297,786.7293299278714
3019079,923.4043424058292
3020861,1053.5448664451183
3022643,756.4337664727028
3024425,733.1841166624617
3026207,744.0375086730974
3027989,648.131394735318
3001260,218.53651631144106
3003042,202.65066879541087
3004824,261.01189841569
3006606,275.0217013564608
3008388,275.6202442115397
3010170,244.81190066701188
3011952,203.87790777580938
3013734,205.70484098819605
3015516,188.62822544231014
3017298,256.38287260069745
3019080,311.1425125451384
3020862,273.88727628847585
3022644,225.51785480594762
3024426,187.2600911608186
3026208,199.40279231092157
3027990,162.45585694579594
3001261,145.5582803036963
3003043,122.88241166681516
3004825,188.5039712192264
3006607,190.43405130848504
3008389,237.5209722373648
3010171,172.4196523938711
3011953,156.84452162895266
3013735,161.39266261297453
3015517,131.2056883314246
3017299,201.49791917371212
3019081,189.32780429065238
3020863,234.030460644961
3022645,161.956926201535
3024427,152.83287951214675
3026209,147.43263060746418
3027991,133.54969637681614
3001262,103.14373016360182
3003044,91.62084014541375
3004826,105.07891796896139
3006608,136.72336635189237
3008390,119.5190775179244
3010172,85.14162439518202
3011954,87.16407439765902
3013736,88.557869758632
3015518,84.74778533462126
3017300,101.37203828583482
3019082,135.8595534169804
3020864,118.25389676169534
3022646,71.58991502540103
3024428,77.8627182520899
3026210,101.04667927076905
3027992,75.8839349875879
3001263,3786.252589983951
3003045,3434.440084735754
3004827,4080.873194498401
3006609,4776.383213982008
3008391,4999.500974992357
3010173,3914.4965410106875
3011955,3835.5882365102652
3013737,3709.375037725575
3015519,3316.0952036694025
3017301,3891.6329648329897
3019083,4731.9519829639175
3020865,5121.697931259267
3022647,3592.1651600563705
3024429,3487.4127040422227
3026211,3590.1524249688173
3027993,3342.050071537625
3001264,49.81203334098163
3003046,44.1827820081419
3004828,53.96434154790322
3006610,66.7225307919515
3008392,53.79591702341327
3010174,45.892671777897235
3011956,40.35703331658442
3013738,35.41695900304917
3015520,26.119377848059973
3017302,27.420798215346665
3019084,39.3222144019821
3020866,40.71581195115177
3022648,32.21653261429483
3024430,25.828391931213943
3026212,27.771459213554635
3027994,27.565149366100098
3001265,1.1289413486301147
3003047,1.1940366473146704
3004829,1.1531673086652803
3006611,1.5540210182831262
3008393,2.969405021697286
3010175,1.363548031366932
3011957,1.2361682080686185
3013739,1.031500900972028
3015521,1.0187948433273353
3017303,1.1666826953211311
3019085,1.6204097764247947
3020867,1.5866559683353758
3022649,1.2033071270905276
3024431,1.0175482629730763
3026213,1.024811626363416
3027995,1.0300279155042533
3001266,19.075410345811903
3003048,15.50634496571358
3004830,22.20692242635618
3006612,23.506246411423373
3008394,21.412544090652048
3010176,15.133273802097694
3011958,17.022624075264176
3013740,16.339360648257873
3015522,15.530410747958808
3017304,19.394637633867877
3019086,27.9380092837041
3020868,24.15644027428302
3022650,16.832220281136795
3024432,15.481044571388633
3026214,19.34925840592915
3027996,16.555991254777798
3001267,31.32059990756494
3003049,26.55596305115755
3004831,30.935694752378208
3006613,27.854494708437795
3008395,29.59614887480242
3010177,21.26108123734112
3011959,19.354644452478546
3013741,21.592419177356746
3015523,22.72996981347723
3017305,28.68594638347339
3019087,37.648397760370365
3020869,36.513598192549104
3022651,22.018638782587058
3024433,33.62495767600427
3026215,33.43318229587639
3027997,29.75204342985835
3001268,0.34489987188066745
3003050,0.23210459870792222
3004832,0.28457912823194775
3006614,0.2589389426907763
3008396,0.3141923904873722
3010178,0.1932747740655741
3011960,0.21772564595573937
3013742,0.1676359074295045
3015524,0.17363573443202127
3017306,0.14972295908859906
3019088,0.14496795145392288
3020870,0.18000432417666598
3022652,0.1667273542458993
3024434,0.1476989472752185
3026216,0.15987750256404534
3027998,0.14206651061689515
3001269,285.63907686765737
3003051,253.34824501466474
3004833,270.91683642853695
3006615,341.0907043615169
3008397,361.75826661206236
3010179,290.50427078058084
3011961,276.4562355792866
3013743,242.15036113204837
3015525,229.32807644851607
3017307,234.21531877803835
3019089,310.4136311886661
3020871,365.14237707901617
3022653,239.60169927880926
3024435,226.94506083528836
3026217,235.2296394774885
3027999,202.58109904508396
3001270,19.674601048595132
3003052,18.887852395656118
3004834,22.848407720594217
3006616,28.94953743091171
3008398,36.64827490168024
3010180,18.145069390618886
3011962,22.196707370413215
3013744,15.930402140841682
3015526,19.758186538079983
3017308,18.104175523051353
3019090,29.978406658342262
3020872,34.42869394134559
3022654,16.325861726548144
3024436,15.844241905426532
3026218,16.610014783616883
3028000,15.03735296505894
3001271,26.706019335649643
3003053,15.275106722186464
3004835,15.793606469000185
3006617,23.97363001539254
3008399,21.254178140773377
3010181,11.719489493996312
3011963,11.680958318143478
3013745,21.933158617873847
3015527,12.639162932430143
3017309,13.147286187778267
3019091,21.224687431467704
3020873,19.836811677158448
3022655,10.6344745890403
3024437,10.867496666784177
3026219,19.120856181955283
3028001,14.331893293549527
3001272,16.332240802153674
3003054,4.001985660034786
3004836,7.841388298591248
3006618,7.352315490857068
3008400,5.415103783317859
3010182,6.035055738783133
3011964,4.382728179169177
3013746,4.750883500123201
3015528,5.397109416647209
3017310,5.860720661136941
3019092,7.536719746575175
3020874,5.732343505537448
3022656,4.376171450863916
3024438,4.184513606029952
3026220,5.36134773908938
3028002,7.284607510189588
3001273,67.95344602825398
3003055,80.73843161816697
3004837,127.07355004325163
3006619,179.3841365906439
3008401,94.88867723608281
3010183,50.92758690278713
3011965,61.4970149466259
3013747,57.90098070439575
3015529,67.89534620906949
3017311,113.774184658542
3019093,169.79303153960072
3020875,81.93405314777853
3022657,46.80471158001412
3024439,50.64073844339286
3026221,59.57680669201193
3028003,71.42655984039271
3001274,6.32043618154303
3003056,4.953334813653081
3004838,6.968610325152287
3006620,9.72457541235214
3008402,8.973678827414746
3010184,6.73425983807556
3011966,5.480307970420809
3013748,6.625007222786354
3015530,5.766434993971511
3017312,9.556059098953037
3019094,11.513066676290958
3020876,10.154999341118739
3022658,8.785595434051734
3024440,7.668165912271856
3026222,7.981290947760165
3028004,7.2441349330156175
3001275,384.1774111229292
3003057,347.61676593079613
3004839,1085.7222964606608
3006621,463.05357734681775
3008403,406.65723349474405
3010185,374.3366970375308
3011967,446.4612647333455
3013749,363.4489784689662
3015531,295.97000456414963
3017313,1292.014764746873
3019095,454.15024851457883
3020877,490.5335750263292
3022659,364.0793064802808
3024441,432.2867443400173
3026223,403.4230720005759
3028005,426.3774552581209
3001276,249.0179265861489
3003058,208.86524991391673
3004840,237.72884381136151
3006622,334.16085544631295
3008404,334.338409015196
3010186,294.9298461097412
3011968,252.90776101462671
3013750,265.7742336259919
3015532,207.13951235043734
3017314,232.34163347947333
3019096,307.32943356358436
3020878,389.0781635086792
3022660,254.52966774647965
3024442,253.2288879041605
3026224,259.77202545226237
3028006,213.2899902671307
3001277,7.439876124512111
3003059,6.265553613819132
3004841,8.838454225416095
3006623,11.278128914420286
3008405,9.96116260696911
3010187,6.512598204890363
3011969,7.000424554765804
3013751,6.667654218264916
3015533,5.726461615422648
3017315,6.820429481006467
3019097,10.864677828742288
3020879,13.240305943198733
3022661,8.891542217015067
3024443,8.59377799340813
3026225,8.736229730213612
3028007,7.0962435743288825
3001278,6.909232025093412
3003060,6.9973997840958235
3004842,9.025369363775946
3006624,10.43697438631341
3008406,9.003808613525363
3010188,7.861987944861895
3011970,8.940200037986651
3013752,7.725892297495051
3015534,7.090300838143344
3017316,8.785571784506232
3019098,12.060121976990573
3020880,11.131915781252951
3022662,7.457140515795269
3024444,7.997683155651536
3026226,7.825934852656687
3028008,6.258424504439016
3001279,433.4595632449788
3003061,372.68431553828276
3004843,649.8807317439122
3006625,528.6694610162415
3008407,594.6579703958535
3010189,479.451431501335
3011971,445.2679335282765
3013753,443.4586637827379
3015535,378.4314523307457
3017317,653.2622928530654
3019099,505.8062679578947
3020881,550.6579253577667
3022663,398.0084831891015
3024445,415.7768551555674
3026227,417.14110032039423
3028009,377.1515585241035
3001280,102.97046461756578
3003062,91.67540663837862
3004844,90.19308890544895
3006626,115.21995536954066
3008408,123.5940893842763
3010190,113.52041438211884
3011972,89.51184804824203
3013754,109.09149632686997
3015536,89.89185238304549
3017318,92.36329689298256
3019100,120.0703315543432
3020882,115.34571724731047
3022664,105.67159733788084
3024446,92.74675334385952
3026228,108.17296047550765
3028010,91.75906460619996
3001281,3208.719901066793
3003063,1838.6261457370288
3004845,2113.2150107296884
3006627,2743.030174653994
3008409,2890.338737277719
3010191,2111.898608916334
3011973,2111.241775894804
3013755,3104.114317455213
3015537,1775.5264257153553
3017319,2143.4540811767915
3019101,2642.1195532128067
3020883,2868.2176367461725
3022665,1955.743387038864
3024447,1949.732393660139
3026229,3173.5055488603457
3028011,1817.790178465506
3001282,61.9689574466782
3003064,0.1384855897699453
3004846,0.09922721293845317
3006628,0.10147419576232079
3008410,0.13877298277195277
3010192,0.124581016313809
3011974,0.11773981789219058
3013756,0.12042204083724221
3015538,0.1384855897699453
3017320,0.0965260470275928
3019102,0.09876750826926643
3020884,0.13597463978602048
3022666,0.14728214401899326
3024448,0.1403028471262351
3026230,0.11492541944715742
3028012,0.1331384516572724
3001283,26.83715496465885
3003065,25.401044149053412
3004847,40.34857065893463
3006629,40.11483126750897
3008411,46.409037555957205
3010193,35.49686868660656
3011975,33.3880811112571
3013757,33.12263444084128
3015539,27.99664669386438
3017321,42.15637630979536
3019103,44.48707124003153
3020885,44.772007304480994
3022667,27.788282264248245
3024449,30.412136031326625
3026231,34.45018221232628
3028013,27.21279479738198
3001614,8.38113505561767
3003396,9.405865424884746
3005178,11.314074190244757
3006960,16.634981321213022
3008742,16.887289703499356
3010524,9.078597337541181
3012306,9.848376656945968
3014088,9.826692746884927
3015870,9.293202831726711
3017652,9.254608938079619
3019434,13.003602442610216
3021216,13.752243651927113
3022998,7.15405910263919
3024780,8.699063034859611
3026562,7.2057348837505195
3028344,7.236877479163704
3001615,0.6696869262182157
3003397,0.6338090713212046
3005179,0.5679658191846495
3006961,0.7728596402028298
3008743,1.0877718397408667
3010525,0.6396064309592346
3012307,0.8016629945110323
3014089,1.168251304442117
3015871,1.0937347241603712
3017653,0.7850067054116268
3019435,0.8507499377176457
3021217,0.8897021018249034
3022999,0.6064317368093477
3024781,0.29117177439279984
3026563,0.13441572998481027
3028345,0.1280330973934869
3001616,11.036553022850061
3003398,11.733252053727249
3005180,11.927383848236078
3006962,14.566449858282967
3008744,20.407045615333747
3010526,13.573572241545186
3012308,14.95247072819985
3014090,13.841767526020114
3015872,11.903355105741117
3017654,12.685823502646883
3019436,20.480018562359177
3021218,22.93831041254125
3023000,12.668209907939675
3024782,13.466005508910627
3026564,14.092562634727598
3028346,12.220183190212413
3001617,7781.519788206878
3003399,7081.951679330054
3005181,8321.359819434165
3006963,11188.300897196152
3008745,11845.983795317537
3010527,8346.857656091066
3012309,7147.9558161778305
3014091,7608.771036737895
3015873,6575.321792074917
3017655,8811.133439048734
3019437,11622.691314341184
3021219,12238.760913040502
3023001,7976.103031313638
3024783,7491.64380498203
3026565,7570.604155791722
3028347,6986.660374848753
3001618,0.0736036362695764
3003400,0.074166571281727
3005182,0.07049982425123505
3006964,0.05360011075882787
3008746,0.07219484281285503
3010528,0.06729485321688831
3012310,0.06676208728861027
3014092,0.06728916287374195
3015874,0.074166571281727
3017656,0.07042629512214577
3019438,0.053527742415744116
3021220,0.07212119725848865
3023002,0.07281433392467017
3024784,0.07227881281467824
3026566,0.0625865735577653
3028348,0.0682976206389589
3001619,1179.6663736015998
3003401,1104.6527594774964
3005183,1137.9884023449008
3006965,1344.8371263327217
3008747,1488.5488855459755
3010529,1264.2189797177114
3012311,1130.6819156276958
3014093,1230.1178413243592
3015875,997.7595268784207
3017657,1253.7867440105792
3019439,1403.419599522687
3021221,1544.6576352874124
3023003,1149.8090663856674
3024785,1102.838581218413
3026567,1187.0639051169355
3028349,992.1594153724305
3001620,23.84651637149169
3003402,31.21675773016637
3005184,36.11730529990325
3006966,56.03880022042831
3008748,31.653261683619775
3010530,25.638305828630894
3012312,28.932224804292545
3014094,29.400259220539144
3015876,63.559228941841795
3017658,46.43138960921498
3019440,48.344845112484954
3021222,29.288452490358363
3023004,24.13933379721705
3024786,25.21039923587201
3026568,27.940248967236776
3028350,59.88111314313156
3001621,1864.4502598449576
3003403,1757.7216664096713
3005185,1939.8485580851213
3006967,2390.786562383021
3008749,2542.4668844459547
3010531,2080.092920452177
3012313,1845.5093509134938
3014095,1890.598865805062
3015877,1672.3244359348262
3017659,1960.3573437539158
3019441,2328.7833188848995
3021223,2578.7411012484877
3023005,1853.9522186177824
3024787,1740.7627403032827
3026569,1827.1984093853628
3028351,1426.8392518178166
3001622,1953.967217144704
3003404,1734.0929751458625
3005186,1991.9443139782236
3006968,2445.0165691451343
3008750,2603.1800913994775
3010532,2037.1682585006538
3012314,1913.4265059875188
3014096,1992.0151285900656
3015878,1682.177113897999
3017660,2029.031429614027
3019442,2521.3789962358474
3021224,2687.515784002682
3023006,1924.861307400127
3024788,1828.8067507054313
3026570,2070.9632822690874
3028352,1738.8116874411644
3001623,308.69020205815247
3003405,312.9497883165584
3005187,423.3078050929537
3006969,445.66735256532615
3008751,446.5502099681736
3010533,335.88687949404425
3012315,336.20761277672733
3014097,303.1850117897463
3015879,306.29928451615734
3017661,420.32060239190105
3019443,429.66159725742335
3021225,483.3496002774043
3023007,339.3351746733484
3024789,337.21709428581136
3026571,330.1014505105066
3028353,318.2503744233032
3001624,441.85276319846315
3003406,390.71169575247063
3005188,562.9046145916751
3006970,542.9308024592693
3008752,634.5247241461649
3010534,490.01895884258147
3012316,456.77403565610234
3014098,454.13170461452734
3015880,379.17325720957774
3017662,552.046762634938
3019444,547.9590340410817
3021226,624.8005071807537
3023008,462.6606272630501
3024790,406.11082872282987
3026572,439.86402747270256
3028354,371.9978426240716
3001625,322.7586598542002
3003407,256.42037621419473
3005189,338.8399923157568
3006971,409.00952419087827
3008753,378.6892927094376
3010535,277.84583587466557
3012317,258.13630726915045
3014099,281.8662804074043
3015881,253.9304830270193
3017663,399.9817581599651
3019445,403.3561952993304
3021227,375.0758255047647
3023009,265.0689740602634
3024791,283.3186620132125
3026573,295.4815007077376
3028355,289.23552408334126
3001626,7359.631692432459
3003408,6581.18206966272
3005190,8048.43837090995
3006972,9857.760824635614
3008754,10350.256167056064
3010536,8029.80541464457
3012318,7366.969789602243
3014100,7498.384213396961
3015882,6343.289876068812
3017664,8480.523877296631
3019446,10040.122404824146
3021228,10813.701439442046
3023010,7642.011318196926
3024792,7284.604326260988
3026574,7824.225409436984
3028356,6827.044982056176
3001627,82.05407119822858
3003409,70.46840166401142
3005191,84.23234928476694
3006973,103.00542109815635
3008755,105.55848653650712
3010537,85.80851511260114
3012319,81.65327499835658
3014101,91.2371228770064
3015883,62.26670250858538
3017665,82.97817511624895
3019447,106.12365557934183
3021229,92.81547230643677
3023011,70.3535333134339
3024793,72.94229849861026
3026575,83.18453848980133
3028357,71.76715235082868
3001628,2.742691333691272
3003410,2.154629173029008
3005192,2.1580877521919026
3006974,3.0361627257240444
3008756,3.343683034500108
3010538,1.9664691691655602
3012320,2.6381845358140312
3014102,2.671892277657793
3015884,2.6453107661831927
3017666,2.827176303743246
3019448,4.024796208132831
3021230,3.81189946876229
3023012,2.7972644934281456
3024794,2.412233521826388
3026576,2.422546212036454
3028358,2.02509195417262
3001629,47.18485288450434
3003411,33.63175194729766
3005193,42.37774611344505
3006975,51.48487543421754
3008757,54.92972902545011
3010539,38.59458705961354
3012321,38.465090723454665
3014103,35.320801834845966
3015885,28.88460144469247
3017667,33.28915127998928
3019449,54.19583918305727
3021231,49.18819681512744
3023013,36.0440903597504
3024795,38.42751411614289
3026577,40.31354173849342
3028359,38.137241255836045
3001630,51.52142727057723
3003412,49.42614292161468
3005194,51.03696406153629
3006976,71.85957268296214
3008758,86.67881061002448
3010540,63.57976667972535
3012322,59.130408681145134
3014104,56.5785579632007
3015886,49.70860399186466
3017668,62.14263508560783
3019450,66.73474649859868
3021232,77.78085027358573
3023014,52.98970532628391
3024796,54.035186833312295
3026578,54.59399023630359
3028360,47.174822045481825
3001631,0.7805620035539276
3003413,0.5887050974684596
3005195,0.7233970228372024
3006977,0.7429494479917662
3008759,0.809482173835202
3010541,0.5494448449090568
3012323,0.6466134380240673
3014105,0.5284454709242452
3015887,0.5020295089600004
3017669,0.5137198591042376
3019451,0.5129506864029503
3021233,0.5627091761981895
3023015,0.4808797038954256
3024797,0.5023478181731411
3026579,0.5182896520574607
3028361,0.4938228329306502
3001632,551.335368067604
3003414,486.431928506183
3005196,553.4399545804306
3006978,704.819611703683
3008760,758.2752196216967
3010542,538.3103645492808
3012324,543.637474143393
3014106,502.51650854318126
3015888,428.87971268976713
3017670,495.64692034931505
3019452,667.6881917285772
3021234,743.3181356491617
3023016,499.38130454642567
3024798,488.14084799720735
3026580,482.5612126343439
3028362,401.66617438262125
3001633,30.715260322752865
3003415,25.423606264364203
3005197,37.25187346661335
3006979,53.903936558550804
3008761,60.06421348931208
3010543,35.60601387280905
3012325,30.130819812214185
3014107,30.693320991452282
3015889,27.757521487103176
3017671,35.347972366709875
3019453,48.60200164764442
3021235,55.1223370921235
3023017,32.77745295315411
3024799,29.935661169765748
3026581,31.899405674313456
3028363,27.46751590337857
3001634,86.73830691746377
3003416,48.24120937438673
3005198,66.5245943329993
3006980,77.22466756912064
3008762,66.19998242654184
3010544,43.547338220641805
3012326,50.91802649799278
3014108,77.98193794433857
3015890,40.58893913305151
3017672,61.77885582538608
3019454,74.735454460829
3021236,56.689396884637326
3023018,38.31455685531013
3024800,43.30890492390059
3026582,64.70930482333965
3028364,36.7731481884995
3001635,25.660937039432067
3003417,18.484048710036976
3005199,24.133966393407547
3006981,31.354104914512938
3008763,33.77001911475854
3010545,24.701341567538538
3012327,26.780459569612404
3014109,19.434605831595334
3015891,22.523523682588564
3017673,28.20524606542853
3019455,27.105958629229146
3021237,30.712867667076065
3023019,22.197649685791184
3024801,21.559948917347096
3026583,25.451083636674664
3028365,25.44059428811823
3001636,200.5503320282964
3003418,217.4770995689911
3005200,367.3661906175121
3006982,512.9857231142049
3008764,120.60330935955702
3010546,155.602568167612
3012328,156.61893080832556
3014110,203.10611975622
3015892,196.66804873992814
3017674,345.9052432045971
3019456,480.35574586996967
3021238,151.81763406916784
3023020,133.42197707101644
3024802,161.09720019867655
3026584,181.94830070513876
3028366,197.30047377096386
3001637,19.926771081918957
3003419,21.914805386356143
3005201,24.015513900764482
3006983,27.884419549661246
3008765,25.47188920481153
3010547,20.640299428021812
3012329,19.37827725139867
3014111,18.725274310631125
3015893,19.73632275271001
3017675,22.19720556771919
3019457,24.742370624204806
3021239,24.73258487513978
3023021,19.549430855552686
3024803,21.78022159073012
3026585,20.42012109329069
3028367,18.773039046263552
3001638,638.0580677657622
3003420,543.4959663435646
3005202,1274.3400094932697
3006984,755.8709303922086
3008766,877.0354855646963
3010548,722.5397454264182
3012330,650.5730567743358
3014112,651.3345244295532
3015894,617.6636486502492
3017676,1300.72559109011
3019458,759.5953427418156
3021240,877.7996560318668
3023022,650.859707501271
3024804,627.2568159478627
3026586,628.1652310636368
3028368,607.7206398828541
3001639,462.30551880474655
3003421,418.3199710789833
3005203,479.42358446259743
3006985,720.0774192433184
3008767,825.6209870602108
3010549,563.9066621701152
3012331,513.2931719008036
3014113,454.9081321442311
3015895,414.7574767328755
3017677,501.0324735383998
3019459,716.3973187080212
3021241,832.7540970533694
3023023,494.95054496822286
3024805,503.94638269564297
3026587,526.7691371550338
3028369,431.0388778151124
3001640,14.613586593944424
3003422,12.946069828709941
3005204,16.32020316762162
3006986,22.486725779307662
3008768,26.45594590174164
3010550,16.92414354707384
3012332,19.320101359618015
3014114,17.036887679974946
3015896,16.28861819710681
3017678,19.432964381106135
3019460,29.250796804816147
3021242,30.287084968299396
3023024,17.120252566787418
3024806,16.978210843006742
3026588,15.801562887322067
3028370,17.106460187333646
3001641,19.916998012424596
3003423,19.81994133446097
3005205,22.495490526511777
3006987,28.827613342467444
3008769,30.687609040318506
3010551,21.660769838077538
3012333,19.366820921909834
3014115,22.622991477795413
3015897,21.84565705444108
3017679,19.529421157798588
3019461,33.87010514351088
3021243,35.05860338295191
3023025,23.454236954556507
3024807,22.09559216947151
3026589,22.179446861509014
3028371,22.16279811220152
3001642,1028.8730221938727
3003424,939.2765819702569
3005206,1590.1434274356461
3006988,1255.1138718496682
3008770,1458.4632551111213
3010552,1168.9027186304681
3012334,1039.8878727877661
3014116,1029.8590823676896
3015898,946.1011826533904
3017680,1621.500946377376
3019462,1296.8030985151327
3021244,1383.830076292311
3023026,1132.7095144443215
3024808,995.4928097939345
3026590,1028.923356719912
3028372,941.0398188052601
3001643,214.29976386683833
3003425,256.4206296468434
3005207,240.64433297534654
3006989,289.9050100319702
3008771,305.78828816429467
3010553,238.50260504161454
3012335,242.30225453112635
3014117,211.44803531851227
3015899,213.7458432723941
3017681,227.88524854658044
3019463,274.6386473489363
3021245,321.79824992424665
3023027,205.8985592045644
3024809,211.25975518698073
3026591,211.83083256037588
3028373,191.54085037787732
3001644,9349.157557406199
3003426,5710.745534013798
3005208,7182.69875047405
3006990,8037.484598022667
3008772,9395.78598703724
3010554,6864.1165331264065
3012336,6237.694156871011
3014118,9039.083875482283
3015900,5687.008311869238
3017682,7466.338896704911
3019464,8702.422465145397
3021246,9287.7412915793
3023028,6224.138667994994
3024810,6193.676939784888
3026592,9599.310770763383
3028374,5616.269247088651
3001645,65.65447364988705
3003427,1.0971426612239656
3005209,1.0567998566817178
3006991,1.3447557919033133
3008773,1.525825396560467
3010555,0.7987693685677675
3012337,0.9081341767687054
3014119,0.792930392618524
3015901,0.6987801816778401
3017683,0.8158395481627432
3019465,0.9638244771926379
3021247,0.863678908912096
3023029,0.6651025842349421
3024811,0.5413049180953491
3026593,0.5007060212399854
3028375,0.6371940401250988
3001646,71.9953457973776
3003428,66.99924992463062
3005210,117.2749958826702
3006992,92.99583832811199
3008774,95.07439964028653
3010556,79.21986505117485
3012338,76.82345676078333
3014120,80.52142767722952
3015902,72.07526228951538
3017684,116.98320902554086
3019466,96.64041165892556
3021248,103.52449234709535
3023030,86.02392916378376
3024812,78.88057392287355
3026594,80.3612061536338
3028376,77.05374619702604
3001977,2.730569798160128
3003759,3.277592926444389
3005541,3.4128819776355277
3007323,5.421331881021104
3009105,5.06909335623728
3010887,2.9510730092682884
3012669,3.2326954166749307
3014451,3.239822717082772
3016233,3.073331855727801
3018015,3.3741473868602823
3019797,5.324735394707883
3021579,5.121094358905111
3023361,3.1234838697065106
3025143,3.0942336421534975
3026925,3.2882568997263624
3028707,2.8187600892895026
3001978,0.15170154933738825
3003760,0.13518707440591293
3005542,0.27475032044221104
3007324,0.5129012307104102
3009106,0.7386587201460155
3010888,0.44125369985529367
3012670,0.5282085342826641
3014452,0.4326305256930337
3016234,0.4520598607866118
3018016,0.3001385252683978
3019798,0.3480015050681535
3021580,0.21866880548091575
3023362,0.1263466851797177
3025144,0.04660284792740192
3026926,0.12993573577940815
3028708,0.11051516605349272
3001979,3.8535169972447036
3003761,3.5208560628266463
3005543,3.3181737298174294
3007325,5.145366798654444
3009107,5.5568447933755545
3010889,5.217863615399129
3012671,4.890037049632815
3014453,4.374357347260813
3016235,3.312068195754379
3018017,4.952248863883461
3019799,5.8937077950226495
3021581,7.549408606441386
3023363,4.885853843718254
3025145,4.432892797395635
3026927,3.393760261856059
3028709,4.308972957895374
3001980,2274.0632252872615
3003762,2164.9924060932085
3005544,2369.0838066690903
3007326,3339.10075128638
3009108,3706.1079797758753
3010890,2425.4179105555327
3012672,2429.7928950997966
3014454,2050.1046776734997
3016236,1944.3733267812727
3018018,2472.7067867763803
3019800,3286.2999930257433
3021582,3762.0932703531735
3023364,2248.600574803582
3025146,2282.9587386944145
3026928,2218.302696897521
3028710,1923.5333978431863
3001981,0.029979953598411293
3003763,0.02820144792028836
3005545,0.01656978105977184
3007327,0.03925186841605
3009109,0.03312408549034745
3010891,0.023235058061867098
3012673,0.023235058061867098
3014455,0.022957448525091902
3016237,0.02820144792028836
3018019,0.0174584744137203
3019801,0.012537335475794711
3021583,0.03402725074834105
3023365,0.028526684968411212
3025147,0.028526684968411212
3026929,0.017505042152111266
3028711,0.023372282580750716
3001982,368.7589867795556
3003764,330.1994130991993
3005546,373.84344417441883
3007328,427.49567511166543
3009110,518.4871851440449
3010892,415.49501954245795
3012674,384.2715823361321
3014456,363.1511719001109
3016238,307.736653032747
3018020,351.5528279839431
3019802,464.30077485071894
3021584,499.9347837562666
3023366,357.72547902731475
3025148,346.270629711848
3026930,340.5960691653223
3028712,298.9753010014705
3001983,6.516864851133599
3003765,5.992160003796077
3005547,7.306313389438127
3007329,10.61117179357714
3009111,7.575348838730143
3010893,4.437648821490295
3012675,5.275270896662602
3014457,5.027641783716987
3016239,5.951038882680491
3018021,7.25933611491023
3019803,11.998320278538484
3021585,8.361989047200893
3023367,5.070178191346935
3025149,5.642760567637158
3026931,6.0203897813902385
3028713,6.1076964967449285
3001984,735.965134696251
3003766,688.5298590955459
3005548,748.3759682292272
3007330,999.966744460879
3009112,1098.9838508258713
3010894,769.9876407059692
3012676,791.4909036599122
3014458,754.130036092664
3016240,617.5317734100233
3018022,807.8003347852732
3019804,977.3789983878993
3021586,996.1632586036759
3023368,650.4974134947352
3025150,738.4268173115913
3026932,727.6357280925645
3028714,580.5101356233015
3001985,685.0492761094893
3003767,598.3563684551173
3005549,687.7878079968109
3007331,873.8740242665159
3009113,985.9334010055587
3010895,731.6505333924663
3012677,717.3827106183996
3014459,652.3514936723736
3016241,548.4408014382424
3018023,642.6240555420095
3019805,859.9138308798656
3021587,980.9420909222454
3023369,668.116154096818
3025151,631.7880820143438
3026933,629.6519751534057
3028715,560.7092003285424
3001986,172.5365708297349
3003768,180.076361618016
3005550,227.0634993180456
3007332,268.72350484219555
3009114,264.1836034508333
3010896,185.08678623154307
3012678,191.18772646454585
3014460,168.3707670064462
3016242,164.4089765382621
3018024,200.1763081836624
3019806,268.6447369305745
3021588,264.57144558283375
3023370,170.45949907749804
3025152,173.22854958256937
3026934,172.77951517183445
3028716,167.34058473948534
3001987,118.34363592386133
3003769,102.4099597886262
3005551,141.27587167435016
3007333,171.28023776566044
3009115,204.31830261244687
3010897,138.69945557460596
3012679,129.7297962682449
3014461,114.7949182358351
3016243,106.13920115096877
3018025,144.4893895211284
3019807,163.22787699998742
3021589,207.764289593514
3023371,124.00700860205437
3025153,125.10762223769851
3026935,113.08261792412371
3028717,103.58230848096693
3001988,75.94941913781729
3003770,67.06016694344216
3005552,89.48446340611245
3007334,112.82384922135043
3009116,109.40103239989988
3010898,77.86729256627409
3012680,74.62864943292547
3014462,73.0958612770987
3016244,63.275550390510034
3018026,93.13171871499702
3019808,114.61197717284975
3021590,112.48730340566158
3023372,70.41354096939405
3025154,66.33338748202685
3026936,70.81949124237767
3028718,66.37328010057755
3001989,2967.5404605632484
3003771,2938.8499669039734
3005553,3291.316165532305
3007335,4254.591374195358
3009117,4860.927092116387
3010899,3445.879394677435
3012681,3652.5002252109352
3014463,3147.9697636730757
3016245,2852.4794467697125
3018027,3371.5915609956755
3019809,4318.797848267236
3021591,4875.667398477946
3023373,2984.012730958963
3025155,3199.4023977455454
3026937,2972.107551452775
3028719,2658.4021025229936
3001990,25.22214846613631
3003772,21.271671207157308
3005554,29.637223633360726
3007336,38.648198082632206
3009118,35.498155336458545
3010900,21.155887677977056
3012682,22.03493467959993
3014464,27.359062166607618
3016246,24.0221310706453
3018028,24.807729251106885
3019810,35.237481439830006
3021592,35.17050292437301
3023374,20.02655718577526
3025156,21.532802993075535
3026938,21.012824792292335
3028720,20.825843920379473
3001991,1.2314407627673525
3003773,1.1635327133436388
3005555,1.0873258975592721
3007337,1.1913050354017174
3009119,1.4517655727399212
3010901,0.9931965503461266
3012683,0.8200542699339095
3014465,0.7966944236332583
3016247,0.7086886349020658
3018029,0.8241908074149831
3019811,1.1891579306740385
3021593,1.57744172595143
3023375,0.778507883069367
3025157,0.6200008180481349
3026939,0.6537906095744574
3028721,0.733370532955024
3001992,10.246092690269041
3003774,8.163968274330443
3005556,15.310585103498983
3007338,18.801251565603728
3009120,17.729642654311053
3010902,10.415202120415774
3012684,10.190361340608597
3014466,13.095355387887182
3016248,12.127043320964278
3018030,13.816907725396645
3019812,19.22154173141262
3021594,22.28617141227513
3023376,12.273436584765586
3025158,14.644875521694786
3026940,12.801427165527622
3028722,10.095576648413548
3001993,17.699270935814866
3003775,10.643860686003835
3005557,13.34778786121549
3007339,20.804232810069934
3009121,16.614889817779066
3010903,9.758048014200828
3012685,11.406145812998943
3014467,13.150059531324876
3016249,7.841312310307856
3018031,12.246939980600523
3019813,14.002692459173307
3021595,14.632180723906396
3023377,9.69353280224829
3025159,10.753376946369636
3026941,10.545466631976115
3028723,10.89824837569533
3001994,0.11779212521112543
3003776,0.15836673887641275
3005558,0.16044772349207295
3007340,0.2116090598847692
3009122,0.2517058600570661
3010904,0.1514199011003089
3012686,0.10750513482783249
3014468,0.11295089998205707
3016250,0.09286930542566564
3018032,0.09179683015821002
3019814,0.10937096330991783
3021596,0.3351126694249228
3023378,0.11855032123984931
3025160,0.13624609272687427
3026942,0.1441687731863765
3028724,0.1359938162620506
3001995,264.357158799971
3003777,246.33351412720003
3005559,245.43285598976857
3007341,331.1061203972792
3009123,371.0378271742917
3010905,243.62228782212725
3012687,252.20209746524452
3014469,201.08460917895238
3016251,185.94293015961887
3018033,193.12599909602585
3019815,274.886228805075
3021597,295.3858936262683
3023379,186.38186647606906
3025161,190.83861995029824
3026943,172.0628872395034
3028725,153.66761188900486
3001996,14.091966334527362
3003778,12.844686835591135
3005560,15.908912830796968
3007342,25.056285987545937
3009124,29.029530606981076
3010906,16.832913840648718
3012688,17.873645235554292
3014470,14.519012817692555
3016252,12.4593915668578
3018034,13.864443283209749
3019816,23.133211573402562
3021598,23.981800041819962
3023380,12.441266776493773
3025162,13.797990060222357
3026944,15.231272296625257
3028726,14.105774655424925
3001997,27.439365951794635
3003779,15.30975079694041
3005561,23.617973108564613
3007343,24.707516016983014
3009125,21.58431745856189
3010907,13.675249104009723
3012689,13.655041821528542
3014471,24.684966065015796
3016253,13.697678938144838
3018035,21.32588225701225
3019817,28.413329691082524
3021599,23.394040484714274
3023381,11.352527155849979
3025163,15.565823711532953
3026945,25.238470046505572
3028727,13.407609327431706
3001998,8.217817432834456
3003780,1.4971122139982898
3005562,1.5172106522052768
3007344,2.1102470488662983
3009126,3.4503272318076412
3010908,3.01371636139993
3012690,2.65701482104646
3014472,2.3694740647658654
3016254,2.331979029838605
3018036,2.3743077996715916
3019818,3.2019419914047003
3021600,3.4476688630520638
3023382,2.3406011197135337
3025164,1.8798116863968422
3026946,1.72318577413475
3028728,1.8180848510605072
3001999,52.01501831321269
3003781,56.65212270749471
3005563,138.00033063788675
3007345,177.30139443556246
3009127,75.01014380203429
3010909,44.92788374265577
3012691,51.975167352964014
3014473,57.38440942998849
3016255,46.88696621597133
3018037,134.34200289049332
3019819,179.62680811062106
3021601,83.0737572346203
3023383,35.75257106939429
3025165,45.38968976633558
3026947,63.431457862005686
3028729,67.86762130174674
3002000,5.423907467632135
3003782,5.405675940795947
3005564,5.246286460286173
3007346,8.268075091083974
3009128,6.002853922945406
3010910,4.954283433355561
3012692,4.76941021704166
3014474,5.203498059597415
3016256,5.460718334394304
3018038,6.491739940287239
3019820,9.964016291719766
3021602,8.540944901354734
3023384,6.993283438870139
3025166,7.571071516239911
3026948,5.612621364053961
3028730,5.362658081726963
3002001,284.0076532913201
3003783,345.2297199184712
3005565,593.2058488090388
3007347,355.8827435755966
3009129,445.0512810581066
3010911,360.9534886774052
3012693,413.23130862644865
3014475,320.60678145506307
3016257,337.79760806565895
3018039,595.9063031440379
3019821,367.46656027621225
3021603,362.7060201296604
3023385,305.94203278817366
3025167,331.71793867184704
3026949,328.34405804254703
3028731,269.43429186199967
3002002,212.1400536813606
3003784,203.4452718414957
3005566,203.07103551431453
3007348,300.19568559455223
3009130,388.5775810905143
3010912,254.09931234251624
3012694,236.1832012164038
3014476,224.1119270416104
3016258,200.33215832755647
3018040,213.47811288428824
3019822,325.207987574821
3021604,355.91073855675444
3023386,211.8175928959939
3025168,234.79947896402211
3026950,219.65578543828389
3028732,186.59775127310493
3002003,4.339042981364503
3003785,3.5183085805116168
3005567,4.575349175281765
3007349,9.254869223860263
3009131,9.087435698957771
3010913,6.437740862683505
3012695,4.825747179320443
3014477,4.827899727774625
3016259,4.744507209602299
3018041,4.756647423529119
3019823,8.475958715260557
3021605,9.678436666219893
3023387,4.963785163485251
3025169,4.430174695717278
3026951,4.97632104018732
3028733,5.7360836526641865
3002004,7.382216503194341
3003786,8.674544137231818
3005568,7.830170412510025
3007350,9.602555064700043
3009132,11.602226514508432
3010914,7.298483997719645
3012696,7.013163072302964
3014478,7.100245420843434
3016260,7.737510305600095
3018042,7.529206275274866
3019824,10.787860663588097
3021606,13.725978541090615
3023388,7.57192482633736
3025170,6.770174366246498
3026952,7.2746873194322195
3028734,5.980861736213278
3002005,320.36722304900957
3003787,291.20398599191265
3005569,474.6539464285008
3007351,417.3673161698316
3009133,484.303262080385
3010915,359.0717682323279
3012697,376.99166394381774
3014479,315.77859718508887
3016261,268.16136142367924
3018043,469.062473302128
3019825,436.94335369181056
3021607,478.0402603747145
3023389,335.4352311822537
3025171,331.12421903340083
3026953,325.4589589511307
3028735,269.00581958936874
3002006,39.837528894964656
3003788,39.84215615506399
3005570,40.73401785936617
3007352,53.54237742221704
3009134,51.00438265102634
3010916,47.96343795444074
3012698,46.724487562885905
3014480,47.83551352159251
3016262,37.486222192145284
3018044,46.52964211545388
3019826,65.33074367980765
3021608,65.36411029965309
3023390,43.38924667740225
3025172,55.5697595838488
3026954,52.26504727020819
3028736,41.497003913884924
3002007,2870.2768391469845
3003789,1749.0202412265837
3005571,1918.0965211168857
3007353,2690.3353491242033
3009135,2974.5083080359386
3010917,1907.4096456486175
3012699,1963.3579257213096
3014481,2753.072576497923
3016263,1584.6815945592425
3018045,1906.7672719168613
3019827,2673.7229071178217
3021609,3041.7544813256904
3023391,1782.684448285302
3025173,1927.9371815444927
3026955,2911.3974912948843
3028737,1573.4722555011465
3002008,50.80073574425174
3003790,0.09238982033097257
3005572,0.05160812313111123
3007354,0.06982597424628234
3009136,0.09750607814642046
3010918,0.07606348918554645
3012700,0.07319046617049553
3014482,0.07589042432128165
3016264,0.09238982033097257
3018046,0.049023973120675975
3019828,0.06719705693221582
3021610,0.09480914163469935
3023392,0.0977852276219264
3025174,0.1408340061965491
3026956,0.10960026455175519
3028738,0.1391992789666498
3002009,19.452472298954135
3003791,19.314272759443288
3005573,29.566080458174223
3007355,28.443050802549212
3009137,33.40521502064204
3010919,21.017813705616252
3012701,19.35057882407916
3014483,20.2278373478885
3016265,20.940413078885417
3018047,29.442613106200188
3019829,28.19458910549826
3021611,33.440510963721565
3023393,21.888509804516335
3025175,21.87913478883221
3026957,21.89866448954757
3028739,19.58316309985564
3002340,3.962248094707215
3004122,4.093288102843965
3005904,4.229260749080658
3007686,6.0936215260459505
3009468,7.672664974667542
3011250,4.577265441331957
3013032,5.4730558598241
3014814,5.138397918933471
3016596,4.926800470148205
3018378,4.831353771381802
3020160,7.867087014762349
3021942,8.52197622235805
3023724,4.469522218830437
3025506,5.45017268378647
3027288,5.18225659139361
3029070,4.837005177976435
3002341,0.20385689899952036
3004123,0.21089869107802048
3005905,0.17393798728575274
3007687,0.21854505689091297
3009469,0.32436379013166095
3011251,0.12273931939837189
3013033,0.2539330395607172
3014815,0.3065045421998223
3016597,0.33193815359031925
3018379,0.32600983235979814
3020161,0.4634644628649903
3021943,0.579365690658213
3023725,0.3261500145495019
3025507,0.2128737969078076
3027289,0.14460766422376722
3029071,0.08884214608072066
3002342,4.4546646810850925
3004124,4.417558222735638
3005906,4.228113498313127
3007688,7.502947416873468
3009470,10.292914887527571
3011252,7.967992828230809
3013034,8.409150390457016
3014816,5.282497432144848
3016598,4.642705918101536
3018380,4.795794356288955
3020162,7.445990640285178
3021944,6.729056236101443
3023726,6.463012447986511
3025508,5.024867833515645
3027290,5.858764811949589
3029072,4.093439092916648
3002343,1831.849072618837
3004125,1697.1759133875437
3005907,1800.763698263283
3007689,2263.265793411691
3009471,2676.858738000967
3011253,2000.2238785421655
3013035,1757.6410012234303
3014817,1935.056797565539
3016599,1540.1859880560266
3018381,1696.929237006732
3020163,2335.225150034794
3021945,2520.522323810734
3023727,1769.1464987448317
3025509,1739.1863385419713
3027291,1917.0789126471177
3029073,1541.0081974054103
3002344,0.022467569470554324
3004126,0.020702035712691542
3005908,0.017107815452231234
3007690,0.005334845950553056
3009472,0.025086720723129834
3011254,0.01620303417682449
3013036,0.01620303417682449
3014818,0.01645385635762277
3016600,0.020702035712691542
3018382,0.017037953645469662
3020164,0.0052657927905326
3021946,0.025016310871480842
3023728,0.021458295199982994
3025510,0.021458295199982994
3027292,0.01197525279697171
3029074,0.015908092947069852
3002345,324.0603562874423
3004127,310.62273089190796
3005909,315.9107424920388
3007691,338.06781505701247
3009473,428.8141502876906
3011255,375.1400872958654
3013037,341.42218453368406
3014819,351.842329752681
3016601,291.3906751087289
3018383,349.980825817899
3020165,404.7108713332746
3021947,429.74363751033013
3023729,353.3095874971163
3025511,354.6638578150815
3027293,356.4233627337637
3029075,310.52962310167084
3002346,16.072476891728247
3004128,17.994481313471745
3005910,23.14156289777258
3007692,27.856965351578587
3009474,20.818511058858316
3011256,19.084175595302103
3013038,18.904651245305367
3014820,18.315080324020656
3016602,16.867313485529706
3018384,26.343671324601143
3020166,29.66156963384336
3021948,20.63076975834846
3023730,17.343677015348163
3025512,18.79164328844
3027294,20.689228227803216
3029076,22.733443462003564
3002347,894.622307272148
3004129,814.1203636602536
3005911,846.4015672806256
3007693,1164.9128486380187
3009475,1176.884453439646
3011257,965.8213146083863
3013039,840.7076907443072
3014821,918.3489570675085
3016603,668.2056451935803
3018385,835.2356197559798
3020167,1085.5758691800797
3021949,1050.3648684291827
3023731,870.0684399672016
3025513,770.2543120570775
3027295,785.8360313934517
3029077,685.8459291637753
3002348,533.8121943940081
3004130,455.8109930002535
3005912,469.19516210004616
3007694,547.5153555381229
3009476,722.3265617224414
3011258,621.6085265664655
3013040,504.00601340016175
3014822,512.7089417826286
3016604,431.6342572223714
3018386,480.4082173554269
3020168,609.5389754929597
3021950,723.1797524797145
3023732,542.5754522278745
3025514,508.2452135842517
3027296,535.5561100141219
3029078,477.2100530368612
3002349,206.9613372241896
3004131,201.3107384199287
3005913,226.65421862492383
3007695,237.88474525122734
3009477,273.1586774615555
3011259,237.92322475937985
3013041,225.6300938342579
3014823,219.92085674473864
3016605,184.3882585938754
3018387,214.96192971088107
3020169,260.0441438863492
3021951,261.7340727583139
3023733,213.75745511305487
3025515,207.2877282076973
3027297,220.41458914221974
3029079,193.50604782064087
3002350,85.31217687482051
3004132,69.80829053471811
3005914,92.19075887981823
3007696,93.62637242956768
3009478,119.53289969094118
3011260,89.34171663959502
3013042,85.46142062756722
3014824,81.75216562499236
3016606,57.45078010684863
3018388,95.54838730183735
3020170,95.59063612190153
3021952,109.73463510209692
3023734,82.22882068924746
3025516,79.86248109463287
3027298,75.15196415098039
3029080,66.11954254429786
3002351,74.58865425513565
3004133,64.3181689610901
3005915,97.87248271235691
3007697,116.83045932027538
3009479,88.88302171992684
3011261,78.6854958326278
3013043,68.23904514724555
3014825,67.33224699634285
3016607,64.37311350003455
3018389,95.36433034877496
3020171,118.74824245098537
3021953,96.11795406938346
3023735,70.33359568207023
3025517,68.38405273324472
3027299,72.13101697454387
3029081,70.29088548751395
3002352,2820.3764233287707
3004134,2499.32802504687
3005916,2894.645000200463
3007698,3451.8785487171654
3009480,3944.8959285620836
3011262,3271.0018805451396
3013044,2773.808416922646
3014826,2853.054076198537
3016608,2408.3894958512024
3018390,2912.6165432406233
3020172,3688.01888933357
3021954,3752.0693384554056
3023736,2898.3920668221185
3025518,2822.391100109043
3027300,2947.1998423148184
3029082,2490.481013021962
3002353,61.592209917289715
3004135,56.87952834856205
3005917,56.32723325813747
3007699,53.49737751279756
3009481,68.93003907829589
3011263,46.46240855406848
3013045,49.32054571399907
3014827,42.46319476874085
3016609,29.033616164113482
3018391,31.29819617863221
3020173,48.40364652745211
3021955,44.929464006246626
3023737,31.583826017820456
3025519,31.56096896005429
3027301,24.62132757045152
3029083,20.21472012393577
3002354,0.6982019096757728
3004136,0.7316564592246673
3005918,0.8643563802048138
3007700,1.178046797439027
3009482,0.9072898605837136
3011264,0.6708440765262254
3013046,0.7530634929483078
3014828,0.7629693580907322
3016610,0.772945025920206
3018392,0.9332448756694149
3020174,1.6125368468796948
3021956,1.5907259730767334
3023738,1.0089417167146602
3025520,0.9967367013279353
3027302,1.0353359928103592
3029084,0.8770128989811534
3002355,22.43399856404125
3004137,24.572065084490937
3005919,28.449467988405914
3007701,29.587823034464922
3009483,27.17852533391779
3011265,19.903856890665445
3013047,20.961605122096422
3014829,20.321440301801317
3016611,21.132676039618545
3018393,23.129113366110634
3020175,29.376651709896283
3021957,28.344423354419746
3023739,22.830932447749007
3025521,23.76975497021068
3027303,25.994177761025796
3029085,22.594382148187215
3002356,26.472255723152088
3004138,20.894584593942874
3005920,21.059879165289562
3007702,25.302878879063964
3009484,25.295532264032722
3011266,20.125586552464153
3013048,21.267837663098394
3014830,19.175839525804086
3016612,17.32549812081832
3018394,19.25596638401291
3020176,24.85711751089766
3021958,29.70162266486452
3023740,20.630281395962474
3025522,20.43062079493
3027304,21.664614333711565
3029086,20.16002199145788
3002357,0.1900835498646439
3004139,0.19273902391936645
3005921,0.18014996161795027
3007703,0.26930502685446245
3009485,0.17945260053890524
3011267,0.23649398689189857
3013049,0.16509518116330937
3014831,0.17185710135030668
3016613,0.1507126293096045
3018395,0.1642718112593635
3020177,0.15715776100162215
3021959,0.17956769547266246
3023741,0.15446614272671574
3025523,0.15129632859893194
3027305,0.16407064858802897
3029087,0.14530806432239304
3002358,239.34551392834032
3004140,227.0759575226581
3005922,235.06298681831672
3007704,277.0256284227143
3009486,337.2781426815814
3011268,257.7461276668801
3013050,224.59017135851678
3014832,204.87592778639515
3016614,173.52641731220265
3018396,179.79526292899996
3020178,246.4047533044531
3021960,269.2089417974653
3023742,215.56733791631814
3025524,193.06027464116013
3027306,182.72997009144854
3029088,139.18368293953316
3002359,9.015712578933256
3004141,10.124906762577721
3005923,12.073284610634408
3007705,17.434798347904508
3009487,21.58936097366335
3011269,11.874124809927514
3013051,11.992394571675527
3014833,9.836183136938786
3016615,10.050166816718303
3018397,9.172271608833091
3020179,14.395803295909655
3021961,18.014120927635005
3023743,9.407342535187194
3025525,8.286878196876806
3027307,8.375848696180215
3029089,7.320914670149405
3002360,15.438597872363847
3004142,7.115309454020817
3005924,8.035469634514797
3007706,11.638098171651352
3009488,11.525641716577528
3011270,6.003577440655128
3013052,5.694024569214254
3014834,9.787040491242928
3016616,7.47968287106344
3018398,8.353311524800349
3020180,10.402507455048248
3021962,10.580686431927605
3023744,6.385927716968569
3025526,4.877737681801726
3027308,10.77942953497313
3029090,5.20622439983574
3002361,13.521262665533401
3004143,10.687324527161431
3005925,11.596686499204463
3007707,12.355406110728193
3009489,12.9143552046302
3011271,10.639440951044362
3013053,9.131569416028201
3014835,7.532456182701447
3016617,7.625912118063766
3018399,8.414004870189176
3020181,14.385847056821119
3021963,16.137571790565467
3023745,10.485970941565679
3025527,9.221590680257307
3027309,8.809994219115117
3029091,8.264651131376842
3002362,51.99821549026976
3004144,52.49089075843883
3005926,71.92461793630983
3007708,116.34212600784318
3009490,61.197383113240036
3011272,38.25804081518073
3013054,40.390523936048645
3014836,43.16850094725498
3016618,52.56781401911221
3018400,80.92906213011334
3020182,121.36258975274845
3021964,70.97374311873817
3023746,38.700035083121506
3025528,46.46272447735533
3027310,48.029889449209584
3029092,60.08843306178224
3002363,4.851666664198114
3004145,3.4292459985620862
3005927,4.714493145609236
3007709,7.891321890783448
3009491,7.822555180309726
3011273,4.955094144010406
3013055,5.2052243704682795
3014837,4.937724996471297
3016619,4.615687123367786
3018401,5.588074878124195
3020183,9.386407180773391
3021965,9.224661440395217
3023747,5.150540346340655
3025529,5.632207804477608
3027311,6.91972371169259
3029093,6.1119698214080795
3002364,240.826825494911
3004146,221.99437846519615
3005928,320.47249967659354
3007710,233.71835706133672
3009492,284.14453922488286
3011274,264.9156674635423
3013056,246.72776568796505
3014838,233.59315428953684
3016620,210.18183459905873
3018402,313.54586770722017
3020184,271.434029396706
3021966,256.1239912235638
3023748,257.0992556618899
3025530,221.98711356626097
3027312,204.77809604829315
3029094,221.59685208328267
3002365,261.7061155550082
3004147,214.4971666411448
3005929,213.91676414554112
3007711,282.94145788715895
3009493,359.9383775012193
3011275,279.5831835184857
3013057,282.76013607817345
3014839,235.34350245910255
3016621,199.19930289199553
3018403,208.42660409515133
3020185,325.51206766822673
3021967,358.67344499311497
3023749,221.5803800368775
3025531,261.6525906691905
3027313,231.73202661672724
3029095,189.1722806709236
3002366,3.674891684488733
3004148,3.1724050419782213
3005930,2.9987247258448537
3007712,3.3601367352643914
3009494,4.2800338927269275
3011276,2.4884480924998496
3013058,2.8734474644192907
3014840,2.487308649013627
3016622,2.8160135138209426
3018404,3.537506116442465
3020186,5.220815534702141
3021968,6.105406547549851
3023750,4.178032095759649
3025532,3.4709558414172967
3027314,2.7456699656116
3029096,2.7464544413110783
3002367,7.01631225928209
3004149,7.3132385801309745
3005931,6.971713311093421
3007713,8.917900980058455
3009495,9.077576296107939
3011277,6.818046790032485
3013059,6.476547973662525
3014841,5.899969715237475
3016623,7.167895329965619
3018405,6.250174690695102
3020187,9.289443835170253
3021969,11.156030682161894
3023751,6.844553831599321
3025533,5.916185149885549
3027315,5.732851696822004
3029097,6.137969058411863
3002368,227.49794345207533
3004150,162.41217411453525
3005932,292.02730444706634
3007714,236.21953000468886
3009496,284.885801425534
3011278,227.31078693929226
3013060,234.57823674315074
3014842,220.56239091123214
3016624,171.30829909518766
3018406,293.9129256956528
3020188,258.6878788963827
3021970,261.3260932882625
3023752,193.194595493188
3025534,207.63426935955104
3027316,204.0135019034399
3029098,201.48106876640364
3002369,48.88373560011013
3004151,46.956593488393686
3005933,51.772681532750724
3007715,57.87323251401078
3009497,61.126870113487456
3011279,56.23968165428154
3013061,51.40946271072106
3014843,50.27548843913613
3016625,54.667482038638525
3018407,57.57315951256139
3020189,65.79913541860934
3021971,61.77179132417768
3023753,56.532177348157994
3025535,51.1493024376736
3027317,50.61241292439146
3029099,51.61530377505745
3002370,2012.0275320207297
3004152,1294.9473774262826
3005934,1420.0107198852602
3007716,1714.212926342381
3009498,1883.1591686581198
3011280,1395.041304748891
3013062,1395.318858218408
3014844,2034.9927136378128
3016626,1214.4593363665138
3018408,1516.7130368502533
3020190,1756.028040895602
3021972,1781.4741964685584
3023754,1365.1690980475144
3025536,1288.0106708411513
3027318,1983.2040214389108
3029100,1224.6148421034816
3002371,66.43246391616684
3004153,0.5863708756279342
3005935,0.5457604802074929
3007717,0.5616151195944388
3009499,0.6790075847000296
3011281,0.6315854566101691
3013063,0.5108874664220646
3014845,0.459792839794119
3016627,0.5164257483209997
3018409,0.3619186992793758
3020191,0.50507809294901
3021973,0.6162898008043227
3023755,0.5136671553783276
3025537,0.5019668251070526
3027319,0.4597504445174055
3029101,0.45370619497360365
3002372,7.981821837709637
3004154,6.808972214466733
3005936,11.682899018611577
3007718,8.918718327558086
3009500,9.36177417190353
3011282,6.854274040327785
3013064,7.990178338901103
3014846,7.7520409764617835
3016628,8.893143570519014
3018410,14.015944276118006
3020192,9.377637415182221
3021974,11.576932207341905
3023756,8.527861385802646
3025538,8.335928498280122
3027320,10.51217868300609
3029102,9.62520860679809
3002538,3.885505767384095
3004320,4.111977213332814
3006102,4.366190621358375
3007884,9.141746956365063
3009666,10.99792394930308
3011448,5.595637656053937
3013230,5.677097119520728
3015012,5.582095417311103
3016794,4.930057272657765
3018576,5.105444933425175
3020358,8.553515291901963
3022140,8.505715148004487
3023922,4.598913827161569
3025704,4.925863744163437
3027486,5.360096224787293
3029268,5.029113847507854
3002539,0.07615414496629014
3004321,0.07860100148438795
3006103,0.06416251355511894
3007885,0.04171779200042949
3009667,0.06828896110953508
3011449,0.10496621011247335
3013231,0.06639481451603173
3015013,0.06596921546966138
3016795,0.07860100148438795
3018577,0.06534673087412284
3020359,0.04287703246895545
3022141,0.06947777040635972
3023923,0.0759241756882261
3025705,0.07538710222582756
3027487,0.06734542661405632
3029269,0.07353512399307098
3002540,6.304065053678739
3004322,5.784117449013123
3006104,5.692892361660219
3007886,8.08446890260024
3009668,11.096333938052572
3011450,6.743438996328409
3013232,5.731282143262221
3015014,6.968806656144862
3016796,5.330881436506901
3018578,5.449490418679341
3020360,8.407989832816074
3022142,10.709941524245453
3023924,6.050355136985374
3025706,6.521982595036338
3027488,4.955308813540557
3029270,5.653722225445993
3002541,3151.2043343850555
3004323,2805.951866500913
3006105,3168.4765419193955
3007887,4472.862803704656
3009669,5453.44597321396
3011451,3631.454806909211
3013233,3352.135064555691
3015015,3096.206321470334
3016797,2800.0563474975966
3018579,3335.009491833155
3020361,4597.709835501713
3022143,5052.32443421097
3023925,3143.695786988589
3025707,3086.1165596222027
3027489,3083.8294115091576
3029271,2687.197474164607
3002542,0.05614063835204624
3004324,0.05669441678851774
3006106,0.04716724418864533
3007888,0.02508097736602775
3009670,0.047512929922548845
3011452,0.04965204807307935
3013234,0.0491280889758579
3015016,0.04992887477577326
3016798,0.05669441678851774
3018580,0.04709531769811095
3020362,0.025010567908871163
3022144,0.047440979687992865
3023926,0.055080289586435315
3025708,0.05455362085174109
3027490,0.04530277673148902
3029272,0.051731428200669026
3002543,489.3736233120317
3004325,476.62182021943386
3006107,491.5951280947459
3007889,632.3914653043674
3009671,715.6617591976951
3011453,556.8372548385495
3013235,545.2239726769722
3015017,547.9865760233738
3016799,451.6405043682219
3018581,504.749329078497
3020363,686.6395853739509
3022145,706.4961415142551
3023927,543.2169796340835
3025709,514.5975308591811
3027491,556.7450095961091
3029273,462.15697742187814
3002544,8.780288309181081
3004326,12.281830763212058
3006108,13.801915766027767
3007890,19.867803208668786
3009672,10.632072159014028
3011454,9.250972541769242
3013236,9.077540406169307
3015018,14.319542674064456
3016800,15.968898561696271
3018582,16.011913793951386
3020364,18.14607274983898
3022146,10.689914010233107
3023928,11.26829131653725
3025710,11.748021113753033
3027492,10.576395384956705
3029274,10.151463261274584
3002545,1170.8940001123635
3004327,1090.7089099367597
3006109,1309.749207010337
3007891,1451.2338940132913
3009673,1707.7135701963002
3011455,1240.3113021170918
3013237,1324.521959724858
3015019,1145.4616432180726
3016801,933.4763528911454
3018583,1332.3445932787934
3020365,1438.1621148649726
3022147,1583.7303642435666
3023929,1050.5795273743142
3025711,1052.5876236877364
3027493,1104.4323639942459
3029275,862.734371320226
3002546,898.4195411933099
3004328,760.753742233285
3006110,857.8488891401845
3007892,1112.264137972899
3009674,1340.1090929081274
3011456,951.2887727963467
3013238,926.3327804718758
3015020,907.262847840681
3016802,743.846474086874
3018584,864.6902666097342
3020366,1145.5161132795063
3022148,1380.1179798095854
3023930,888.2714364311234
3025712,846.7031927378298
3027494,868.986607745309
3029276,763.0750365624067
3002547,306.26175386740357
3004329,267.4046998081403
3006111,381.34763771542646
3007893,397.3110928183351
3009675,475.27094697004713
3011457,354.7395739368664
3013239,363.7983301670916
3015021,272.20209673141557
3016803,258.9483321823384
3018585,349.5929900154031
3020367,372.19329618560255
3022149,441.44127758342114
3023931,292.75230236958913
3025713,322.5256319256534
3027495,319.11150915167144
3029277,256.30092655872744
3002548,165.86593915533706
3004330,129.98569876388208
3006112,180.54133108858298
3007894,211.33893943678328
3009676,265.8717146459976
3011458,178.91774883016538
3013240,156.83193260383126
3015022,168.44691127054875
3016804,131.81255840469936
3018586,184.70198098974123
3020368,209.23898775308626
3022150,257.80450113826214
3023932,160.41716196887305
3025714,152.39395258487647
3027496,159.06938170993982
3029278,126.4982709391174
3002549,120.61475178599255
3004331,100.4445292416713
3006113,130.97222193199516
3007895,183.0973182023185
3009677,147.77823766883475
3011459,117.30971579821394
3013241,121.10773774735578
3015023,108.10387918195943
3016805,98.34768195653109
3018587,130.23561897875763
3020369,190.96063192110438
3022151,174.09718138670823
3023933,102.67241625576825
3025715,103.99444721220283
3027497,119.01822396207166
3029279,103.2667395686274
3002550,4479.963554986156
3004332,4001.1594014161687
3006114,4377.855100771284
3007896,5502.888708535288
3009678,6748.432766006378
3011460,4834.210106393091
3013242,4489.400807602484
3015024,4365.956432587724
3016806,3946.846952118731
3018588,4463.824223560848
3020370,6036.401335414527
3022152,6801.980710494986
3023934,4536.123145351622
3025716,4585.6157006137255
3027498,4413.173100442576
3029280,3976.986123511701
3002551,29.47027943671102
3004333,29.831134602524365
3006115,29.240767029754576
3007897,38.275225788671044
3009679,40.75376278972584
3011461,27.51869882931787
3013243,32.87889543570432
3015025,28.477852303636645
3016807,30.18200631598524
3018589,32.03404163518737
3020371,47.15217138882239
3022153,43.1946987314575
3023935,32.615205351756934
3025717,29.003665976395123
3027499,30.633779804800668
3029281,31.11973388742362
3002552,0.82985110055145
3004334,0.8414892101976836
3006116,0.8369225605397526
3007898,0.8845006322912452
3009680,1.1884274058918494
3011462,0.7286569461388952
3013244,0.7495700471342877
3015026,0.7637724062380287
3016808,0.936132725609446
3018590,0.9086777681184186
3020372,1.523069012946383
3022154,1.445899208578313
3023936,0.9284130229152587
3025718,0.797546912538676
3027500,0.7438865666493761
3029282,0.7531117925611097
3002553,26.245298949259812
3004335,22.6010921992022
3006117,26.17443260701464
3007899,32.95349865274105
3009681,31.31664897361305
3011463,19.029198134495896
3013245,20.96852580373082
3015027,23.95364693751394
3016809,22.704808042862044
3018591,21.255590271200933
3020373,30.819129851112407
3022155,31.732926441053912
3023937,21.55732456348465
3025719,14.725798883511207
3027501,19.95961616389909
3029283,15.797518819782812
3002554,38.63859038578725
3004336,60.266675731168135
3006118,44.81659666720372
3007900,56.0867596659728
3009682,56.33631323150181
3011464,51.292994022537265
3013246,46.89061481505156
3015028,43.69807025571236
3016810,39.92384255951435
3018592,46.39968244707725
3020374,51.14447050839774
3022156,57.88126842027051
3023938,38.980517734146034
3025720,29.490842405091538
3027502,37.06782257671633
3029284,31.558780657753708
3002555,0.13655824289783267
3004337,0.1335094744297248
3006119,0.13563827945706233
3007901,0.13875718721651195
3009683,0.1746240818509318
3011465,0.15444828562242133
3013247,0.1473382345317994
3015029,0.1534443312245017
3016811,0.1335094744297248
3018593,0.135749098842671
3020375,0.13886831095558239
3022157,0.17473870560166882
3023939,0.1407755300020638
3025721,0.13374968709315177
3027503,0.14578022287148862
3029285,0.12818570769410595
3002556,376.71530164130667
3004338,347.4952704931392
3006120,345.446175001558
3007902,428.9337711944528
3009684,553.3424133083961
3011466,457.8881836849171
3013248,354.02751201783525
3015030,309.8284085836191
3016812,255.0836671311326
3018594,328.4679563314107
3020376,409.81993804160544
3022158,452.5766117262139
3023940,318.0110131087729
3025722,288.2148920006883
3027504,252.25220660659085
3029286,219.82541290423674
3002557,19.07618865221741
3004339,17.10026940705032
3006121,19.946052442562717
3007903,30.406739372175668
3009685,38.21205709487353
3011467,18.072661664186146
3013249,19.84004472851727
3015031,18.780644066744184
3016813,18.68471550332935
3018595,19.27635250326162
3020377,27.219013133482253
3022159,37.77105784088794
3023941,17.233666176363027
3025723,18.938315653906614
3027505,15.87753221810203
3029287,15.184697182165081
3002558,26.38726733158402
3004340,17.05033248023145
3006122,18.602560516870966
3007904,21.037399791332614
3009686,18.541954747284755
3011468,10.291732589199299
3013250,9.880514930491048
3015032,17.869524992261937
3016814,13.972335606332155
3018596,15.314579808096422
3020378,23.494780836170815
3022160,23.603020169884907
3023942,14.03387296989429
3025724,10.678810946912261
3027506,21.593857405877298
3029288,14.835326375080488
3002559,11.61721414970292
3004341,13.376745305735714
3006123,10.607831870295923
3007905,13.186638415865762
3009687,13.658477123350657
3011469,13.988585089648353
3013251,10.680217042968318
3015033,16.327127559848154
3016815,18.976524623406213
3018597,12.244736124374038
3020379,18.091722442557074
3022161,19.573857394454315
3023943,14.13502105706397
3025725,19.804066837449245
3027507,10.509821181887986
3029289,10.792295536683643
3002560,76.4155576526802
3004342,72.51174799109573
3006124,145.96245765535102
3007906,213.55815136221005
3009688,85.2059590492614
3011470,47.90153498320181
3013252,56.136840095119375
3015034,73.20501375514851
3016816,67.91330034174305
3018598,134.29579027422213
3020380,199.89046621150626
3022162,97.0277235081765
3023944,48.641344540740555
3025726,58.31885936326768
3027508,63.35593129141192
3029290,77.58591303746569
3002561,6.1428593366715605
3004343,5.083948414344911
3006125,7.626753292064976
3007907,9.10218403019452
3009689,11.339401497969877
3011471,5.766079385357099
3013253,6.374168131067088
3015035,5.745251093074201
3016817,6.048926641236175
3018599,6.258627506785403
3020381,10.832458523465274
3022163,10.894706918247063
3023945,5.586624369696972
3025727,5.724095337769407
3027509,5.929238173731429
3029291,5.2790787763722955
3002562,386.55911500035444
3004344,350.21290584336435
3006126,720.1237097576391
3007908,471.92615050996903
3009690,562.4015611597312
3011472,442.68040592680677
3013254,447.34157413544204
3015036,428.63112397437015
3016818,407.9128792977905
3018600,717.7591713495981
3020382,535.7623411611919
3022164,552.4670682019763
3023946,403.1136578169363
3025728,409.6028599929349
3027510,423.97131235479617
3029292,375.99459337112927
3002563,262.2430139960544
3004345,246.95415227578096
3006127,265.8778719581465
3007909,371.4149320543297
3009691,495.3001093033218
3011473,344.6230216319611
3013255,298.72295895918546
3015037,323.9072270812172
3016819,257.2108849782626
3018601,282.54107167869915
3020383,382.01756800334
3022165,539.4458929917515
3023947,298.26020898550456
3025729,372.1905083138532
3027511,332.35156455958247
3029293,284.2114897454063
3002564,7.22971064552106
3004346,7.248145674996767
3006128,7.390843600476689
3007910,12.608020491821415
3009692,13.472971717104809
3011474,8.175353591200867
3013256,8.883163850464001
3015038,8.868361928953316
3016820,6.761355568435526
3018602,8.583629250391422
3020384,11.870348984185686
3022166,12.699142049189659
3023948,7.528703719594763
3025730,7.641720401350479
3027512,8.229700287177264
3029294,7.604100523329194
3002565,11.448580102003772
3004347,11.516082046803676
3006129,10.496402385408008
3007911,14.747431562133686
3009693,17.19597311032314
3011475,9.29786296523985
3013257,10.46977529973203
3015039,12.539527823718112
3016821,11.414443505947407
3018603,11.594362255573396
3020385,15.452218574696886
3022167,21.524282578354708
3023949,12.271810422466615
3025731,11.32294253918162
3027513,12.304585645401074
3029295,12.589371438838938
3002566,458.01917332966514
3004348,415.99100364468404
3006130,722.0607764394626
3007912,597.2819817869505
3009694,725.5461861893883
3011476,525.1988204094033
3013258,507.0983061911181
3015040,461.4550201126271
3016822,409.53818948174364
3018604,715.0137247207866
3020386,616.0199842675373
3022168,720.7238922895682
3023950,527.0354710903556
3025732,496.48945153284865
3027514,454.3660963678844
3029296,422.73715082237476
3002567,79.97408963952589
3004349,85.67246122177052
3006131,97.15982841601084
3007913,117.57897854874606
3009695,119.05734919237786
3011477,81.63598664484344
3013259,71.65654466569725
3015041,84.9204491842228
3016823,86.01598820843991
3018605,94.34977067789387
3020387,120.22072189541984
3022169,119.17861523433506
3023951,73.12578525417325
3025733,83.6217576844951
3027515,88.20017440007727
3029297,77.49137104197267
3002568,3309.234989750544
3004350,1842.1901981502695
3006132,2166.5387993281147
3007914,2765.846717165533
3009696,3285.2174820664404
3011478,2396.560326462974
3013260,1965.9337400532513
3015042,3436.1984924377434
3016824,1894.2391168584552
3018606,2029.703072416113
3020388,2969.6644025542632
3022170,3361.634401242394
3023952,2213.6228838368065
3025734,2064.210723027113
3027516,3507.069308635759
3029298,1820.2293391789412
3002569,62.02614632789798
3004351,0.13951957095375203
3006133,0.10022553936886176
3007915,0.11741763994811234
3009697,0.15132008554408372
3011479,0.1256023692593212
3013261,0.1187549576097918
3015043,0.12143961656991538
3016825,0.13951957095375203
3018607,0.09752192023878524
3020389,0.11467177412374538
3022171,0.14849091016436664
3023953,0.14832411429959452
3025735,0.1413384787568542
3027517,0.11593800310690244
3029299,0.13416757652998873
3002570,26.789194446601183
3004352,22.78005845906291
3006134,47.27806485382937
3007916,36.04984624735676
3009698,46.390333319002494
3011480,35.83664525078052
3013262,30.80986799830056
3015044,35.75028635410933
3016826,28.48291432822691
3018608,46.030853655352075
3020390,38.984083165649594
3022172,48.45193062983013
3023954,33.862800861446
3025736,31.84454237547986
3027518,35.144546066704216
3029300,29.267846340403715
3002571,4.330584687725837
3004353,4.886066725557226
3006135,4.021773164589256
3007917,5.242248229042643
3009699,5.786436375362355
3011481,4.832818786625302
3013263,4.06962030126808
3015045,5.052278921353658
3016827,3.794154730346463
3018609,4.204558641104913
3020391,4.986515378397925
3022173,4.95226985977649
3023955,4.2436750512965755
3025737,4.8484125009340495
3027519,3.920957112115059
3029301,3.7078083588656474
3002572,0.10644559025226102
3004354,0.058388902344029645
3006136,0.05384289294537342
3007918,0.024901784506622098
3009700,0.08896052880500134
3011482,0.04717100094378137
3013264,0.08217689513289848
3015046,0.04677329203380525
3016828,0.058388902344029645
3018610,0.05501562642305048
3020392,0.026042311849044677
3022174,0.04706321038792317
3023956,0.056001185406104416
3025738,0.05547405698408506
3027520,0.04812472043271746
3029302,0.052606156543907864
3002573,5.410880636970124
3004355,3.7405929439182266
3006137,5.377977742346373
3007919,5.602278458880496
3009701,6.352038856338549
3011483,5.9985702534691585
3013265,5.7045774298204925
3015047,6.613833568134204
3016829,5.118735391905534
3018611,5.695404032968329
3020393,6.990066077733126
3022175,7.530978862629709
3023957,4.49774087930708
3025739,4.8264791662436135
3027521,4.48804673368599
3029303,6.236420913436008
3002574,3930.7189444657956
3004356,3371.9609052098785
3006138,4406.959094772742
3007920,4080.6854190650793
3009702,4136.607311800281
3011484,3815.834933929435
3013266,3699.870733534328
3015048,3925.2700091786933
3016830,3381.7830317912267
3018612,4165.499307049488
3020394,4221.253479523166
3022176,4209.125157765148
3023958,3738.7856805357646
3025740,3727.404978745291
3027522,4146.239348072224
3029304,3384.8266472392197
3002575,0.05781799681905772
3004357,0.04498429791197078
3006139,0.10461212185213652
3007921,0.14929596892492847
3009703,0.25489758461547185
3011485,0.1487852161265014
3013267,0.14804744310778498
3015049,0.149130241724619
3016831,0.24441479920521111
3018613,0.147782750729203
3020395,0.17609413036316288
3022177,0.1409174553138529
3023959,0.08741362822368716
3025741,0.08392518170369616
3027523,0.09752046994788656
3029305,0.03927479118286547
3002576,625.6994043266346
3004358,501.5637772732107
3006140,679.481110771128
3007922,623.0863849345205
3009704,645.4161186100018
3011486,714.4568784380945
3013268,674.6005353504413
3015050,667.3124402943065
3016832,569.9984102532152
3018614,708.9175053282656
3020396,628.9689483908634
3022178,627.5514097357694
3023960,649.3474492142939
3025742,620.448117236025
3027524,657.209853204051
3029306,561.4652250632386
3002577,17.453439597441594
3004359,16.425719845788297
3006141,21.534904870053765
3007923,26.939219181455886
3009705,11.55957858679474
3011487,12.232681874398795
3013269,16.357088725163074
3015051,16.221104943839855
3016833,15.978917607969152
3018615,21.070778834630104
3020397,25.103733268222754
3022179,13.594087117025804
3023961,15.500537215363323
3025743,14.927459943075036
3027525,15.199569378354404
3029307,15.764476307883157
3002578,1081.2029637933308
3004360,905.1542997389689
3006142,1053.2935100590048
3007924,891.6171355126371
3009706,900.715471715567
3011488,1111.1524836339202
3013270,1066.8511148722612
3015052,1050.2508882329284
3016834,870.0098793554187
3018616,1006.8200793592146
3020398,793.8272558595153
3022180,919.0236209150959
3023962,1105.0723780193955
3025744,1049.7439699853871
3027526,1126.7351466112693
3029308,886.4887133415542
3002579,1372.9295426124509
3004361,1036.4120728301739
3006143,1348.170199435031
3007925,1145.657548910701
3009707,1181.4354440889888
3011489,1380.3756956041584
3013271,1258.4943541925902
3015053,1374.2669270875124
3016835,1097.0329361008949
3018617,1321.004487529469
3020399,1239.5876421352102
3022181,1216.987303151743
3023963,1265.0515188258175
3025745,1235.2511485310679
3027527,1366.6273463003713
3029309,1086.2231329224962
3002580,200.42106769192864
3004362,144.3599816122452
3006144,223.18463218612703
3007926,185.64150625307732
3009708,200.1267481432368
3011490,195.7963918969611
3013272,197.03725090718243
3015054,195.0696417355345
3016836,151.20528051018042
3018618,219.88417243682372
3020400,200.80068456330085
3022182,188.6280133925996
3023964,194.96309214295275
3025746,180.47762556109953
3027528,196.55505338756603
3029310,148.01205223090594
3002581,278.0727492975783
3004363,238.56666704616
3006145,312.2850790913501
3007927,252.9299062704564
3009709,261.43897379642414
3011491,315.3191032192585
3013273,266.0644344754035
3015055,273.76747339425066
3016837,222.79198915789667
3018619,300.9175333440951
3020401,232.39302705177562
3022183,271.3555385505181
3023965,291.44128811775244
3025747,254.46131872111124
3027529,275.6288232358449
3029311,228.54861843549895
3002582,209.02533463628373
3004364,158.31758924085128
3006146,272.4065364275886
3007928,250.8245480655028
3009710,181.38223596901122
3011492,173.98664637267456
3013274,180.43641358685883
3015056,175.0649675865146
3016838,149.35556525346118
3018620,233.27432080429554
3020402,233.3039808167044
3022184,174.24735192323675
3023966,151.76676135862414
3025748,170.1233836714387
3027530,183.62390716280353
3029312,155.8642983594758
3002583,4301.4321416330895
3004365,2147.982959434178
3006147,4323.1438413061505
3007929,3530.631533653621
3009711,3758.458003677437
3011493,4350.33614235964
3013275,4194.441695500134
3015057,4321.166946187819
3016839,3531.472885437079
3018621,4168.676852929769
3020403,3580.6623904831135
3022185,3860.8240474396844
3023967,4087.422970223918
3025749,3926.3474193004836
3027531,4203.366462827076
3029313,3371.517410927188
3002584,42.9071365984868
3004366,41.63309193129273
3006148,40.610915236476934
3007930,37.98305760571427
3009712,35.175734516880205
3011494,43.62441968968806
3013276,38.28604767762634
3015058,41.72804220345249
3016840,35.67213559794501
3018622,39.86115509727411
3020404,37.154943204768784
3022186,34.115783283746794
3023968,34.30871187024953
3025750,37.40962339070771
3027532,43.63684931035996
3029314,33.172221499668694
3002585,1.9492885971708809
3004367,1.7309303574873915
3006149,2.1570504657102547
3007931,2.4337116174171247
3009713,2.4513535546742853
3011495,2.2148488875555
3013277,2.444895997474629
3015059,2.4539927074044914
3016841,2.055000367004055
3018623,1.9685964459757597
3020405,2.695041411126745
3022187,2.892692009291248
3023969,2.866769965736927
3025751,2.11310630888891
3027533,2.4670022221798313
3029315,1.993454008876347
3002586,20.642031599427888
3004368,15.37595756006624
3006150,21.333926331701182
3007932,21.526521990679242
3009714,21.4543724531784
3011496,19.510917023690197
3013278,21.306314983136563
3015060,23.392603053745948
3016842,23.12820780230575
3018624,27.42336692182329
3020406,28.363634496461422
3022188,23.183483344633494
3023970,25.034469642378752
3025752,22.619382269461966
3027534,25.435578901191516
3029316,26.65941640622924
3002587,28.97936407003995
3004369,20.502250168843137
3006151,22.273816268635095
3007933,22.67486269262334
3009715,23.682589310635333
3011497,27.20046159556663
3013279,25.821231970233715
3015061,26.093988414328447
3016843,24.96035998127425
3018625,24.59999726159308
3020407,25.46521100195314
3022189,25.41340770124631
3023971,24.57336047741849
3025753,27.989600442530282
3027535,32.16149482761299
3029317,28.95142521846135
3002588,0.6512748538369182
3004370,0.5786471622176221
3006152,0.43561443474691447
3007934,0.5722392335897284
3009716,0.6643711146625941
3011498,0.6237003344403507
3013280,0.6505814066104458
3015062,0.5450395852984102
3016844,0.44413217342526684
3018626,0.5754880304115062
3020408,0.5895271082416396
3022190,0.8379051394684978
3023972,0.6433685260693209
3025754,0.603930415129462
3027536,0.5962367175095857
3029318,0.5603720115342519
3002589,291.6866243033963
3004371,203.47648982592494
3006153,262.0611628543724
3007935,237.11719970057808
3009717,241.45163506571288
3011499,286.93592265372564
3013281,249.87076378791892
3015063,272.75543319360906
3016845,215.15408164850606
3018627,213.21574981111576
3020409,213.9277268227107
3022191,232.15925899769388
3023973,256.7660282789313
3025755,263.0429401409187
3027537,267.9395429048283
3029319,175.17839113403335
3002590,11.616802013736539
3004372,11.008631487616354
3006154,15.176927123148246
3007936,17.020960651513555
3009718,18.66083552980206
3011500,13.624389141610417
3013282,8.112466948315541
3015064,9.048715770086217
3016846,10.296613340547921
3018628,11.477725499178034
3020410,15.538001467952938
3022192,17.562020568562563
3023974,10.816117154085761
3025756,9.654330011181646
3027538,13.730858421123882
3029320,10.469634891705448
3002591,60.966107203060744
3004373,38.2477372480079
3006155,42.871355912495865
3007937,53.10929553046513
3009719,37.68254932719838
3011501,27.812703241334336
3013283,38.29442190146288
3015065,45.69110054021258
3016847,34.44332692092174
3018629,48.78012991409187
3020411,57.05421370784233
3022193,37.955537743952426
3023975,30.514025763012842
3025757,32.868856412387515
3027539,43.1720029877633
3029321,31.905382291016494
3002592,12.02907939227972
3004374,5.949441302963688
3006156,5.9365465492116964
3007938,10.917163659923242
3009720,12.250774059802607
3011502,8.434924928640651
3013284,11.809030134000933
3015066,9.471211231910418
3016848,9.963659017317331
3018630,10.38148324384588
3020412,8.931497107406273
3022194,11.454845776259033
3023976,11.203973533657127
3025758,9.729088943413377
3027540,9.074139565926282
3029322,8.171504213526797
3002593,159.8868157066938
3004375,97.47719768942163
3006157,277.1885504473706
3007939,374.491496833293
3009721,126.53278915483693
3011503,115.69192834748338
3013285,114.78627828500589
3015067,152.36997312793474
3016849,138.256785006021
3018631,245.29731165295445
3020413,340.99007612720794
3022195,124.31099070687654
3023977,96.47153052134284
3025759,100.38818879632365
3027541,126.64360635818424
3029323,144.99489832710432
3002594,9.753083298302249
3004376,8.312782846443147
3006158,12.947073296437326
3007940,13.411755152757015
3009722,12.834308927807976
3011504,8.128960084380935
3013286,6.5985947673499545
3015068,6.236007063341268
3016850,9.988866580037044
3018632,12.423049438703012
3020414,11.558089382241342
3022196,13.54212879358556
3023978,11.585212296324451
3025760,13.012583376001944
3027542,14.138792513516599
3029324,11.929424525271907
3002595,446.6523676248735
3004377,385.4354164582737
3006159,814.7004347737783
3007941,425.79669078199277
3009723,411.9343117466006
3011505,518.2155689636254
3013287,452.7123778460689
3015069,469.25364776552715
3016851,401.4932396024004
3018633,910.2539275215868
3020415,399.15313759238194
3022197,418.7484133831659
3023979,431.5515527899656
3025761,439.99865455629765
3027543,443.6128130391499
3029325,398.4409519801873
3002596,260.0132180004333
3004378,187.15930454023356
3006160,247.6656008868794
3007942,247.33612769719886
3009724,259.51876544259727
3011506,271.98555930271743
3013288,270.32495506361
3015070,286.356207137947
3016852,212.51156116791634
3018634,230.67010736641984
3020416,232.904678584088
3022198,278.67987473652613
3023980,274.8561298635933
3025762,305.7717286909499
3027544,266.691622399125
3029326,191.86958289955464
3002597,5.0095017242681
3004379,4.65817102932846
3006161,6.250381098504805
3007943,7.169966153345131
3009725,8.75522368568065
3011507,7.629519586843957
3013289,8.503207469587453
3015071,7.505665772754602
3016853,7.369448415460093
3018635,6.823988670956006
3020417,6.704018801622901
3022199,9.142663268282487
3023981,7.002034739449028
3025763,6.373010359810509
3027545,6.99660245728169
3029327,5.115308161448978
3002598,11.79606567723288
3004380,11.41471157444473
3006162,17.08508143953618
3007944,19.456336335622353
3009726,17.377739231482987
3011508,12.269146910754374
3013290,13.69384052695517
3015072,11.982784950904147
3016854,11.064165906982755
3018636,14.796387556282857
3020418,17.942862374391137
3022200,14.754815206304777
3023982,13.527736307086215
3025764,12.692686944915895
3027546,13.69403908161493
3029328,12.370155486316506
3002599,714.2760066530977
3004381,561.5949105589985
3006163,884.3346839131516
3007945,576.5346476782653
3009727,613.9134790388991
3011509,686.0394024823993
3013291,702.2447226129074
3015073,683.614319890981
3016855,560.6096492913586
3018637,894.2033468486028
3020419,603.0382635305749
3022201,583.1273161364946
3023983,635.8445644122974
3025765,666.4034972822114
3027547,642.5006624473981
3029329,541.3944781232127
3002600,143.18491813594724
3004382,110.02695558385874
3006164,139.8188912062522
3007946,140.99022095001044
3009728,125.81223310773873
3011510,129.26076563101248
3013292,118.42010892301873
3015074,127.62453262276756
3016856,112.48945563395208
3018638,125.541671438398
3020420,129.40054898475063
3022202,137.3293042134152
3023984,132.63242970254876
3025766,103.61143671539045
3027548,126.88968066772571
3029330,113.16800177085653
3002601,6361.362941282812
3004383,3871.034081697876
3006165,4452.081671967097
3007947,4530.929952781137
3009729,4460.533359500249
3011511,4325.147976869519
3013293,4045.088485860525
3015075,6162.915586217784
3016857,3877.6409949323406
3018639,4408.04701064888
3020421,4629.553325102689
3022203,4436.150772775088
3023985,4160.779518780743
3025767,3872.6251007692667
3027549,6310.875164322437
3029331,3946.761871101567
3002602,83.53566934103334
3004384,0.3316401871890185
3006166,0.3640021274316775
3007948,0.4169846720660395
3009730,0.44567431717713646
3011512,0.42723455496998836
3013294,0.3739600632355575
3015076,0.32902003210465736
3016858,0.2652426890538097
3018640,0.13966010918357658
3020422,0.04328970200273316
3022204,0.09647337866865463
3023986,0.18881000659607625
3025768,0.18157808197459582
3027550,0.22792776819699234
3029332,0.36189100852872524
3002603,43.62694885983831
3004385,33.143826565988164
3006167,53.48771419237871
3007949,35.414940414182354
3009731,39.478143417044876
3011513,43.220794168255075
3013295,38.81733676143046
3015077,46.152297313920954
3016859,37.56246939343074
3018641,56.509055455519274
3020423,41.76936212408817
3022205,42.04489479956656
3023987,45.686880929968574
3025769,42.82299120128915
3027551,46.808667844716055
3029333,36.472232714914426
3002604,4.409774649438408
3004386,3.5027593081588657
3006168,4.01635671507649
3007950,6.875781242529535
3009732,6.641023868921383
3011514,4.162737998935106
3013296,4.147202721107765
3015078,4.179906819823224
3016860,3.809580788527506
3018642,3.9876537674783332
3020424,7.089150741032384
3022206,6.2886783540254765
3023988,3.458363837020851
3025770,3.1938410400850783
3027552,3.5316188536316817
3029334,3.4278990236405793
3002605,0.18892244776834127
3004387,0.12243807925236311
3006169,0.2866694375510752
3007951,0.2985429588973018
3009733,0.4534800564221416
3011515,0.2752784319252462
3013297,0.5235424999533052
3015079,0.436166730439995
3016861,0.5702990169841309
3018643,0.3926948742318841
3020425,0.5740129949736057
3022207,0.6160867662687342
3023989,0.4146258409055074
3025771,0.32520454710015434
3027553,0.5794359887748066
3029335,0.48085832918375215
3002606,8.476646883528822
3004388,6.099087492396161
3006170,9.482368231939889
3007952,14.135442489395121
3009734,17.47818815699359
3011516,11.310507203638329
3013298,11.268468762067345
3015080,11.1797069301823
3016862,9.126778308331291
3018644,10.307732995192078
3020426,14.41010128170348
3022208,14.145953486563196
3023990,11.38598099742881
3025772,7.7990025716076055
3027554,9.081714951636593
3029336,8.686495017294328
3002607,4197.671052401657
3004389,3415.5410947962323
3006171,4590.393912195004
3007953,5857.470251746626
3009735,5979.625318026824
3011517,4089.2255465672433
3013299,4094.2662640881617
3015081,4124.601683170191
3016863,3516.3049784464106
3018645,4806.6765230545225
3020427,6169.619251350043
3022209,6328.58726118828
3023991,4256.6918806618505
3025773,2302.2358725852296
3027555,4179.6181302024
3029337,3834.085843870645
3002608,0.062111270303207275
3004390,0.06266817939018744
3006172,0.05815533664135743
3007954,0.06278479535334282
3009736,0.060871190289127484
3011518,0.05587001947674731
3013300,0.05534295652936028
3015082,0.055864390045751174
3016864,0.06266817939018744
3018646,0.058082655414717445
3020428,0.043188126461083616
3022210,0.060798322519389665
3023992,0.06133041702749128
3025774,0.06080062839117104
3027556,0.052637592787641185
3029338,0.05686205279751254
3002609,781.008262646874
3004391,660.2767775486165
3006173,844.9300134690915
3007955,902.9372773065527
3009737,990.237866516336
3011519,832.6671798825191
3013301,789.6548326299528
3015083,817.3948794264169
3016865,686.1048762707718
3018647,841.1227603862834
3020429,921.8579234446208
3022211,966.7126445715247
3023993,801.747344897039
3025775,660.3026719213138
3027557,806.6045093399571
3029339,717.3389165278398
3002610,15.936058800838218
3004392,19.424795556014487
3006174,26.710849324598268
3007956,26.81244087731078
3009738,22.479050822542163
3011520,14.946795548305724
3013302,17.495541803356787
3015084,17.85976378400325
3016866,19.145549326663268
3018648,23.530803140427004
3020430,24.141933088572884
3022212,19.78735965280834
3023994,13.923327431736922
3025776,17.4467231889148
3027558,18.803457228612682
3029340,20.135074688002387
3002611,1215.8290732862845
3004393,943.0154370464173
3006175,1333.605257970353
3007957,1426.619915000199
3009739,1515.2720550402041
3011521,1201.589413744813
3013303,1100.3645679108151
3015085,1177.7213450476368
3016867,922.7465981673978
3018649,1230.9079300721253
3020431,1460.5837368231262
3022213,1463.102717907017
3023995,1114.7640725729127
3025777,1045.536308808595
3027559,1194.4077430602788
3029341,978.4468558035371
3002612,1300.9541580464786
3004394,979.2562884206948
3006176,1405.2428246632721
3007958,1647.5305086118033
3009740,1687.8811653305463
3011522,1398.7699455873428
3013304,1241.9272308298814
3015086,1306.0165731483667
3016868,1060.0524179734641
3018650,1407.611745144572
3020432,1697.4312999836125
3022214,1667.9518199392564
3023996,1259.562769370284
3025778,1052.5621357769817
3027560,1332.195449768216
3029342,1163.567002671036
3002613,262.2686236005042
3004395,191.4723729587482
3006177,330.5995371066165
3007959,364.20205503713277
3009741,397.16496031227615
3011523,292.0745084865569
3013305,260.2902807361848
3015087,256.09507088585406
3016869,224.5545861851447
3018651,313.0405502506826
3020433,370.6510720206277
3022215,392.5410637458773
3023997,263.0774441391647
3025779,221.99267245676978
3027561,268.44067912197335
3029343,229.7544492861148
3002614,294.45590416076783
3004396,235.34389676967209
3006178,347.2478797742265
3007960,379.03974126368456
3009742,421.0527115087559
3011524,340.90777868432536
3013306,281.63336375470726
3015088,284.77638067920543
3016870,222.93225205031857
3018652,341.87907035738914
3020434,378.4080256315434
3022216,407.7172128889057
3023998,295.2804244989871
3025780,265.80865652485585
3027562,279.7221523939624
3029344,234.77332616418502
3002615,148.67797725871435
3004397,108.13567096289724
3006179,153.51679737767356
3007961,176.20681092637946
3009743,171.8988480221195
3011525,134.4498146250586
3013307,121.18428164887884
3015089,135.51054621096523
3016871,103.86424057873457
3018653,158.40534622972143
3020435,185.55097540114087
3022217,164.3753420193879
3023999,123.93784837191671
3025781,119.22051788371297
3027563,128.60563183999164
3029345,122.20372866446107
3002616,4614.905798451195
3004398,2437.7844044601898
3006180,4908.349088099888
3007962,6003.87914054171
3009744,6379.387825437257
3011526,4819.865463191866
3013308,4588.22557059733
3015090,4593.782811671836
3016872,3949.9037999484312
3018654,4939.35857935735
3020436,6323.874380889149
3022218,6323.328785883255
3024000,4507.037604780461
3025782,2664.9282323992074
3027564,4927.824964597911
3029346,4270.806277501965
3002617,41.758845175366
3004399,34.10417979934169
3006181,51.67861474883682
3007963,52.18071594082654
3009745,44.72250790267226
3011527,40.241667748704984
3013309,37.36411470367744
3015091,37.3252971782646
3016873,36.5356638819382
3018655,52.30466370894849
3020437,52.89632869917728
3022219,45.37669594145803
3024001,41.421857979902825
3025783,36.1281936386158
3027565,39.86371662371725
3029347,35.48596824771949
3002618,3.0445635729668137
3004400,3.5261033449304025
3006182,3.2015004112887615
3007964,5.051475356160385
3009746,5.601778295663156
3011528,2.9304832932779914
3013310,2.6051639397819195
3015092,2.855383757118938
3016874,2.005502971995469
3018656,1.8569698273947357
3020438,2.4734226291002273
3022220,2.40587923013715
3024002,1.8218343716957142
3025784,2.1139229303675546
3027566,2.730736314107344
3029348,2.017446053092259
3002619,29.54742628467548
3004401,24.47592449154049
3006183,31.44056470167871
3007965,40.977930901475915
3009747,34.521175351285535
3011529,26.97428348082856
3013311,29.720730802937638
3015093,29.063755090669357
3016875,31.938932675077744
3018657,35.14057946501765
3020439,44.873142992468495
3022221,43.83624737630492
3024003,29.333007364250072
3025785,25.846251622616336
3027567,31.249389238065362
3029349,30.42196448054439
3002620,48.75866625466607
3004402,32.656683515178635
3006184,41.27509965434099
3007966,54.07112252926647
3009748,54.7105331210431
3011530,40.70973999101922
3013312,45.60857424441643
3015094,62.01901923723363
3016876,40.755668895994816
3018658,42.67443270723982
3020440,57.48076233626496
3022222,54.145611731506854
3024004,45.63622082545736
3025786,39.28377529120494
3027568,49.01588884146488
3029350,38.99580017119926
3002621,0.22370158132724655
3004403,0.22041905461219502
3006185,0.2287695153690309
3007967,0.23027875695425387
3009749,0.2527776956701952
3011531,0.24296330742785877
3013313,0.2353081073382197
3015095,0.24188237682708078
3016877,0.22041905461219502
3018659,0.22888942281245814
3020441,0.23039881167452828
3022223,0.25289994591223947
3024005,0.22824222051631324
3025787,0.2206776851029131
3027569,0.2353034526912025
3029351,0.21375102063449822
3002622,359.0925205823424
3004404,263.062339078998
3006186,388.8381532951416
3007968,477.6106287944291
3009750,484.7395646479541
3011532,371.6826050263359
3013314,340.9561377974673
3015096,317.28313962307084
3016878,297.1702450981079
3018660,312.51418401808144
3020442,446.81930431694514
3022224,470.18428686481553
3024006,330.3155894282666
3025788,298.6906800156003
3027570,352.8152614694911
3029352,272.2211019429427
3002623,22.379461867299618
3004405,23.348416079320373
3006187,25.61616379563818
3007969,39.760992936106945
3009751,39.42048066422736
3011533,26.625417447832636
3013315,25.4953800732625
3015097,22.73999953363485
3016879,21.264731022785103
3018661,24.572921352375143
3020443,33.846220100150234
3022225,30.996315531346102
3024007,18.912775904334328
3025789,21.507371659241254
3027571,23.03468355787194
3029353,22.24819302136742
3002624,43.32804046888426
3004406,27.244805457818995
3006188,37.74416546258916
3007970,42.35384392322283
3009752,35.54282783077803
3011534,24.370661442655003
3013316,24.199007887145235
3015098,39.13290366624398
3016880,23.743220877466086
3018662,36.48119680800843
3020444,47.706355597556254
3022226,39.81833094359957
3024008,23.312417379843605
3025790,26.784905862795497
3027572,43.230409689588626
3029354,28.785282380795262
3002625,18.236259247682217
3004407,17.561730346505826
3006189,20.515568754805532
3007971,26.29982914708276
3009753,28.37129642837991
3011535,23.015307842648475
3013317,23.261766935516537
3015099,20.627287209601864
3016881,18.936123374393745
3018663,19.230857529861986
3020445,26.449010753800035
3022227,25.146444593297726
3024009,20.28651674491914
3025791,17.776824766851295
3027573,16.14069306110159
3029355,23.431296340747785
3002626,119.43750847535813
3004408,87.63990677365285
3006190,207.1039108804073
3007972,303.1605033685972
3009754,108.61111240783454
3011536,107.92419062027132
3013318,122.27724918262933
3015100,111.92833489644646
3016882,136.43210408944816
3018664,218.64964180398502
3020446,280.099607500705
3022228,90.90024885059171
3024010,88.35522039216777
3025792,78.69004876372517
3027574,132.0953735304799
3029356,157.6980756812909
3002627,14.407705086367063
3004409,15.493910753142949
3006191,16.8420975511339
3007973,18.757723435936953
3009755,19.91156438663449
3011537,13.893809162608326
3013319,12.783394710696886
3015101,15.434217401664654
3016883,16.208697751371375
3018665,16.625986631498858
3020447,21.879978307629283
3022229,22.38950243895779
3024011,17.03896363179202
3025793,13.942587968307683
3027575,15.42340438931561
3029357,12.926587458609745
3002628,365.95768977804335
3004410,368.1938012234151
3006192,902.7613953103804
3007974,487.7713438091548
3009756,501.25514770586966
3011538,450.0705079279939
3013320,390.8428714720981
3015102,380.8687120438874
3016884,359.57015902950576
3018666,835.4045337478329
3020448,483.6204892511245
3022230,457.60067392835174
3024012,394.99821864048477
3025794,405.0273896022614
3027576,398.1649997978479
3029358,387.673921311379
3002629,282.01119373776754
3004411,207.36067136000793
3006193,332.06893325174434
3007975,412.8024203825647
3009757,468.7462876188222
3011539,341.8883456011802
3013321,314.58922846253324
3015103,265.94485124280834
3016885,243.67502245476408
3018667,300.51568282869016
3020449,421.6858276147648
3022231,482.35372072694514
3024013,286.71963648761283
3025795,247.04389839982534
3027577,311.14593195593534
3029359,264.62980903581683
3002630,13.498464286008456
3004412,12.383073573696958
3006194,17.773785191427823
3007976,21.132363747414583
3009758,26.33502016333062
3011540,19.76357550044732
3013322,14.875430340912427
3015104,13.472163600420647
3016886,12.715988833957674
3018668,14.390958473574967
3020450,27.17980364591937
3022232,26.384637124290265
3024014,14.874296656718455
3025796,15.820929617141214
3027578,15.832841396492043
3029360,12.657108461095367
3002631,16.729371050198605
3004413,16.4547212664417
3006195,19.08107632814187
3007977,25.288069061938828
3009759,22.725725102962226
3011541,16.664895264383457
3013323,19.992502704872074
3015105,15.283291275694026
3016887,13.523330864942148
3018669,17.66030525899626
3020451,24.0400699615277
3022233,24.477929248025927
3024015,17.401116952715963
3025797,17.127526921235734
3027579,18.056395108204097
3029361,16.51781487386801
3002632,519.412131671188
3004414,472.718724206321
3006196,964.4702940316637
3007978,739.1091513012342
3009760,778.3339595588453
3011542,629.1228523813902
3013324,542.2519699853748
3015106,535.4029303785063
3016888,441.3992540965761
3018670,917.344078176618
3020452,742.187154436438
3022234,768.0382229670731
3024016,573.877581742805
3025798,497.3422926434744
3027580,554.7645305996408
3029362,473.2821261870018
3002633,138.1676238239777
3004415,132.54676300069815
3006197,137.29261562812786
3007979,174.66522348216307
3009761,186.25226249835077
3011543,133.20198220629743
3013325,107.86599107438984
3015107,144.62624431729077
3016889,131.85419848066655
3018671,153.91757128101722
3020453,179.00933531781348
3022235,178.15026622902056
3024017,136.73525012298836
3025799,113.0756649684748
3027581,144.08119901215431
3029363,123.15304433126298
3002634,5942.530207105862
3004416,2934.5637074363567
3006198,4079.135044768998
3007980,5189.5457310327965
3009762,5411.157729874877
3011544,3754.196751344675
3013326,3454.427615205588
3015108,5757.4567292276715
3016890,2973.746013655571
3018672,3963.687063585783
3020454,5236.85808535754
3022236,5372.821461713323
3024018,3567.0232702079084
3025800,3064.976035417299
3027582,5948.439910557728
3029364,3071.5429164127063
3002635,87.33807627972385
3004417,0.5265096246367691
3006199,0.6152225753039833
3007981,0.8093120862386967
3009763,0.9147305193395481
3011545,0.666485120801273
3013327,1.2583582680493142
3015109,1.083964735335892
3016891,1.3080542448684809
3018673,1.2238341417722225
3020455,1.3409252540018692
3022237,1.6628418325597543
3024019,1.1444388821556113
3025801,0.4859795761370101
3027583,0.6677419827289426
3029365,0.47170873608409886
3002636,38.900444816455895
3004418,33.96765248201797
3006200,61.59170771409591
3007982,48.51379114540556
3009764,52.363740681764554
3011546,38.689887116581616
3013328,32.27388843143082
3015110,38.61908827940154
3016892,31.67520064138987
3018674,58.19515103188175
3020456,47.34913233513512
3022238,41.21425422221802
3024020,38.377902306567705
3025802,29.439470510642956
3027584,36.29219612041436
3029366,30.210633613810312
3002637,8.498582610844208
3004419,8.763591888863278
3006201,8.022576773282129
3007983,15.400922841374307
3009765,15.169074483052423
3011547,11.330270448176451
3013329,13.60842118221372
3015111,10.133885671677707
3016893,10.150119348870179
3018675,11.134698732372694
3020457,17.873652275878364
3022239,19.186283138249756
3024021,9.604702317929611
3025803,9.579052514468506
3027585,9.822421865833395
3029367,11.005806864585708
3002638,0.20810785664789785
3004420,0.20666237844964336
3006202,0.19453375634216963
3007984,0.27766952389450356
3009766,0.34469587774122823
3011548,0.3332871050545249
3013330,0.3170051223168822
3015112,0.2820384253617112
3016894,0.2929522027921794
3018676,0.37809118660345487
3020458,0.5402157109041423
3022240,0.8420194264280638
3024022,0.31962599042490974
3025804,0.22262776006045967
3027586,0.20519237378220478
3029368,0.22391133174127373
3002639,5.072827711944256
3004421,4.147276427715311
3006203,4.825094063614821
3007985,8.011093328774509
3009767,10.41438272633212
3011549,5.953500976922064
3013331,5.832820226897862
3015113,6.198487612767326
3016895,6.013196536289713
3018677,6.356247215764437
3020459,10.96420377446851
3022241,9.260218907927163
3024023,7.0243272538877655
3025805,6.805213119872183
3027587,6.43128666101114
3029369,5.576860335233905
3002640,2899.5015865418427
3004422,2762.2252211128325
3006204,3117.2550138215192
3007986,4628.763725296808
3009768,4841.512697677572
3011550,3376.323424223738
3013332,3887.865346118341
3015114,3081.7570325678817
3016896,2910.600388574051
3018678,3277.1339200624698
3020460,4901.722247955622
3022242,5395.037233745265
3024024,3572.6073023247727
3025806,3524.8327010058447
3027588,3125.1282155938993
3029370,3197.54737454394
3002641,0.03280840420464652
3004423,0.038494298967374496
3006205,0.028807647884258703
3007987,0.029870585152485606
3009769,0.05388566036883305
3011551,0.03102470075229342
3013333,0.030510039944065693
3015115,0.033420892151523426
3016897,0.038494298967374496
3018679,0.02780219330546745
3020461,0.02886409176420894
3022243,0.05285569702736741
3024025,0.03593091137248355
3025807,0.03541380151107477
3027589,0.028004748548071803
3029371,0.03361679107821086
3002642,457.5296504318069
3004424,447.60397632821827
3006206,464.1172126787871
3007988,604.4240994088078
3009770,768.0498016579959
3011552,585.4957789321396
3013334,543.8433189495738
3015116,452.38436283450505
3016898,423.12994214215695
3018680,422.0344384202862
3020462,576.2119450412874
3022244,733.8698015383694
3024026,511.82889496333587
3025808,478.84138897939874
3027590,427.91161467662374
3029372,384.5616968490847
3002643,12.61723513257511
3004425,10.73714279050176
3006207,13.791430514618872
3007989,21.456911662160678
3009771,15.598121115640694
3011553,9.123177384080252
3013335,12.156449541600507
3015117,11.091005707758802
3016899,9.876296481756082
3018681,13.982662072776469
3020463,24.85734901473272
3022245,15.578039612336148
3024027,10.311858828281137
3025809,12.774770801066245
3027591,11.780510902488267
3029373,10.491677652894483
3002644,1225.955174416945
3004426,1449.5971650686818
3006208,1496.0781197912333
3007990,2026.3727636603387
3009772,2193.9813792937857
3011554,1672.653462686163
3013336,1595.305561775931
3015118,1430.9924784230334
3016900,1517.2347875750881
3018682,1451.9124115151715
3020464,1992.6617225836571
3022246,2162.0764309411793
3024028,1726.3196848612
3025810,1681.332900370469
3027592,1525.4390793034295
3029374,1376.4981279402718
3002645,704.7931551224507
3004427,580.4787464531856
3006209,633.3372262212106
3007991,970.3608365831403
3009773,1118.1478028037452
3011555,809.0235091077818
3013337,817.5592555796266
3015119,770.8016361071134
3016901,620.4394499991224
3018683,640.3927962236901
3020465,943.7458351979698
3022247,1075.0758465603055
3024029,758.2492697990829
3025811,724.9148753225766
3027593,815.8696608987472
3029375,629.3091721785056
3002646,441.84748198197497
3004428,418.5440663544359
3006210,559.5567750316605
3007992,636.0111904772979
3009774,686.4047703734277
3011556,528.431898801689
3013338,533.0612940408208
3015120,498.105681149676
3016902,425.5986796457351
3018684,591.7225038951217
3020466,626.2801152466175
3022248,742.8344581714309
3024030,537.8564101260902
3025812,526.7411412807709
3027594,474.6906999416216
3029376,500.5798922016204
3002647,173.612223135546
3004429,171.25621483901122
3006211,140.18997204256945
3007993,250.61441591406404
3009775,293.3064475492471
3011557,271.63181598944834
3013339,214.65792484090275
3015121,181.6895171259888
3016903,172.79838939778995
3018685,125.06216221779782
3020467,198.29046435025145
3022249,304.826511265546
3024031,289.5702710687616
3025813,183.1681505944443
3027595,165.9433249574398
3029377,144.83464945778397
3002648,77.6069923382946
3004430,60.24059278848089
3006212,77.55048701354046
3007994,162.27284335499328
3009776,112.62579618832221
3011558,74.69277820014513
3013340,84.54962377404657
3015122,84.69352169849729
3016904,79.86885753022862
3018686,91.67982174870286
3020468,182.2068332668171
3022250,118.87851858425518
3024032,74.50009273523848
3025814,73.48443602010705
3027596,81.58286828476554
3029378,83.62768277790167
3002649,4902.962292169024
3004431,5126.619338308049
3006213,5355.260779538647
3007995,7993.374827641604
3009777,8100.0250942516395
3011559,6274.285603404746
3013341,6694.3089973531205
3015123,5610.527877770346
3016905,5434.541209341093
3018687,5445.015975009381
3020469,9074.128603156109
3022251,9646.65431497082
3024033,7347.785850876114
3025815,6468.968315949169
3027597,6166.381252481464
3029379,6027.643224793025
3002650,8.919887367653054
3004432,11.080144629011556
3006214,13.858011231671743
3007996,22.817059810109654
3009778,17.381319004854188
3011560,12.086689891153627
3013342,9.97330946369461
3015124,9.323006005943213
3016906,10.15668028183009
3018688,10.495592454590197
3020470,15.205466323639417
3022252,16.85844370287699
3024034,10.88304332600976
3025816,10.816895220417358
3027598,6.900827797662334
3029380,9.955430163424767
3002651,0.940762900401326
3004433,1.0358005520539413
3006215,0.9528967060030962
3007997,1.585524843681212
3009779,1.6758390105572563
3011561,1.0639249019401307
3013343,1.0624900744775343
3015125,1.2742393785072603
3016907,1.0504920296676592
3018689,1.1219615634051041
3020471,1.5817268510703553
3022253,1.5798628287410872
3024035,1.1812929939750054
3025817,1.1421450301073914
3027599,0.9546962166851789
3029381,1.2195573483115743
3002652,36.13669132550285
3004434,29.843830931666837
3006216,38.285224644512056
3007998,48.035660479329195
3009780,46.452563654089005
3011562,32.68016019386489
3013344,32.70885560601919
3015126,34.24242117501099
3016908,29.70471559376803
3018690,32.329493225573664
3020472,55.03130117760074
3022254,41.27708261668823
3024036,36.98848266035186
3025818,41.04423831773864
3027600,35.82823523214909
3029382,37.21228573689557
3002653,35.29794141671774
3004435,30.585047012189992
3006217,34.5022070576369
3007999,46.38264356845179
3009781,51.38125398293391
3011563,39.11225785555035
3013345,29.223624133099793
3015127,35.46659818100507
3016909,32.724435005179856
3018691,36.09340152024504
3020473,49.34255394131919
3022255,60.151602642683095
3024037,27.985626594520255
3025819,38.22828719786309
3027601,36.625225211271335
3029383,38.79757589153084
3002654,0.09235980380499209
3004436,0.09455884357564402
3006218,0.09453463697349831
3008000,0.12097239629270401
3009782,0.1467541067776974
3011564,0.11236725874878399
3013346,0.10746113055501894
3015128,0.11489987697757977
3016910,0.09455884357564402
3018692,0.09365327045004306
3020474,0.12006974094454458
3022256,0.14583069088366646
3024038,0.09874138031124505
3025820,0.09389534945119908
3027602,0.1075373910413162
3029384,0.08941801670735736
3002655,321.09569686460014
3004437,343.01602213782473
3006219,339.88861555824604
3008001,515.5358209136419
3009783,561.2067153753463
3011565,525.6373390085058
3013347,423.4959833954552
3015129,325.3607030398851
3016911,321.3994816773195
3018693,329.28235926546074
3020475,508.012266565582
3022257,550.9409184212759
3024039,425.77254881953263
3025821,448.9640235882422
3027603,402.975192073228
3029385,372.108220426955
3002656,7.321694851572223
3004438,7.343712349979441
3006220,5.0648450894592445
3008002,11.50707265774467
3009784,12.317960318625287
3011566,8.45065875954548
3013348,11.792560132563079
3015130,9.267841662151957
3016912,7.802259944168107
3018694,8.512864974795853
3020476,15.023686136202283
3022258,10.995385995669578
3024040,6.722878676624351
3025822,6.684460621897587
3027604,4.237819484886962
3029386,5.134241629592871
3002657,13.570346789418302
3004439,4.295189055420153
3006221,3.6027116584295555
3008003,7.683386537352657
3009785,6.2841503034673
3011567,4.287598041451876
3013349,8.085596018419569
3015131,4.342246410423555
3016913,3.3069335211853117
3018695,3.1564705681034733
3020477,5.77704668596244
3022259,4.8326916969505564
3024041,3.0938706845301187
3025823,4.95946641687679
3027605,3.4042159216605814
3029387,4.8650159782429165
3002658,8.336879043035113
3004440,7.370527672825567
3006222,5.800109344874539
3008004,8.509029071016936
3009786,15.28475235344619
3011568,8.393365541753168
3013350,7.900445833456912
3015132,11.636198583129342
3016914,4.657669342631354
3018696,7.47085333200209
3020478,9.611857060272488
3022260,11.069171408282928
3024042,9.36600245518859
3025824,10.74451074945539
3027606,8.945600105737851
3029388,9.58978094472213
3002659,41.1361827492864
3004441,36.456186551798
3006223,60.920452290549036
3008005,113.37134283865673
3009787,67.83203243744356
3011569,37.26034876922915
3013351,40.494776081161845
3015133,47.107558782639636
3016915,35.06566286931584
3018697,56.14406470202561
3020479,121.9757581062689
3022261,61.09140840237995
3024043,29.341177406514287
3025825,37.57077189608456
3027607,42.40130942365985
3029389,41.637672012899564
3002660,1.954994372010411
3004442,2.2664091048971584
3006224,2.3974509069388836
3008006,3.197875560633272
3009788,3.4726066053008786
3011570,1.818330582994538
3013352,1.2010673225744553
3015134,1.4364948122265617
3016916,1.7205739442769037
3018698,1.986492175629159
3020480,2.398090911488784
3022262,2.9961408178228734
3024044,1.5509658566266697
3025826,2.0987032994498835
3027608,2.6065648449026333
3029390,2.833423814370329
3002661,291.79277863800655
3004443,534.2854666076568
3006225,311.80260260994964
3008007,392.40019585515523
3009789,429.78394561223007
3011571,348.6758029064865
3013353,376.4495550558591
3015135,318.9538300382305
3016917,564.7521526648042
3018699,285.059329045517
3020481,400.713858909895
3022263,441.3246240159939
3024045,316.5293281679885
3025827,329.6387821160589
3027609,299.1804262973116
3029391,509.83214403083116
3002662,328.2307826801597
3004444,360.0902272507015
3006226,338.6623350252424
3008008,554.7994214837172
3009790,580.5388279990058
3011572,402.52198617204306
3013354,423.58524937193437
3015136,372.25834360065784
3016918,328.8857314783655
3018700,361.7349415673613
3020482,565.3979783139082
3022264,652.4208313657435
3024046,427.36974814103564
3025828,527.1091887031384
3027610,446.0843465758102
3029392,413.55704118974444
3002663,7.3793810624635
3004445,5.642669306991562
3006227,6.540228315907056
3008009,8.05036581529267
3009791,9.074845695323276
3011573,6.791444856554726
3013355,6.506610764981771
3015137,6.395548000790011
3016919,5.661630843109286
3018701,5.334550910881716
3020483,10.045807714556808
3022265,11.684322976882322
3024047,6.527259348259415
3025829,4.812205778625845
3027611,5.004462356109306
3029393,5.493187044986257
3002664,5.585222585329388
3004446,6.2975249071014705
3006228,5.982234777822421
3008010,9.596707188189795
3009792,12.076061316411614
3011574,7.110561186605889
3013356,7.6672139378648545
3015138,8.058965301283738
3016920,6.677028689597473
3018702,6.379622756430234
3020484,9.358048392456253
3022266,10.698512096357925
3024048,5.19432747668693
3025830,5.398543608674355
3027612,6.1064776033188055
3029394,6.448816813256082
3002665,311.5000323002268
3004447,352.51572496404424
3006229,455.8856747371237
3008011,473.01033937845085
3009793,572.4501844360989
3011575,382.71058530758194
3013357,440.46596476363993
3015139,388.29057126179276
3016921,350.3626289119566
3018703,524.1722105457578
3020485,482.17648871996363
3022267,543.7827987658868
3024049,407.9064537638671
3025831,405.0528285948864
3027613,347.615184468324
3029395,349.8197081546736
3002666,68.00517669143935
3004448,70.70433003312232
3006230,89.45274195076183
3008012,108.57442503476743
3009794,111.19098433226782
3011576,79.74928556084298
3013358,63.93781394325954
3015140,72.4292183378834
3016922,87.78027481311408
3018704,94.29013848337435
3020486,146.5555014821284
3022268,146.0050734602573
3024050,84.447822099924
3025832,77.31867586347927
3027614,93.88704688776863
3029396,93.1368350359394
3002667,1438.0100441256766
3004449,1114.0377714441734
3006231,1110.343661101011
3008013,1683.3689963069455
3009795,1831.8739292723849
3011577,1350.23268594105
3013359,2080.5128509877163
3015141,1137.542222587274
3016923,1185.197434077646
3018705,1223.4746309982975
3020487,1757.0043999864595
3022269,1899.4952404739988
3024051,1325.7109122969698
3025833,2219.634149758852
3027615,1098.3406874182785
3029397,1124.0229622835398
3002668,115.82347542939877
3004450,79.34053584685736
3006232,45.524510433926956
3008014,53.81817106208632
3009796,88.70142288913185
3011578,133.17360786800376
3013360,101.38630986297588
3015142,130.40229090938604
3016924,121.9314282944875
3018706,106.47198012087962
3020488,120.45768818464342
3022270,98.84350014707512
3024052,66.03905798111491
3025834,86.09505296257649
3027616,75.22422500482348
3029398,90.24981467457756
3002669,11.735683751130715
3004451,10.521058565785523
3006233,13.336533224689498
3008015,24.616324981383546
3009797,19.975307280634368
3011579,13.370849866518604
3013361,14.62744664011518
3015143,14.735614629834082
3016925,12.221637436084693
3018707,12.419700798171814
3020489,24.355458794945367
3022271,22.48214293589987
3024053,13.520883195951894
3025835,14.50494910338633
3027617,15.071463646091516
3029399,14.747593965410267
3000921,0.9513756501555379
3002703,1.1777259430012954
3004485,0.930053360222503
3006267,1.5931736429229981
3008049,2.2851230882858387
3009831,1.8520502954384557
3011613,1.6466263914730765
3013395,1.6037460577914264
3015177,1.5218594735369724
3016959,1.836878645044365
3018741,2.166127616384983
3020523,2.063564626152149
3022305,1.6847058409371063
3024087,1.4502903478143292
3025869,4.369270205267403
3027651,1.5927968807555906
3000922,0.044818604446954485
3002704,0.044815500546780386
3004486,0.028005381259582626
3006268,0.034563715774840804
3008050,0.05110800972306207
3009832,0.04123052587795054
3011614,0.04123052587795054
3013396,0.033955262673119976
3015178,0.044815500546780386
3016960,0.030119808416350476
3018742,0.03669163227792435
3020524,0.0532699549433599
3022306,0.050010617766493494
3024088,0.050010617766493494
3025870,0.032182686370487934
3027652,0.04185090113300127
3000923,2.6796944218598924
3002705,2.1725634732243644
3004487,0.9444119216047675
3006269,1.6070949531358232
3008051,1.3567325115274467
3009833,1.3435124080751395
3011615,1.2927811305686139
3013397,0.9012327667387627
3015179,0.9278226552383126
3016961,0.5929780969950715
3018743,0.9401564802360085
3020525,1.1644860584815193
3022307,0.9884079427603356
3024089,0.9445087465342676
3025871,1.9365379494495296
3027653,1.1096023933122443
3000924,1017.7109936262515
3002706,1123.613044970353
3004488,1235.0965144918239
3006270,1600.21850041862
3008052,1641.2346861677477
3009834,1435.743668434597
3011616,1441.7956714915035
3013398,1071.9624505517556
3015180,1225.9258277125607
3016962,1462.5237927673832
3018744,1815.5220634238171
3020526,1793.0838221985796
3022308,1313.5192179506796
3024090,1464.741593003004
3025872,1408.9394608092662
3027654,1449.8119668415181
3000925,0.0
3002707,0.0
3004489,0.0
3006271,0.0
3008053,0.0
3009835,0.0
3011617,0.0
3013399,0.0
3015181,0.0
3016963,0.0
3018745,0.0
3020527,0.0
3022309,0.0
3024091,0.0
3025873,0.0
3027655,0.0
3000926,88.96250377505152
3002708,79.49460700509428
3004490,87.6976283889408
3006272,108.88825360466423
3008054,124.62783750872326
3009836,116.56116627876486
3011618,106.54723796073748
3013400,92.10448946214676
3015182,91.00025776039404
3016964,90.90582396589309
3018746,119.4531958992595
3020528,130.11128660491917
3022310,107.14646214464506
3024092,101.94398289802993
3025874,96.3074535224713
3027656,87.2341462849952
3000927,3.122379894041533
3002709,3.3082656876392553
3004491,3.2943180441970856
3006273,6.990629606642992
3008055,4.02945118406635
3009837,2.79740918368497
3011619,2.765012299075651
3013401,2.6651551122076573
3015183,3.119804403657482
3016965,3.004891252077986
3018747,6.927832602239777
3020529,3.8478807250040417
3022311,2.8197644481464286
3024093,3.1195363478981717
3025875,4.7912444736989555
3027657,3.0804166704101146
3000928,705.3791025557066
3002710,972.2465568575128
3004492,983.3823235640823
3006274,1020.7399933438716
3008056,883.759983411904
3009838,915.2309432504809
3011620,667.4925315948061
3013402,592.7620303919817
3015184,1026.9559035040206
3016966,1016.7000174381586
3018748,1110.7914060472222
3020530,924.6476992394754
3022312,997.6701939836669
3024094,784.614257567502
3025876,820.3000447954483
3027658,685.302931387307
3000929,309.429158761658
3002711,205.73050691323513
3004493,229.97742061023948
3006275,314.273779250919
3008057,296.49499517280736
3009839,306.141486239561
3011621,267.51745337502996
3013403,295.66999466079113
3015185,224.58179970132488
3016967,278.46907163920923
3018749,328.07274206201726
3020531,327.0104835779402
3022313,293.25378504493636
3024095,292.93030532587215
3025877,369.90924199922904
3027659,262.86609292044614
3000930,194.8958537784023
3002712,177.10461898207333
3004494,258.0101217465079
3006276,261.5408532048241
3008058,277.4309307015976
3009840,232.2776753361034
3011622,250.7799127010914
3013404,204.02656279673585
3015186,210.74596873669722
3016968,329.7848267868746
3018750,291.32406421116383
3020532,328.71554549740927
3022314,225.2808967819006
3024096,220.01568485829472
3025878,244.33422477908348
3027660,214.83971297442466
3000931,52.31790602617177
3002713,33.351231355191416
3004495,44.95218217575916
3006277,51.74449603172807
3008059,54.11123928281445
3009841,86.43445377246128
3011623,37.53681330533262
3013405,32.58672489388016
3015187,33.05192223125948
3016969,41.0311917755782
3018751,56.97792452453663
3020533,72.04530094183752
3022315,64.91769004138446
3024097,43.153226667536096
3025879,43.84347726085883
3027661,39.22859908333007
3000932,24.074728615823556
3002714,23.441591419529896
3004496,27.009460312299485
3006278,51.11720607889231
3008060,37.730177827966784
3009842,27.273786648385858
3011624,27.394462774683415
3013406,27.74065941724991
3015188,30.01149295059847
3016970,33.181934187950546
3018752,58.70679913620073
3020534,37.868918172122974
3022316,24.21947046793976
3024098,24.417004521211883
3025880,35.75729940262076
3027662,28.742823278236663
3000933,2042.6506894936626
3002715,2082.146908276234
3004497,2161.6610558524294
3006279,3125.740542377745
3008061,3006.0900119511502
3009843,2824.248272022809
3011625,2792.8473858994535
3013407,2234.2390407536786
3015189,2436.757024053376
3016971,2569.7491919464137
3018753,3477.241901401264
3020535,3228.5478312511973
3022317,2886.3667875901106
3024099,2756.306754689204
3025881,2772.7758026004703
3027663,2633.1130204716655
3000934,3.670648848850626
3002716,3.853869839501903
3004498,3.934471395749507
3006280,7.863967649297997
3008062,5.2900911750081345
3009844,4.1885567767111
3011626,4.630903291623436
3013408,3.275913573524237
3015190,3.487801868056044
3016972,4.268979834446866
3018754,8.563807658744928
3020536,5.022672878668029
3022318,2.268361624831934
3024100,2.9827613993581688
3025882,4.052017710383776
3027664,3.415838056653911
3000935,0.43282753709363553
3002717,0.4276220414183297
3004499,0.3578205434503087
3006281,0.6418582518996101
3008063,0.5723083266677758
3009845,0.42937884770567597
3011627,0.4648667168451396
3013409,0.5377834762460172
3015191,0.46180450937824996
3016973,0.4904636046203542
3018755,0.5353867976387319
3020537,0.5669156320538133
3022319,0.4334387534009181
3024101,0.23335902710028228
3025883,0.2797278715590833
3027665,0.3681260342950776
3000936,8.968512547538065
3002718,4.92907791959679
3004500,5.776122543944377
3006282,12.931396079195624
3008064,10.041758943780453
3009846,6.494103635366753
3011628,6.4973588315210975
3013410,7.994726439727064
3015192,9.156339279970805
3016974,7.877498777845286
3018756,15.743090987101969
3020538,12.866364860742117
3022320,6.9915123918160775
3024102,5.80542656085607
3025884,11.195936818532667
3027666,8.883530870263145
3000937,11.689632112914266
3002719,4.600391504888183
3004501,8.278494331233484
3006283,11.220173060608055
3008065,9.434619522288322
3009847,6.547298727825474
3011629,8.323658783584667
3013411,7.804696803380743
3015193,5.829635153107797
3016975,5.4908000375391
3018757,9.174278687104366
3020539,7.651790345219355
3022321,5.9119219523567095
3024103,6.067539805653639
3025885,11.669363688522898
3027667,8.44027358870427
3000938,0.03862135070638702
3002720,0.020368563052629914
3004502,0.018938526581560894
3006284,0.0469658536702969
3008066,0.06141562829461697
3009848,0.03993260678642329
3011630,0.0385919245818979
3013412,0.03704145133392726
3015194,0.020368563052629914
3016976,0.019037958014554424
3018758,0.04706802010370776
3020540,0.1844515551650292
3022322,0.048919401830559144
3024104,0.05921819588846087
3025886,0.059800300919124895
3027668,0.056304600244450845
3000939,143.64234691494562
3002721,122.07589730888483
3004503,141.91092767442524
3006285,209.25532217933423
3008067,198.72813249497017
3009849,195.09472294543312
3011631,169.10593947300808
3013413,143.76019594577164
3015195,133.01431171704044
3016977,131.5441622588311
3018759,222.37389135198796
3020541,221.01755464485242
3022323,175.47292174257842
3024105,158.62048590220556
3025887,164.14188734602072
3027669,145.13443421107814
3000940,2.0969342281202508
3002722,1.734438447256073
3004504,1.6466271857748827
3006286,3.3245531912810886
3008068,2.31854326270784
3009850,1.2730386791898431
3011632,2.0310640878996153
3013414,1.6883029690099827
3015196,2.077610311233349
3016978,2.3994984941299893
3018760,3.9329961394988127
3020542,5.422907085054458
3022324,2.6435268975797404
3024106,1.880458979451853
3025888,3.285887067238434
3027670,2.8786079079485427
3000941,5.276636630873301
3002723,0.01215923969242242
3004505,0.016005649961943362
3006287,0.0534044422859812
3008069,0.043149071163970924
3009851,0.01191941605397973
3011633,0.01191941605397973
3013415,0.015008264815285105
3015197,0.01215923969242242
3016979,0.015284570104577498
3018761,0.052656819745672934
3020543,0.0424087270689608
3022325,0.012450399831341634
3024107,0.012450399831341634
3025889,0.01936876352422039
3027671,0.00928730040067854
3000942,9.097065273859261
3002724,1.0816840528261755
3004506,1.0965976414901335
3006288,1.8448120961186585
3008070,1.5739893177523632
3009852,1.5720738302666195
3011634,1.6372684103216812
3013416,1.6066291445465457
3015198,1.7184587559162452
3016980,1.587744327141976
3018762,2.4622658087689246
3020544,2.8122966849110282
3022326,1.3358177890849916
3024108,1.1678726462978073
3025890,2.190344296208392
3027672,1.3824375765784316
3000943,17.403736977903304
3002725,9.36603366139356
3004507,18.150694819217257
3006289,27.168429850898622
3008071,6.788686987599138
3009853,7.1847725979240025
3011635,7.463920578759117
3013417,9.946257215386634
3015199,7.860191268246616
3016981,14.027022529822176
3018763,21.58546871367511
3020545,7.255124668680013
3022327,5.828769795395791
3024109,7.201093184111695
3025891,15.91727583102993
3027673,9.430877343467987
3000944,0.31306254930334004
3002726,0.2756554804329202
3004508,0.3863973556214879
3006290,0.49403166364586615
3008072,0.4457530860399527
3009854,0.3116462463139008
3011636,0.4749319952102594
3013418,0.4639552430618498
3015200,0.36407187020233545
3016982,0.31008011755239684
3018764,0.47321637493657354
3020546,0.4312180945841825
3022328,0.29404286370323446
3024110,0.29267408287907465
3025892,1.907447163264485
3027674,0.4315194198712156
3000945,151.66468257858025
3002727,225.20357258577704
3004509,134.86842072012735
3006291,168.38658611941256
3008073,173.61229931397912
3009855,192.25973554302803
3011637,191.17259351227742
3013419,160.24828656720786
3015201,254.51484531041876
3016983,152.3380763487869
3018765,182.33124284922218
3020547,204.4931047635034
3022329,182.49799259992668
3024111,170.24311915692206
3025893,201.23688483588919
3027675,246.63267167587358
3000946,143.9241438841623
3002728,139.01695065430053
3004510,138.80676482884508
3006292,206.5340403127875
3008074,209.7173621784612
3009856,189.82703674310548
3011638,194.002931103235
3013420,145.88732316081882
3015202,161.62284302563953
3016984,154.58688947252054
3018766,227.58107491308556
3020548,237.99872960759348
3022330,195.34553334209446
3024112,166.12210636452878
3025894,162.5003373501025
3027676,155.859237441
3000947,0.7657726043670707
3002729,0.8639259857633035
3004511,0.8997842736598067
3006293,1.089176611486434
3008075,0.6977551850714812
3009857,0.4972265354054747
3011639,0.5692430526411587
3013421,0.4848584276015924
3015203,0.36606102223103504
3016985,0.5608160952091263
3018767,0.6956327343868596
3020549,0.8512095538265492
3022331,0.5398319324305643
3024113,0.5209237431327904
3025895,1.9644775427739884
3027677,0.5511072580679348
3000948,3.096735255596979
3002730,2.9885721836325394
3004512,2.770622325270819
3006294,4.869264463002317
3008076,4.084769568392179
3009858,3.231227209915035
3011640,3.9308071370458713
3013422,3.1779429596512054
3015204,3.5176135600468
3016986,3.2950405381978882
3018768,5.994260345647951
3020550,4.321457064283189
3022332,2.784431215505977
3024114,3.26595165309772
3025896,3.0938358283531535
3027678,2.1775923827893173
3000949,132.0931921447402
3002731,106.57881204835606
3004513,174.09449475308784
3006295,142.04218649207826
3008077,195.56682188653286
3009859,148.90774666858147
3011641,144.88253055327098
3013423,124.83037088234443
3015205,116.92557314361406
3016987,165.9231532766962
3018769,141.26975011346963
3020551,191.87879611288528
3022333,117.71507811758332
3024115,146.18924115928039
3025897,149.743710138637
3027679,128.56605273952098
3000950,18.772054198457468
3002732,19.152565297694903
3004514,25.71565776904376
3006296,29.76974944037465
3008078,29.088847812989943
3009860,27.08972993589989
3011642,24.464989435916397
3013424,24.00614329596825
3015206,27.031236198819727
3016988,25.732864315167674
3018770,33.02567495286966
3020552,28.03223414343132
3022334,27.53607465987422
3024116,22.425664920035377
3025898,24.796435467770912
3027680,25.389382910547134
3000951,334.64662257532416
3002733,212.53225091314815
3004515,219.7028611638434
3006297,256.37213482420594
3008079,279.68459681506147
3009861,266.70388689214093
3011643,380.80948534080284
3013425,234.58591721572165
3015207,220.30982441747145
3016989,231.0859493232526
3018771,241.9705337083151
3020553,278.33490710270945
3022335,226.28303838268778
3024117,346.2765993022227
3025899,253.2981085527757
3027681,210.6759155619023
3000952,37.63428755979426
3002734,0.06681704533100022
3004516,8.555394905645635
3006298,10.362691447158156
3008080,10.520989222401878
3009862,3.1253720497836177
3011644,5.481110675747908
3013426,3.1077797879660043
3015208,2.398034167494659
3016990,14.858567960409031
3018772,19.599486733469917
3020554,6.478295141945055
3022336,7.220789443026398
3024118,9.682796541234861
3025900,0.4935019772830627
3027682,2.9832038480393854
3000953,1.370733115219958
3002735,1.3527922795432326
3004517,1.3137639150046092
3006299,1.76318186172811
3008081,1.4204762425819095
3009863,1.1264968099093227
3011645,1.2005803746285624
3013427,0.9179142657032306
3015209,0.8046043421885718
3016991,0.775446156168875
3018773,3.05909130318675
3020555,0.9580012041594128
3022337,0.8186274560396869
3024119,0.9139150852384559
3025901,2.307254563672184
3027683,1.4942579839238044
3000954,4.561591760983172
3002736,6.009317533129122
3004518,6.529517716676527
3006300,10.801733214187411
3008082,10.54530651054655
3009864,6.65941043960928
3011646,6.478862879527122
3013428,6.154526133706701
3015210,6.481667994639775
3016992,6.995563399703331
3018774,13.615921559201865
3020556,10.913684792826738
3022338,6.501260411710378
3024120,6.549303441094793
3025902,5.679542081446393
3027684,5.42598701858718
3000955,0.25086424154811787
3002737,0.3253436155423933
3004519,0.2327090910846044
3006301,0.2961889822264998
3008083,0.2695120160223314
3009865,0.17745326486823582
3011647,0.11773720779616455
3013429,0.23423164494089882
3015211,0.13138755168377475
3016993,0.1582801199086986
3018775,0.16180468223475133
3020557,0.2717196292039065
3022339,0.12726213598536268
3024121,0.17156904127725042
3025903,0.13930990634451887
3027685,0.13166483463487813
3000956,4.530502670322661
3002738,4.183974297167643
3004520,4.752925936504122
3006302,6.788762688255014
3008084,5.565533667736209
3009866,3.5284548050326707
3011648,4.782509882031089
3013430,4.87169542282806
3015212,3.2619846526689864
3016994,4.386872533600555
3018776,5.799748654211351
3020558,5.826632509817588
3022340,3.7001044385044155
3024122,3.835364738783798
3025904,3.8728543683783982
3027686,4.351092635430173
3000957,3460.8540049017492
3002739,3757.3736226124415
3004521,5087.506255736871
3006303,4644.699448006922
3008085,5285.270633823823
3009867,4467.700711838704
3011649,4318.588860701873
3013431,3950.8868549426297
3015213,3985.9644438834966
3016995,4727.025506347991
3018777,5113.880098838425
3020559,5588.447411772165
3022341,4125.943223805497
3024123,4617.728398729334
3025905,4471.730511575098
3027687,4400.007186348793
3000958,0.0415823944003588
3002740,0.047293908314429756
3004522,0.0334712996027483
3006304,0.022611565063207033
3008086,0.04281718814332396
3009868,0.03978353789876709
3011650,0.03926450490604984
3013432,0.04220008560005495
3015214,0.047293908314429756
3016996,0.03246128723321366
3018778,0.02161216592136341
3020560,0.041798042029065195
3022342,0.04473142812158669
3024124,0.04420992527031102
3025906,0.04104096778992519
3027688,0.039959925978400236
3000959,654.6399531752809
3002741,607.0765193304037
3004523,633.1323842795348
3006305,662.2695035474528
3008087,863.2089578947567
3009869,682.437733137585
3011651,709.1560805222078
3013433,592.6163045541475
3015215,561.0463759083563
3016997,655.8637973905115
3018779,641.7931097943411
3020561,855.2524530060442
3022343,636.6829248824188
3024125,626.0783343100295
3025907,563.3928554133435
3027689,734.5020209214813
3000960,12.629560932096853
3002742,11.15045098451092
3004524,11.692928996532414
3006306,17.68093040224967
3008088,10.914479900533012
3009870,8.028737470382136
3011652,10.066690709192901
3013434,9.23304870392839
3015216,10.800537718576228
3016998,13.63754786960789
3018780,20.45913235846081
3020562,10.239897435896506
3022344,9.994300124729893
3024126,11.265895945598775
3025908,12.67094118471553
3027690,12.08086874980364
3000961,1503.5356517323673
3002743,1496.4967660805708
3004525,1686.9694175445254
3006307,1991.9995774436047
3008089,2096.2822196679363
3009871,1955.2004433247507
3011653,1900.0625407769724
3013435,1588.4383796557584
3015217,1524.1254282061525
3016999,1894.0308040242307
3018781,2233.9764901173266
3020563,2371.914850826787
3022345,1819.4545735321135
3024127,2041.944714088314
3025909,1934.326582849633
3027691,1738.3201891091908
3000962,620.1062593607089
3002744,524.5230705344637
3004526,551.649375057138
3006308,681.950830623339
3008090,808.1168183758086
3009872,698.2025452667422
3011654,716.3595377551014
3013436,658.8860599251877
3015218,565.9915295194247
3017000,590.4987444545948
3018782,662.7585164539357
3020564,860.6301800529022
3022346,644.2348412306889
3024128,656.8800149481098
3025910,706.1188408680325
3027692,613.0172061002016
3000963,420.01244164143645
3002745,435.89867341292967
3004527,589.3696332531098
3006309,453.9218059355721
3008091,580.9590382066399
3009873,546.6007675987336
3011655,582.4388367449419
3013437,468.673512514886
3015219,442.45346656745323
3017001,591.2695020407319
3018783,507.06959881208553
3020565,589.5383741091027
3022347,529.7630321172169
3024129,579.5924201571614
3025911,522.0706788684134
3027693,482.418386173613
3000964,237.17968695412014
3002746,182.0893198045198
3004528,403.6433458559872
3006310,249.8104504862779
3008092,218.93100885994951
3009874,388.5050367941407
3011656,411.19498549752075
3013438,202.12223669505585
3015220,134.4499106661961
3017002,278.80298831967065
3018784,244.92137415629534
3020566,245.88364161617991
3022348,334.7726020136515
3024130,315.85241217482803
3025912,181.22035035310347
3027694,202.97662473064585
3000965,64.67955434099635
3002747,54.52321283543361
3004529,82.2234421741083
3006311,126.76604233392914
3008093,89.8860626667759
3009875,67.01876442284998
3011657,71.47338262345787
3013439,61.42021638069625
3015221,55.900436489121844
3017003,81.41904491057771
3018785,125.29239323935587
3020567,99.78578028261572
3022349,61.1796810491297
3024131,72.92307898846705
3025913,72.55347988845351
3027695,76.41077313446702
3000966,6427.4029546858865
3002748,5408.546775372327
3004530,6181.433352960238
3006312,7277.730066875067
3008094,8989.102295834633
3009876,7289.734405906971
3011658,7156.359849754141
3013440,6530.854309916298
3015222,6103.916043251765
3017004,7342.1332634121
3018786,8796.682714933324
3020568,9680.858100419417
3022350,7143.553938797938
3024132,7559.405406908273
3025914,7628.019977796483
3027696,7769.403603730226
3000967,25.840602022513487
3002749,31.970250651389115
3004531,28.12766233819873
3006313,39.29053789203981
3008095,31.75374998082775
3009877,20.32370899864518
3011659,25.675528377536743
3013441,30.900650885559642
3015223,26.73554723146083
3017005,26.254282520308177
3018787,34.275991567471095
3020569,27.866629625950967
3022351,19.506192760807973
3024133,21.108445612809167
3025915,18.669572528554717
3027697,22.526706066279953
3000968,0.6579478636680784
3002750,0.7088835046019977
3004532,0.6669261149069525
3006314,0.9363177320146359
3008096,1.4046357763278028
3009878,0.7025405169080248
3011660,0.7728027858202631
3013442,0.7159594978493831
3015224,0.6290207408343953
3017006,0.641035411040352
3018788,1.3671595440189899
3020570,1.0088564247810692
3022352,0.8097188498264323
3024134,0.6863895718125872
3025916,0.541279621068806
3027698,0.6025708480104575
3000969,23.73991813539145
3002751,20.01165748316975
3004533,23.90788167709281
3006315,31.187271705645863
3008097,30.77720742090519
3009879,21.093695089354643
3011661,19.70887078135507
3013443,17.357334819043984
3015225,19.862724821422546
3017007,23.890800510374014
3018789,29.89327589510396
3020571,29.688009679959546
3022353,13.872847989794854
3024135,23.93397408473749
3025917,21.123799930922825
3027699,22.246932870061627
3000970,23.61886826244061
3002752,21.83994815489427
3004534,25.11888381221797
3006316,31.667328310067532
3008098,35.48733961626913
3009880,28.413979116821483
3011662,24.07381628062209
3013444,20.77241239937979
3015226,20.28128048103983
3017008,22.84658743759486
3018790,29.522952459686856
3020572,27.019500123489813
3022354,20.765709310452404
3024136,15.036952479491354
3025918,17.620035234248586
3027700,15.973528820168656
3000971,0.2086173060359785
3002753,0.12378112962591574
3004535,0.11744752879146433
3006317,0.12690177520764076
3008099,0.42561380906418256
3009881,0.22028163162982883
3011663,0.2719905212571428
3013445,0.2474992333594557
3015227,0.23797716096123417
3017009,0.22498052667021073
3018791,0.3142599371642838
3020573,0.3410289253752735
3022355,0.2164260453470619
3024137,0.12318326746031519
3025919,0.1348338658465028
3027701,0.11591152312022648
3000972,441.06954317741526
3002754,405.81986606196057
3004536,380.0152845324217
3006318,444.82198125673176
3008100,536.5701669876997
3009882,527.0424207680383
3011664,483.81644025092277
3013446,407.010243593102
3015228,403.64373583415346
3017010,468.2605620009978
3018792,504.6256823175008
3020574,598.2831748297724
3022356,503.2155829004151
3024138,531.6279132466627
3025920,542.4935446218126
3027702,504.5695775761288
3000973,10.43391430450251
3002755,10.232411340957077
3004537,7.985504834287207
3006319,11.225412718470222
3008101,11.469873444506888
3009883,6.162004218732852
3011665,6.088732685790546
3013447,6.132781628180324
3015229,5.8678063259382185
3017011,4.948652540225019
3018793,9.69628405084133
3020575,11.078499157710077
3022357,4.108454205458521
3024139,4.0709714124167755
3025921,4.994095238445539
3027703,5.183482997715674
3000974,12.397759446351404
3002756,1.6126981310693114
3004538,1.1738610846688244
3006320,2.7961237322347903
3008102,2.9147806618407
3009884,1.6341374918870928
3011666,2.4092586099750193
3013448,1.3796012785126615
3015230,1.4890317817712915
3017012,1.8922690714766488
3018794,1.7099423292815144
3020576,1.4976399853795486
3022358,0.900574892608401
3024140,1.2045635094400624
3025922,1.3389489555118272
3027704,2.14147786276456
3000975,9.582241013694887
3002757,8.176238055987126
3004539,8.434708711448232
3006321,12.961133497524273
3008103,9.613956156499487
3009885,7.082116178605414
3011667,7.252837510812968
3013449,7.268857363235824
3015231,8.180876318228405
3017013,9.438248579232665
3018795,11.529062814332201
3020577,9.731243890957401
3022359,7.675821398452998
3024141,7.8110776480253765
3025923,8.572624879640392
3027705,6.508172226216686
3000976,38.86859099112222
3002758,32.13412544907843
3004540,53.696573949711855
3006322,68.4560200872504
3008104,25.634016480508514
3009886,30.84457223334646
3011668,32.08284886017023
3013450,31.2387637526327
3015232,27.72557443526548
3017014,56.90023725985242
3018796,71.80425799517785
3020578,24.47564981330851
3022360,27.2158252998979
3024142,30.949165388969373
3025924,28.66718490143838
3027706,29.30136646364948
3000977,2.0029953891764167
3002759,1.63826318709395
3004541,1.555527969712747
3006323,2.512201594400279
3008105,2.4300141742037855
3009887,2.010947470544648
3011669,1.9733334677353325
3013451,1.7620176285376155
3015233,1.508889396359045
3017015,2.0402625695731653
3018797,2.601921287931294
3020579,2.953629941487242
3022361,1.449250583347831
3024143,1.2819470307874181
3025925,1.3670737905922015
3027707,1.5713794056806036
3000978,572.0290973035013
3002760,888.930219991492
3004542,496.9917841526052
3006324,511.1622994990548
3008106,537.1710258759751
3009888,552.6567036383149
3011670,658.5204264558196
3013452,718.322119745138
3015234,952.5222242737408
3017016,592.092094195071
3018798,629.2193263296524
3020580,691.530044523942
3022362,642.5635986677528
3024144,682.4827708875728
3025926,662.9908690521657
3027708,875.1244638414263
3000979,312.3583639859731
3002761,272.1687355437789
3004543,301.4740931472086
3006325,395.8508289356012
3008107,469.52587651333164
3009889,403.38396260189836
3011671,361.2148617696212
3013453,311.8383676902092
3015235,287.9510518599583
3017017,349.4286664627264
3018799,424.5385875846486
3020581,519.4421836693266
3022363,416.7243562697392
3024145,464.8704773148078
3025927,435.900879139483
3027709,416.73480265299276
3000980,1.9055603774976828
3002762,1.7050685557642717
3004544,2.5294252075247443
3006326,5.513202165534472
3008108,4.471583593535259
3009890,2.741699623672523
3011672,2.9442909888901068
3013454,2.8915991122234255
3015236,2.832091760195925
3017018,2.5455348620292257
3018800,2.0729112220692487
3020582,3.008973635131733
3022364,1.7390792183382753
3024146,1.4853585652475414
3025928,2.0444914704316295
3027710,1.7484283660596835
3000981,14.537653604506426
3002763,14.049997097440409
3004545,13.339432080875605
3006327,14.469876103892469
3008109,13.879826561533928
3009891,12.772288975639329
3011673,10.718504536157289
3013455,12.324079620476631
3015237,12.154406493454966
3017019,11.478595776359247
3018801,16.01456627438477
3020583,15.879526281669825
3022365,13.538919723648505
3024147,13.322710184336431
3025929,10.36982764047505
3027711,11.662667007121781
3000982,331.58534058512936
3002764,325.2664134183992
3004546,555.33832614942
3006328,392.41303804260247
3008110,496.84041982123676
3009892,368.1750750349113
3011674,507.57797896339287
3013456,365.74364372827137
3015238,391.2958548386161
3017020,624.8836696132321
3018802,439.01630716651556
3020584,512.8248291990994
3022366,311.1168611295788
3024148,466.4338239481623
3025930,418.5020528571824
3027712,407.63264373644034
3000983,87.68786409943131
3002765,92.28908632369816
3004547,93.90058493399879
3006329,118.71582614006459
3008111,96.90537660349575
3009893,68.69534700983188
3011675,99.04687529277483
3013457,93.94887672012645
3015239,95.15313980536793
3017021,91.4881854464268
3018803,95.81033762184343
3020585,88.36180164142547
3022367,62.824320942633285
3024149,95.32829386329233
3025931,99.89706690493196
3027713,107.87978751380409
3000984,1659.7822520497944
3002766,1057.6712600454082
3004548,1391.1578099396804
3006330,1315.3269874345197
3008112,1589.7381990320514
3009894,1424.1925833202351
3011676,2303.433462573529
3013458,1127.4018197712774
3015240,1176.0368536022377
3017022,1414.7317751522771
3018804,1383.9980389184045
3020586,1626.499130241341
3022368,1288.0753630269573
3024150,2178.2987759378025
3025932,1148.4743828304377
3027714,1327.2453589088552
3000985,135.16857888940473
3002767,14.947850815810481
3004549,9.849681560011696
3006331,41.524615153269764
3008113,68.49420804904487
3009895,33.53810231367087
3011677,11.292367240020003
3013459,52.75977201477283
3015241,50.50179499939593
3017023,32.73916604999941
3018805,51.86914328553671
3020587,54.16474232135784
3022369,62.357773660361495
3024151,57.131006383302164
3025933,50.637238985208995
3027715,50.58078820042569
3000986,6.307181147211202
3002768,6.181206654876277
3004550,7.139903662131733
3006332,13.619419995976765
3008114,14.90410803000433
3009896,8.309164358074861
3011678,6.836443435404909
3013460,7.334949797111257
3015242,9.130189035481678
3017024,7.95355434554223
3018806,17.37437104715399
3020588,14.451595838235354
3022370,9.575064341108487
3024152,8.580837322586085
3025934,9.148810707231613
3027716,5.5359682158631704
3000987,3.6618226252267494
3002769,4.962239903141816
3004551,4.737811210854574
3006333,7.647419712444458
3008115,8.110148947830664
3009897,5.158952884117584
3011679,4.665814232737412
3013461,4.500654627024426
3015243,4.470012705683058
3017025,4.600440177897754
3018807,5.880725095963296
3020589,6.231783625166991
3022371,4.467913754036199
3024153,5.591081007221017
3025935,4.932977491090284
3027717,4.786140223750141
3000988,0.07423491800449958
3002770,0.07423172671566258
3004552,0.05426137504519992
3006334,0.057904938446990156
3008116,0.06968285564854958
3009898,0.06896762006145081
3011680,0.06896762006145081
3013462,0.06306572460575927
3015244,0.07423172671566258
3017026,0.056429806186091065
3018808,0.06008086376013429
3020590,0.07188300607610958
3022372,0.07798160274516333
3024154,0.07798160274516333
3025936,0.06564799041000542
3027718,0.0687757184154101
3000989,3.186352420540704
3002771,0.5113540481799574
3004553,1.6117946793927094
3006335,0.6812463873038594
3008117,0.8424466573815963
3009899,1.137126550032736
3011681,0.5812128807901966
3013463,0.6092235811940334
3015245,0.6589889272650828
3017027,0.5662564694068117
3018809,0.8543150755089459
3020591,1.042764349313813
3022373,0.7209847497869164
3024155,0.7320314967611579
3025937,0.7155999642907565
3027719,0.8416707843726596
3000990,1473.7611849690306
3002772,1396.7650873586276
3004554,1482.7983430409863
3006336,2006.2612553879972
3008118,1974.7511371667601
3009900,1780.0155733414751
3011682,1584.1533739606452
3013464,1351.9748725084635
3015246,1403.517799541726
3017028,1651.2084741864344
3018810,1947.8261204392438
3020592,2181.7318802585364
3022374,1657.7675522559323
3024156,1570.110636296399
3025938,1422.327517072175
3027720,1526.7194738865458
3000991,0.018105561778521875
3002773,0.016325546749883846
3004555,0.0036697248966561517
3006337,0.0048622191596066865
3008119,0.012459052248241944
3009901,0.011218328955425481
3011683,0.011218328955425481
3013465,0.01116401748167826
3015247,0.016325546749883846
3017029,0.004547140919336939
3018811,0.00574067767021683
3020593,0.013344151970505942
3022375,0.016447811737247367
3024157,0.016447811737247367
3025939,0.009948992478828056
3027721,0.011163643148526333
3000992,179.96263286452012
3002774,141.620173929682
3004556,156.71331823517343
3006338,204.4089189555891
3008120,233.09911395361573
3009902,222.61292826902073
3011684,199.43199863352
3013466,187.70029375683228
3015248,152.95778958584563
3017030,180.27184689975422
3018812,215.42943754579048
3020594,243.27156373546603
3022376,204.61863861502474
3024158,169.17634425535772
3025940,182.7754331519572
3027722,166.01503101886453
3000993,5.8091448704277875
3002775,5.927754771423078
3004557,7.015620469455866
3006339,10.947862624712634
3008121,7.536247860243902
3009903,5.8957076826965915
3011685,6.016020688126477
3013467,5.504309255486814
3015249,5.4382747419265165
3017031,7.808828374142108
3018813,9.734760294822047
3020595,6.684583120284833
3022377,5.991694592266774
3024159,6.371673116384402
3025941,6.478628951761878
3027723,7.16325835429309
3000994,1012.2970274437259
3002776,1121.0028731859697
3004558,1220.2840299884776
3006340,1500.1167328178237
3008122,1507.6141781969432
3009904,1331.5863213228124
3011686,1074.4980411885408
3013468,811.4648060113537
3015250,943.1251527631772
3017032,1048.0656590231165
3018814,1226.4082129023427
3020596,1153.2618143954578
3022378,1055.741171260882
3024160,1019.0817617493253
3025942,928.9453529858188
3027724,868.258293534404
3000995,505.57110878280935
3002777,355.838397672061
3004559,327.37950117487975
3006341,474.76545044236315
3008123,454.1910796801558
3009905,401.6973933791244
3011687,372.3023398188765
3013469,443.99167297073046
3015251,352.64003570553604
3017033,288.6994716800471
3018815,434.1951349918142
3020597,463.51349374413024
3022379,358.37546187142885
3024161,361.53149953395734
3025943,401.4006228880385
3027725,348.57300844493534
3000996,202.2124476821165
3002778,182.44908482587036
3004560,217.1136944175145
3006342,215.0413476587397
3008124,228.82377072151982
3009906,201.42727887563237
3011688,219.15718914639933
3013470,192.19473363447028
3015252,175.46687052257604
3017034,231.03572982800577
3018816,222.95717075344257
3020598,240.95162334969123
3022380,207.19732660393876
3024162,205.56397431986122
3025944,174.15974800389068
3027726,187.3582888518389
3000997,44.070145073798635
3002779,54.30320248114587
3004561,41.54314664446209
3006343,71.69271934409514
3008125,66.50830166563755
3009907,80.70177413275238
3011689,73.79767264259115
3013471,66.01311529490059
3015253,70.59332870701577
3017035,56.32936718111162
3018817,72.7833926849582
3020599,65.98322987657531
3022381,61.85710578627709
3024163,40.79008865820501
3025945,63.36245963018898
3027727,62.03981962980217
3000998,27.628903135811797
3002780,29.21416111536203
3004562,35.187023836305556
3006344,56.233288043048816
3008126,38.45883276130544
3009908,31.62766893577995
3011690,33.65981826686313
3013472,33.57754127866596
3015254,33.018516670075556
3017036,39.44498534313571
3018818,69.77284385607385
3020600,40.61545291516711
3022382,27.979914425423242
3024164,33.512801353221924
3025946,32.68031840225
3027728,30.560647733418225
3000999,2745.1966829073845
3002781,2658.913976153207
3004563,2729.857909887018
3006345,3389.4123505832417
3008127,3285.2229820574107
3009909,3236.0670574855085
3011691,2996.4544544963787
3013473,2735.3934545147717
3015255,2671.4086132472307
3017037,2863.009143017498
3018819,3465.1191301879926
3020601,3495.9633136491493
3022383,2971.91969242762
3024165,2815.348864178819
3025947,2697.394077255037
3027729,2722.18924228669
3001000,9.06518304238637
3002782,8.605376415286065
3004564,9.511110650846993
3006346,11.730225689195185
3008128,9.813024514653463
3009910,6.760092154744261
3011692,6.663257997890054
3013474,7.908120564742214
3015256,5.734471221500785
3017038,7.4099461214162705
3018820,10.04727218502483
3020602,8.136527414711514
3022384,4.512224755670861
3024166,5.330796432020211
3025948,4.905685084634797
3027730,6.1767212816096135
3001001,0.3920934258232501
3002783,0.4861232362974197
3004565,0.4787547113610165
3006347,0.5767527914489217
3008129,0.6991850125885362
3009911,0.5491424022855949
3011693,0.5168096692840702
3013475,0.4973529950546714
3015257,0.5041462836209807
3017039,0.49109275438059924
3018821,0.600443214499949
3020603,0.614920230764529
3022385,0.4971930906602585
3024167,0.45270844502988283
3025949,0.39846913298254016
3027731,0.44306427038557583
3001002,12.040979692544282
3002784,9.033964701819293
3004566,11.731396065703587
3006348,18.7521449762016
3008130,9.70735702730007
3009912,10.421682608029178
3011694,12.74987564753986
3013476,10.984560993616233
3015258,12.59218237022168
3017040,12.045877930654306
3018822,20.12987674298441
3020604,9.21815234118275
3022386,8.940507231300646
3024168,10.53896586610297
3025950,10.214285936850684
3027732,11.163829091415709
3001003,20.425920935939445
3002785,16.65969733755725
3004567,14.235106869290195
3006349,21.021110405932244
3008131,19.751367996803072
3009913,16.529206921247678
3011695,13.677580310320186
3013477,13.219187662494495
3015259,16.984040453124734
3017041,15.277854319735997
3018823,22.354174007323415
3020605,19.924696349327384
3022387,13.715613445604264
3024169,16.681352310175413
3025951,15.502569913891264
3027733,15.098444613425627
3001004,0.23449229746480943
3002786,0.2526563992762233
3004568,0.2350114200649622
3006350,0.2926304241905145
3008132,0.36968568145919517
3009914,0.2708897294577025
3011696,0.23299023526008966
3013478,0.15701570714150662
3015260,0.1005914638052922
3017042,0.09218514486208196
3018824,0.1610438124109764
3020606,0.10444111438767144
3022388,0.09079229677557327
3024170,0.08938604620551036
3025952,0.07671525786476581
3027734,0.06299260006997219
3001005,167.5099996991861
3002787,172.15179852039958
3004569,140.84801380518434
3006351,205.3943579593161
3008133,203.744280079312
3009915,198.12916986089493
3011697,185.78650521089955
3013479,167.45672515626237
3015261,167.3667628807694
3017043,140.8463969341215
3018825,205.80664528434173
3020607,193.41181121930043
3022389,174.5686920679301
3024171,175.88380765703772
3025953,163.38340655179405
3027735,143.8010665441083
3001006,3.683436635348441
3002788,3.477207317180655
3004570,4.313489040681976
3006352,7.4026928384385915
3008134,7.860194144385762
3009916,4.797026901822935
3011698,4.250081897213483
3013480,4.631779235762742
3015262,3.685788601322508
3017044,3.6645580674054052
3018826,8.280262160199095
3020608,8.43320945133956
3022390,3.573548897307761
3024172,4.73091559461044
3025954,4.822518872208242
3027736,4.169432443193149
3001007,5.20322343502773
3002789,0.07306660659364339
3004571,0.07714447720295181
3006353,0.07833535342296175
3008135,0.0582811652360524
3009917,0.07179907923624745
3011699,0.07179907923624745
3013481,0.07608707373043443
3015263,0.07306660659364339
3017045,0.07638000587741048
3018827,0.07757003690836571
3020609,0.05753008158636014
3022391,0.07236148362797765
3024173,0.07236148362797765
3025955,0.08070996839874277
3027737,0.06761651592261218
3001008,8.90080611399014
3002790,4.334305536286849
3004572,3.339264678856815
3006354,5.64422554208033
3008136,9.193766494684052
3009918,9.07648283886591
3011700,8.77907825549075
3013482,10.809221806753873
3015264,9.796090428427904
3017046,13.420015217713729
3018828,10.965164566039435
3020610,8.078637259618192
3022392,7.957131221552647
3024174,9.966882517234584
3025956,5.788731374590805
3027738,4.246407070182638
3001009,38.75022438741797
3002791,31.80515201882033
3004573,51.69964518570468
3006355,65.49219965509577
3008137,42.292642818518196
3009919,27.93969211163313
3011701,28.14845354449756
3013483,29.774781053707773
3015265,25.281050827844563
3017047,43.19625496397703
3018829,64.85016050556821
3020611,34.82775149786004
3022393,15.443638811533482
3024175,20.555840580149212
3025957,22.59808615592912
3027739,27.04386228744361
3001010,1.016858368300607
3002792,1.2735390896838448
3004574,1.399685956606441
3006356,1.5774746358681213
3008138,1.0987647225535486
3009920,1.0129756238384466
3011702,0.8690059767777327
3013484,1.0254116876626385
3015266,1.0859697195907012
3017048,1.0126388756663962
3018830,1.4842488218704277
3020612,1.2360779055887599
3022394,1.1177263492308152
3024176,1.2171202684876348
3025958,1.150411000792288
3027740,1.1027273547717447
3001011,160.36023224295613
3002793,232.78545607305998
3004575,122.71411410462728
3006357,143.37396609772975
3008139,136.9701903013039
3009921,151.28065482298868
3011703,195.74771251200946
3013485,154.57879485315794
3015267,220.8403726027628
3017049,114.95714421938555
3018831,162.77003242740054
3020613,148.7428606711118
3022395,145.6423155797129
3024177,165.9001746387089
3025959,115.24506889546672
3027741,198.98879325388828
3001012,150.6484495277508
3002794,149.42954860571936
3004576,150.00747743960852
3006358,204.04471558011602
3008140,216.18045600624396
3009922,197.68481326453497
3011704,186.18280991090543
3013486,170.65065912931274
3015268,154.38720715411165
3017050,157.7456698212925
3018832,218.01836518596824
3020614,227.95088358605753
3022396,190.87890874154115
3024178,199.55700310451982
3025960,179.6054379965298
3027742,170.42736280762338
3001013,0.906229856392933
3002795,1.1763766385409702
3004577,1.2118645258973055
3006359,1.4019117508094974
3008141,1.4576080951589794
3009923,0.9454088636463716
3011705,1.2536863254615294
3013487,1.1746280564802905
3015269,1.092705061148477
3017051,0.9706490242964014
3018833,1.3102133859876384
3020615,1.3866155886088554
3022397,1.0113159489439956
3024179,0.968294511765142
3025961,0.895600186357749
3027743,0.9869856675090236
3001014,4.582696247930003
3002796,5.28779942949979
3004578,4.204492037478432
3006360,6.226608576840394
3008142,6.821064349555298
3009924,5.335287754454413
3011706,3.885184836896859
3013488,4.103226056682615
3015270,4.408917332947183
3017052,3.851511661104908
3018834,6.810915175577131
3020616,5.222907641773589
3022398,5.175981811927999
3024180,6.254264830389207
3025962,4.243342963988327
3027744,5.348835079333311
3001015,153.2003334211632
3002797,149.58650388651463
3004579,165.54981277995824
3006361,164.75608155314782
3008143,166.30553025826404
3009925,169.22683353086927
3011707,175.60435064439233
3013489,123.98648444260039
3015271,140.7449202337563
3017053,167.37000604432657
3018835,150.86167694869354
3020617,176.38202854454897
3022399,152.91901875292288
3024181,150.8495328798209
3025963,128.77296244367813
3027745,150.6246936832828
3001016,28.536125365602754
3002798,29.229085737526066
3004580,27.29167590313767
3006362,35.94344954066468
3008144,34.99138870425842
3009926,30.020091533773723
3011708,29.5340813565439
3013490,27.23404700119114
3015272,28.82166850207414
3017054,31.702701753269857
3018836,37.62810109290563
3020618,35.65509710925947
3022400,26.445703959635377
3024182,27.35578683939033
3025964,24.561924924061735
3027746,31.771658056356323
3001017,525.8125044701279
3002799,342.31208668344135
3004581,306.0404549759378
3006363,421.91103801225955
3008145,363.1010211132868
3009927,326.4110408740797
3011709,470.9406908985368
3013491,305.96782435490314
3015273,337.9203737784036
3017055,280.45830589241825
3018837,420.31387815906317
3020619,384.32927040630733
3022401,321.692584064813
3024183,489.90580549612275
3025965,280.29273841496945
3027747,338.77401346243244
3001018,33.16715803329431
3002800,5.198539360819294
3004582,13.93426807659586
3006364,5.867752661353494
3008146,3.5900861270621798
3009928,11.945971480791629
3011710,11.91140653700317
3013492,12.74256126886579
3015274,4.832930036447729
3017056,2.7096634763094785
3018838,5.227172582724922
3020620,2.2439068603971197
3022402,4.163796541007754
3024184,15.300729944055892
3025966,4.5178343652402955
3027748,0.44209417857125516
3001019,2.4535328391997115
3002801,3.0502528801263287
3004583,2.351940418871233
3006365,4.935320265537915
3008147,2.7243606851116615
3009929,2.4583237654882586
3011711,2.4980542109374233
3013493,2.723355933837748
3015275,2.1356477820362074
3017057,1.8618709226732184
3018839,4.44011432631372
3020621,2.413387529317373
3022403,1.9407852014440268
3024185,2.650773303995132
3025967,2.3473981675841427
3027749,1.6172602740436877
3001020,3.677441689197991
3002802,3.4940272285006255
3004584,4.166110329144607
3006366,5.71090595276344
3008148,4.701350587965998
3009930,4.49350739547392
3011712,4.487575998921516
3013494,3.9704930192262964
3015276,4.244248131071449
3017058,5.124912335873586
3018840,6.162983970887533
3020622,6.267776909169595
3022404,4.561077982333872
3024186,4.027625983206379
3025968,3.8280379030477105
3027750,3.9849977204809166
3001021,0.07249083637445705
3002803,0.07248765026685944
3004585,0.05254972160081619
3006367,0.05618736946970904
3008149,0.06794616455124884
3009931,0.06723209018990035
3011713,0.06723209018990035
3013495,0.06133977679794005
3015277,0.07248765026685944
3017059,0.05471463217013079
3018841,0.05835976204406076
3020623,0.0701427429091621
3022405,0.07623143815885097
3024187,0.07623143815885097
3025969,0.06391785014644157
3027751,0.067040500107122
3001022,2.713525679954616
3002804,1.6133693817018888
3004586,1.5398343458082566
3006368,3.1453010773021237
3008150,3.512612682786309
3009932,2.2725349541274946
3011714,2.9371015750644704
3013496,2.8863687296024683
3015278,1.4121998983128807
3017060,2.4192618115515763
3018842,3.989899152755159
3020624,2.319090375969208
3022406,2.4007987241849373
3024188,1.7736304560730645
3025970,1.6953785946764386
3027752,1.2986495100513071
3001023,1288.6265611702715
3002805,1359.6886396059385
3004587,1758.9145834208375
3006369,1887.3834054221925
3008151,1766.7829277826497
3009933,1758.571782118753
3011715,1556.969106054876
3013497,1406.2083596628354
3015279,1454.1085072860621
3017061,1657.7945552351423
3018843,2167.170810042414
3020625,1922.3319848839892
3022407,1933.2358201038578
3024189,1495.2481364501273
3025971,1434.3635985192636
3027753,1350.246026827488
3001024,0.018105561778521875
3002806,0.016325546749883846
3004588,0.0036697248966561517
3006370,0.0048622191596066865
3008152,0.012459052248241944
3009934,0.011218328955425481
3011716,0.011218328955425481
3013498,0.01116401748167826
3015280,0.016325546749883846
3017062,0.004547140919336939
3018844,0.00574067767021683
3020626,0.013344151970505942
3022408,0.016447811737247367
3024190,0.016447811737247367
3025972,0.009948992478828056
3027754,0.011163643148526333
3001025,119.41861835307662
3002807,122.04376618406687
3004589,110.84641431281248
3006371,136.59107942681354
3008153,157.04239113719674
3009935,137.06314704985485
3011717,166.95898857361894
3013499,114.86955106435686
3015281,101.88774997692113
3017063,101.55631133408389
3018845,142.30273592701246
3020627,150.34607668626157
3022409,133.1358602192975
3024191,111.14944657112932
3025973,102.17231926013346
3027755,93.63805983285019
3001026,4.956207504598954
3002808,5.863198711048567
3004590,4.929744892763192
3006372,10.594171661599043
3008154,6.965170744648933
3009936,4.771083600744896
3011718,4.710512116225391
3013500,5.556915696998474
3015282,6.590010323082875
3017064,5.69786065607904
3018846,9.246104888419232
3020628,8.028641991333819
3022410,5.03406496380741
3024192,5.563560454429071
3025974,5.037702046877803
3027756,6.561600763896818
3001027,679.8899415099924
3002809,762.0267419598742
3004591,844.2025180347455
3006373,975.4168655869898
3008155,926.4251399132635
3009937,1033.109612526747
3011719,833.5598405729863
3013501,656.8566680317231
3015283,960.8511435109373
3017065,886.689855882901
3018847,978.677283660479
3020629,1018.6149476726841
3022411,1014.5542201699703
3024193,854.5652251117605
3025975,724.9156811506728
3027757,729.5834135783166
3001028,284.4636663289682
3002810,235.60823884679846
3004592,229.82679107511453
3006374,361.2294650007915
3008156,280.8233375271797
3009938,301.4193777254958
3011720,276.6565149492893
3013502,294.8675329101687
3015284,218.98510553870142
3017066,235.24277806075307
3018848,346.11979486982364
3020630,278.8563188227691
3022412,289.9773259072984
3024194,248.47910143832465
3025976,297.4652436236017
3027758,212.9164294972107
3001029,154.67592236324253
3002811,120.06815914097997
3004593,165.10600831443458
3006375,198.26705073251858
3008157,159.3100750235976
3009939,175.61958495415251
3011721,195.30533016700915
3013503,135.47171872344487
3015285,118.56335784991468
3017067,175.16644963830976
3018849,203.11136495249244
3020631,186.83257941688396
3022413,155.50009205662406
3024195,158.80387571248232
3025977,142.25029642944295
3027759,119.16465823759968
3001030,63.7820850808707
3002812,39.970082002177186
3004594,35.391022471136594
3006376,51.581738081947954
3008158,51.31114724641634
3009940,88.43845978121843
3011722,46.7140659340878
3013504,50.16251027680603
3015286,36.16090656396979
3017068,41.99924525017726
3018850,51.655966547023304
3020632,57.863165330723476
3022414,66.6859190782454
3024196,39.031606453263976
3025978,34.91877369198336
3027760,35.094809911994325
3001031,26.618271155108957
3002813,28.947871894597455
3004595,30.45221553821119
3006377,52.89569461695901
3008159,33.81251636222463
3009941,30.06925806493861
3011723,27.056726753758674
3013505,24.053714045714177
3015287,25.38563764343465
3017069,33.79308424386934
3018851,51.00246710505209
3020633,29.638545723346827
3022415,24.854745413760046
3024197,27.267873673703342
3025979,26.636583953195277
3027761,27.47878613628064
3001032,2304.3691695843904
3002814,2562.4681450520566
3004596,2745.287093738352
3006378,3339.792374298861
3008160,2885.831320912334
3009942,3166.1595570951617
3011724,2955.4452603067166
3013506,2646.0408784604606
3015288,2590.1530776353507
3017070,2798.391687500378
3018852,3600.36762632563
3020634,2857.5395469691543
3022416,3141.02727765718
3024198,2664.845148397316
3025980,2958.202361540093
3027762,2543.6927270151987
3001033,10.872459175126119
3002815,7.722619078192425
3004597,12.029954414178079
3006379,18.585296869186063
3008161,14.195640490188534
3009943,11.101913565059832
3011725,10.0972043372658
3013507,11.974536883424594
3015289,11.634995009390321
3017071,19.243439642489374
3018853,18.16136906600512
3020635,15.018620688094636
3022417,10.300158030670703
3024199,10.803256558758468
3025981,8.801451069781097
3027763,9.12109445239456
3001034,0.29075659650027286
3002816,0.2884998893116092
3004598,0.26976188786325794
3006380,0.3331779404968095
3008162,0.25019229748114696
3009944,0.23049324675360877
3011726,0.22890689357269542
3013508,0.22801669993401788
3015290,0.23728990055366073
3017072,0.31890670564848056
3018854,0.38631545571931
3020636,0.35608972932503774
3022418,0.29222741632802224
3024200,0.29056147539111443
3025982,0.29195936660416266
3027764,0.2913125950983906
3001035,16.160527797414424
3002817,15.1502614195606
3004599,12.138216248387788
3006381,17.836550453727963
3008163,16.482003336545432
3009945,12.989649930716785
3011727,10.762378464997838
3013509,8.70975106989123
3015291,11.06595725720116
3017073,9.70354219987291
3018855,16.552316796674752
3020637,13.124818045575964
3022419,11.66360638713065
3024201,12.808274818566398
3025983,10.215991767521016
3027765,8.905236326288911
3001036,15.493865302909896
3002818,6.790411980214178
3004600,10.339864071468897
3006382,14.637623557276338
3008164,14.420521664097322
3009946,10.149513338804006
3011728,7.334311608286056
3013510,7.289193147390847
3015292,9.538500114876586
3017074,10.224753215147848
3018856,12.048204939516356
3020638,8.671212282195341
3022420,10.11982019492472
3024202,7.334172072878694
3025984,8.580244356309061
3027766,7.491746289916415
3001037,0.09214586227374798
3002819,0.1005914638052922
3004601,0.06420940072867216
3006383,0.07708817879106583
3008165,0.08673213061412847
3009947,0.0862722086524036
3011729,0.08487178538467753
3013511,0.1034644941070392
3015293,0.06841908604748635
3017075,0.0643132498451391
3018857,0.0771932846618164
3020639,0.08683817757398746
3022421,0.0734068991958759
3024203,0.07202306189855937
3025985,0.07671525786476581
3027767,0.06299260006997219
3001038,125.07420129355901
3002820,108.31769601305005
3004602,120.93082752116618
3006384,182.8308696216158
3008166,160.41469819865992
3009948,175.99309208512986
3011730,154.62051258598433
3013512,132.5833868196714
3015294,127.12990434045253
3017076,133.10164708991715
3018858,199.57613868779305
3020640,147.9412532640661
3022422,152.63978557167363
3024204,147.6518986822793
3025986,126.42399054430143
3027768,129.79355308707352
3001039,1.111849284495952
3002821,1.5742962970236034
3004603,1.3522532951083863
3006385,1.8993479416216932
3008167,1.8006723334608696
3009949,1.2504100795757473
3011731,1.3763365268479104
3013513,1.4774252611903105
3015295,1.3061608434066962
3017077,1.3745809593056277
3018859,1.662235431714214
3020641,1.570668877838325
3022423,1.476215337987385
3024205,1.2879211672017283
3025987,1.1354288904579777
3027769,1.135333417544739
3001040,5.20322343502773
3002822,0.07306660659364339
3004604,0.07714447720295181
3006386,0.07833535342296175
3008168,0.0582811652360524
3009950,0.07179907923624745
3011732,0.07179907923624745
3013514,0.07608707373043443
3015296,0.07306660659364339
3017078,0.07638000587741048
3018860,0.07757003690836571
3020642,0.05753008158636014
3022424,0.07236148362797765
3024206,0.07236148362797765
3025988,0.08070996839874277
3027770,0.06761651592261218
3001041,4.591757256994122
3002823,2.35886850520554
3004605,1.797465926411694
3006387,3.376742599647921
3008169,2.7700551999296694
3009951,2.6696124843020588
3011733,3.4628283239643816
3013515,2.5147620614681134
3015297,2.3062376274889353
3017079,2.5922892583849295
3018861,2.292500885732458
3020643,2.4863427575727144
3022425,2.399929545205771
3024207,1.8643171219046146
3025989,1.5736492328865026
3027771,2.0078673335082002
3001042,37.498002236493335
3002824,26.364247825671367
3004606,49.716009121108094
3006388,66.24978562060939
3008170,18.371103026759386
3009952,27.083781037538444
3011734,29.08447837656871
3013516,32.37250337760171
3015298,23.970903209368096
3017080,36.61609055185433
3018862,40.91861826180623
3020644,5.546281673370145
3022426,20.3596115859929
3024208,21.648922792859945
3025990,29.081124894807267
3027772,25.453467020833063
3001043,0.5941987261528305
3002825,0.5480908675460514
3004607,0.5586115441039567
3006389,0.532719448495838
3008171,0.8226226349765373
3009953,0.30971199241263514
3011735,0.549500171781419
3013517,0.858780523098204
3015299,0.9474543735733005
3017081,1.11685342784659
3018863,1.3539507393259882
3020645,1.0872624885107336
3022427,0.9259249388215529
3024209,1.0251773370544073
3025991,0.8364866214422395
3027773,0.7705308519804872
3001044,143.0671948871991
3002826,188.74201458065937
3004608,149.66282135236918
3006390,160.5938732797245
3008172,121.98404473893012
3009954,182.19099450247097
3011736,187.43236121182107
3013518,144.5991839908802
3015300,207.5548593778093
3017082,132.00776735897935
3018864,190.32740773459605
3020646,135.88430915967797
3022428,170.30766638303524
3024210,167.9114021599881
3025992,96.34961259655078
3027774,197.30372731137552
3001045,140.2747758866344
3002827,148.8603075155695
3004609,141.9843741851128
3006391,229.07354413815557
3008173,176.84797136833967
3009955,264.15739195573025
3011737,193.1724132613201
3013519,165.52099074354706
3015301,175.66865615451093
3017083,171.05417609353375
3018865,245.76594743968332
3020647,183.40979069068945
3022429,222.1793392282239
3024211,197.44250376776938
3025993,191.89476457023218
3027775,170.03124782572868
3001046,0.5118200639739596
3002828,0.5386725198175575
3004610,0.5052164891795652
3006392,0.4676004459433476
3008174,0.5301985015102542
3009956,0.4773477012127512
3011738,0.4072293908705625
3013520,0.48484637903144767
3015302,0.4490252234592395
3017084,0.48933793326746533
3018866,0.5584105055628446
3020648,0.6500899121413435
3022430,0.5639093655334815
3024212,0.615745036141248
3025994,0.5579601833630201
3027776,0.5210920110036608
3001047,3.9400743200690984
3002829,3.82236792889029
3004611,4.841930624595184
3006393,5.297147649434777
3008175,7.188139590146628
3009957,5.260327266482982
3011739,4.487633197321128
3013521,5.107609902431169
3015303,4.664286057535124
3017085,4.640539168904386
3018867,6.3081310921034435
3020649,6.051962233528576
3022431,4.036102591600803
3024213,4.429049997042572
3025995,4.322244015251089
3027777,3.973936379137035
3001048,71.99491090464414
3002830,88.74351582861648
3004612,107.29566234864487
3006394,126.52468940487854
3008176,100.37321983656769
3009958,73.25670368344359
3011740,99.19694724218256
3013522,73.5604515278505
3015304,94.16558218163964
3017086,107.51727553012559
3018868,123.03260070831504
3020650,113.64298915983659
3022432,94.82803423115877
3024214,105.518391263048
3025996,68.77630742816743
3027778,94.94510086518893
3001049,18.96974362692353
3002831,20.142005847296605
3004613,20.83605887687855
3006395,25.662738096237888
3008177,28.497338103651675
3009959,24.321180391353728
3011741,21.35866521526648
3013523,23.14300764581001
3015305,22.323860269947346
3017087,22.00376123244189
3018869,29.157080860735046
3020651,26.57763861994151
3022433,18.93192239770526
3024215,19.59438301332719
3025997,19.38849994063564
3027779,18.685806900587313
3001050,270.6465557560216
3002832,175.46274231793382
3004614,169.6795566009134
3006396,238.7289705677944
3008178,188.79728732177784
3009960,188.1385008217951
3011742,248.8173560580208
3013524,180.1952011709274
3015306,144.79650269848278
3017088,166.81044190747875
3018870,213.49384484773393
3020652,194.87799964303753
3022434,195.0906931013884
3024216,234.51012410793382
3025998,159.96778019691655
3027780,187.49533631522021
3001051,33.16715803329431
3002833,3.104844717538924
3004615,4.950039949301132
3006397,9.090005085094518
3008179,9.181651546220422
3009961,5.116848973868944
3011743,11.91140653700317
3013525,35.129871253498685
3015307,11.231944556555572
3017089,9.013281349172328
3018871,9.92640391560364
3020653,10.808613242823714
3022435,6.599361935210028
3024217,8.730691488790432
3025999,0.0
3027781,13.297676451059312
3001052,1.4069294122144407
3002834,1.2425824439183022
3004616,1.2137039029953614
3006398,2.305652900190361
3008180,1.8928728430635604
3009962,1.4896831650406162
3011744,1.544823444800285
3013526,1.3325005115576318
3015308,1.2266676194460833
3017090,1.2392772474101617
3018872,4.313218144055755
3020654,1.24243023590863
3022436,1.0362555783385368
3024218,0.9883438426498086
3026000,0.8798505187216801
3027782,0.9399688232935675
3001053,2.5519672876483046
3002835,2.578017510972105
3004617,2.3658373662643113
3006399,3.6576628449722923
3008181,3.1850128724787776
3009963,2.325893132860614
3011745,2.4665740810672707
3013527,2.6220839877403828
3015309,2.787135676354615
3017091,2.6794311850488426
3018873,3.9572563940172145
3020655,3.296527471548317
3022437,2.273221803668876
3024219,2.390124052556872
3026001,2.369078002255403
3027783,2.463974033664714
3001054,0.0
3002836,0.0
3004618,0.0
3006400,0.0
3008182,0.0
3009964,0.0
3011746,0.0
3013528,0.0
3015310,0.0
3017092,0.0
3018874,0.0
3020656,0.0
3022438,0.0
3024220,0.0
3026002,0.0
3027784,0.0
3001055,3.197490040842906
3002837,1.9623836478276733
3004619,2.0314465022510713
3006401,3.1652261106854525
3008183,1.9604856894115272
3009965,1.3133456972074011
3011747,1.1418751772956117
3013529,0.9491724031989863
3015311,2.046684248142021
3017093,1.5262291604380396
3018875,1.9157548519378529
3020657,2.0371379163356096
3022439,0.8408042990455118
3024221,1.884235249894481
3026003,2.0046584472885325
3027785,1.3008348538132286
3001056,994.2024692202318
3002838,995.2067664029184
3004620,1217.482577844724
3006402,1261.914080265345
3008184,1167.8883290547242
3009966,1276.8275750666683
3011748,1215.6322923290622
3013530,1090.911374354545
3015312,1104.1638307677742
3017094,1193.0481209285294
3018876,1358.7490457425774
3020658,1387.6355315343021
3022440,1057.7890905892375
3024222,1083.4267065703432
3026004,1253.4560034725748
3027786,1207.7524278495873
3001057,0.0
3002839,0.0
3004621,0.0
3006403,0.0
3008185,0.0
3009967,0.0
3011749,0.0
3013531,0.0
3015313,0.0
3017095,0.0
3018877,0.0
3020659,0.0
3022441,0.0
3024223,0.0
3026005,0.0
3027787,0.0
3001058,127.8448926430786
3002840,140.54520887974834
3004622,115.7227125870361
3006404,158.83108516920962
3008186,146.21252485513696
3009968,153.81582486525133
3011750,141.29211929831249
3013532,117.88573269721367
3015314,113.0519909374253
3017096,122.09541819595464
3018878,168.3370669289227
3020660,155.10716376727999
3022442,139.93346878737947
3024224,142.61836224820175
3026006,138.86211944405653
3027788,119.14188483493244
3001059,4.724098328277223
3002841,5.030225017756948
3004623,5.808838036806185
3006405,7.3630454587867735
3008187,5.387487383019123
3009969,4.1868190480760195
3011751,5.901620446169897
3013533,4.893944337724225
3015315,5.598847269950803
3017097,6.262727526624316
3018879,10.059887200830042
3020661,7.037642096601921
3022443,6.057201609060442
3024225,5.107047680512335
3026007,6.6615244188977645
3027789,6.754041629606379
3001060,735.9900521483853
3002842,911.2666575037236
3004624,756.454035824794
3006406,1144.6083631565402
3008188,1066.379119043065
3009970,909.3388657452501
3011752,746.7800914706879
3013534,574.4003339189445
3015316,1120.5872510480356
3017098,679.0585744674128
3018880,958.3567916486411
3020662,774.8851491071339
3022444,799.191541065336
3024226,693.0280120960302
3026008,733.7039930820628
3027790,688.4305658849852
3001061,278.9789602243204
3002843,229.91344610146857
3004625,223.77624824882702
3006407,299.3752902006227
3008189,239.36449648091767
3009971,270.7062316651868
3011753,269.8995904718997
3013535,269.47033592941716
3015317,244.7864903535241
3017099,248.62107989139122
3018881,330.3919584907247
3020663,247.47822597538672
3022445,245.3130128450168
3024227,228.14819724058907
3026009,290.6376476833797
3027791,248.46867447080143
3001062,153.47676861666113
3002844,162.4588250346855
3004626,212.12127532718722
3006408,189.93120810190226
3008190,159.97280613527326
3009972,179.64689386802428
3011754,180.49325088350537
3013536,157.51936308807146
3015318,130.26077278088025
3017100,234.18535621171205
3018882,205.4440502034831
3020664,172.37078396818112
3022446,168.85339342456314
3024228,156.36926687825002
3026010,182.08140706740775
3027792,147.26507459537623
3001063,36.4094110726108
3002845,28.287151975986724
3004627,28.564669709827523
3006409,38.91475477348135
3008191,36.02779282583522
3009973,37.27309294756861
3011755,31.25983723567483
3013537,31.641307847761993
3015319,26.758090897616864
3017101,40.65037291700437
3018883,38.89695057058335
3020665,43.307260529969675
3022447,43.98150780503397
3024229,28.397604421580297
3026011,22.5639375820783
3027793,24.811500988812128
3001064,26.284538676134034
3002846,28.354004090258435
3004628,36.19125019204405
3006410,58.935760924921325
3008192,29.350404462206765
3009974,27.823649096498908
3011756,27.240635107942538
3013538,27.794953818765674
3015320,31.365435401569698
3017102,39.253993579030336
3018884,60.420666547489
3020666,31.94094686112473
3022448,25.673746331731152
3024230,26.863089726707287
3026012,28.073140248016653
3027794,26.996525611582545
3001065,1592.8221769638003
3002847,1740.6309210047693
3004629,1905.1500923160263
3006411,2458.8098616636557
3008193,2145.933992274484
3009975,2181.8464704117087
3011757,1932.0407531356723
3013539,1658.5235724278807
3015321,1758.4988971856305
3017103,1974.3147960479307
3018885,2637.7680991012926
3020667,1972.8849274526062
3022449,1999.9578146225108
3024231,1801.4108992023157
3026013,2108.5275146971494
3027795,1801.8039771454628
3001066,9.659224581688939
3002848,9.252553251334833
3004630,9.088420767041214
3006412,8.090562293536674
3008194,5.516634499281823
3009976,4.566590432770857
3011758,4.741899281830344
3013540,4.181841521810251
3015322,3.4981203762954047
3017104,3.911715206951925
3018886,4.747651643035697
3020668,5.006932351970284
3022450,3.0468217658930055
3024232,3.110028672521442
3026014,2.9795698882566035
3027796,3.1081936198946805
3001067,0.23009530160736708
3002849,0.2823094469689086
3004631,0.2733907658605181
3006413,0.47501994655196633
3008195,0.5487693958641182
3009977,0.2732580010728552
3011759,0.28910583989617583
3013541,0.28740117743208976
3015323,0.24311994295274422
3017105,0.22994132148031773
3018887,0.28740897155419437
3020669,0.1512604340628514
3022451,0.12953097357983193
3024233,0.15631548254839292
3026015,0.1475892272556404
3027797,0.16264507193599417
3001068,11.96319375355137
3002850,9.112720914623823
3004632,10.204699326700236
3006414,14.008862943065886
3008196,11.355321455403558
3009978,7.847148657374655
3011760,8.411981456190956
3013542,9.428865669828568
3015324,9.515913186688023
3017106,7.772061777615152
3018888,15.539579747815928
3020670,10.427765402820611
3022452,7.465779905004458
3024234,7.067465725980407
3026016,8.826655313619638
3027798,8.48139642670303
3001069,19.87200338144396
3002851,16.335828631119544
3004633,16.88058107206444
3006415,16.50609260584938
3008197,14.283137751041993
3009979,17.683764754169488
3011761,16.15260848637126
3013543,18.742404389836143
3015325,13.626773708800572
3017107,16.731543202318534
3018889,24.75618222386787
3020671,14.435300079554766
3022453,20.284590617955885
3024235,12.398540099741835
3026017,15.26596196135289
3027799,15.794181099713029
3001070,0.04557680806424183
3002852,0.04823488381481274
3004634,0.07084036454971433
3006416,0.10020974789944423
3008198,0.0852541107894212
3009980,0.07271797081797919
3011762,0.0
3013544,0.013025184973302106
3015326,0.0
3017108,0.0029270116400833407
3018890,0.04389867334812771
3020672,0.07145971623450367
3022454,0.0
3024236,0.003557457518667801
3026018,0.04169040975816634
3027800,0.0
3001071,167.05783875740528
3002853,192.30297718223687
3004635,162.12562961471957
3006417,259.19476961412335
3008199,190.23972737179548
3009981,249.86415664077492
3011763,187.19675218813725
3013545,171.56832512830937
3015327,190.48776783391656
3017109,168.62229640036628
3018891,266.1152764644075
3020673,178.19473189246244
3022455,201.44395597969037
3024237,165.41236196231736
3026019,167.8312143734252
3027801,171.08409783890846
3001072,0.935102537801872
3002854,0.8783532061448021
3004636,0.80756270694272
3006418,1.4958881177661256
3008200,1.1928404143332436
3009982,0.6610605572120356
3011764,0.9794453934738176
3013546,0.8765212263251965
3015328,0.7239780641826041
3017110,1.170572018040501
3018892,1.2548144192352915
3020674,0.9436609366487669
3022456,1.02385836067812
3024238,0.7478394279776177
3026020,0.9121161720394091
3027802,1.0397479581618838
3001073,5.763001871839531
3002855,0.0
3004637,0.0
3006419,0.0
3008201,0.0
3009983,0.0
3011765,0.0
3013547,0.0
3015329,0.0
3017111,0.0
3018893,0.0
3020675,0.0
3022457,0.0
3024239,0.0
3026021,0.02679005567061716
3027803,0.0
3001074,5.615293837159578
3002856,2.1539656460788286
3004638,2.087734438776617
3006420,3.7046987330567367
3008202,3.0036259387797566
3009984,2.5352638124586657
3011766,2.3478429939611813
3013548,1.9655717674377517
3015330,2.2470583266135113
3017112,2.1127742248092183
3018894,2.848221368727412
3020676,2.554602085966338
3022458,2.1483297668652095
3024240,1.8349615221402034
3026022,1.9797362368386127
3027804,2.178231247996481
3001075,29.47763903843855
3002857,12.404327799771943
3004639,26.050395141708343
3006421,20.41816129191532
3008203,20.21125541483924
3009985,7.3381696986190725
3011767,15.352888787101403
3013549,10.776452700754708
3015331,11.590435518137859
3017113,16.402343122936518
3018895,21.265522642899974
3020677,4.633979923482579
3022459,4.756500370358072
3024241,8.318168377348828
3026023,9.478730511836837
3027805,9.915550492785629
3001076,1.12712940313537
3002858,1.1023239537880056
3004640,0.9704007913614485
3006422,1.7481994539475951
3008204,1.795628782577929
3009986,1.3689742135476681
3011768,1.3585406124776198
3013550,0.9332084977167552
3015332,0.8832249581832183
3017114,0.78651688297728
3018896,1.0608870121761989
3020678,1.5358030312120792
3022460,1.1257699667956733
3024242,1.121281707123917
3026024,1.5200416023448255
3027806,1.4741233873077801
3001077,89.11815977725308
3002859,232.9492305039701
3004641,138.9391080056133
3006423,174.92139988172096
3008205,148.71426909486033
3009987,160.77366407755443
3011769,164.984653051644
3013551,96.89083322753095
3015333,256.38924288769925
3017115,143.7410641930844
3018897,266.3666035280954
3020679,146.0084942060829
3022461,158.82675032365404
3024243,136.77741825792785
3026025,111.44959266514277
3027807,226.30884963379208
3001078,157.03713125339561
3002860,148.7757505087245
3004642,164.96825635555328
3006424,221.5878276784729
3008206,153.6743047066184
3009988,187.42897066234943
3011770,172.0735218154052
3013552,171.39583479538496
3015334,147.23650322704984
3017116,172.81687896124174
3018898,268.70792216337384
3020680,157.78957135987673
3022462,192.849443114322
3024244,166.62520470595553
3026026,208.28406070500984
3027808,152.5034126641075
3001079,1.0973957980744897
3002861,0.961555561146938
3004643,1.1922350954581766
3006425,1.3667536890784735
3008207,1.1238232802998387
3009989,0.8246511591323433
3011771,0.7593411744135232
3013553,0.5386747392414002
3015335,0.6041708566663035
3017117,0.405027254977219
3018899,0.7373639228689592
3020681,0.6192924290034509
3022463,0.6842744192940913
3024245,0.5683262124997464
3026027,0.6267287081043842
3027809,0.5392182592642101
3001080,2.717044412445329
3002862,2.7335060608159276
3004644,2.4034138344931613
3006426,3.7572181107193865
3008208,3.926172650385495
3009990,3.2756767245378935
3011772,3.3110914979387536
3013554,3.2409779345299388
3015336,3.3815307880205046
3017118,3.490098836870839
3018900,6.144031056385589
3020682,5.229382341289906
3022464,3.952894978513145
3024246,3.589376809125131
3026028,3.4140861268047207
3027810,3.77213968134739
3001081,67.63434422191733
3002863,62.393266535756936
3004645,70.28525447286398
3006427,113.02027780417048
3008209,59.94438063307647
3009991,57.24637884285306
3011773,57.93753888828355
3013555,59.98843280476263
3015337,50.03600344483572
3017119,57.55365480683059
3018901,99.42640093729356
3020683,61.7112530014301
3022465,52.31827843147729
3024247,49.66282997051677
3026029,50.93762532162095
3027811,54.175202596776224
3001082,54.263360711702134
3002864,64.7591249311788
3004646,65.9073193728244
3006428,72.8437690961162
3008210,59.26382475747463
3009992,71.0028132587875
3011774,61.97684807504622
3013556,69.08799537895345
3015338,70.25388317944163
3017120,63.90030837752032
3018902,80.47677926073115
3020684,50.451154343708
3022466,73.07853475245815
3024248,63.59101433091236
3026030,70.33270457469283
3027812,75.25948231252804
3001083,465.3339095719136
3002865,363.3308751471099
3004647,305.0653912466995
3006429,427.52517654471916
3008211,365.91458353313175
3009993,372.84587389953765
3011775,516.8150874377446
3013557,327.16250284289436
3015339,336.91305750510014
3017121,312.60536400172856
3018903,454.65216499684124
3020685,374.60529672406926
3022467,348.5219486455349
3024249,452.856555931598
3026031,315.7331568119347
3027813,332.8617745550895
3001084,35.27290665277013
3002866,8.003158150541449
3004648,0.09031097818338227
3006430,4.758216019049115
3008212,8.611389013150713
3009994,7.523648752661018
3011776,7.561792677229141
3013558,11.328992789139644
3015340,0.022471869448895426
3017122,4.508548007204319
3018904,10.378136953631296
3020686,2.251455405328336
3022468,6.172169706750424
3024250,0.17802731736662103
3026032,8.447017760309446
3027814,8.067336257395459
3001085,2.19206339134538
3002867,2.1051982997094756
3004649,2.5588106524052185
3006431,6.34222885443637
3008213,2.8795029037332225
3009995,2.871170720914588
3011777,2.816741272289794
3013559,2.582135614920655
3015341,2.283824836743258
3017123,2.7390812484118854
3018905,5.975984732753875
3020687,2.68049976766133
3022469,2.3992628862959893
3024251,2.20194901579788
3026033,3.1227674230851044
3027815,3.0055629998156626
3001086,2.6353032261736815
3002868,2.5999448476506553
3004650,3.071789106081047
3006432,4.594462648724338
3008214,5.295175234428416
3009996,3.2640383638500383
3011778,2.9876803027232137
3013560,2.775391838134424
3015342,3.165663796704008
3017124,2.966603166356162
3018906,4.026054051961117
3020688,5.226204976077078
3022470,4.816639415412748
3024252,3.573358758656755
3026034,3.2629838448037267
3027816,3.738244308195588
3001087,0.6361643301858226
3002869,0.321025670245988
3004651,0.3649277966478402
3006433,1.8586734111852374
3008215,0.401548650580822
3009997,0.56540703780533
3011779,0.4445534724715693
3013561,0.4014232839390572
3015343,0.5504536009547567
3017125,0.42927644867011516
3018907,0.6478067096345206
3020689,0.6977096040688842
3022471,0.38810194238774876
3024253,0.3773435520564061
3026035,0.6258122156033492
3027817,0.6225011956003323
3001088,3.7667598202043475
3002870,3.0262778396906818
3004652,1.8587152435558711
3006434,2.89471431388297
3008216,2.1629247616200864
3009998,3.0505444494447467
3011780,1.9624917992887503
3013562,1.6122918099239665
3015344,1.4663944458746236
3017126,1.4050037971940945
3018908,1.4535471884048063
3020690,3.708830700166379
3022472,2.130809094141662
3024254,2.0770846573405053
3026036,2.0418974976397406
3027818,2.478129906754855
3001089,1544.7000306412037
3002871,1553.423581467148
3004653,1756.2935444377317
3006435,1855.184709034015
3008217,1570.7241895673103
3009999,1900.3207226762856
3011781,1810.03565979131
3013563,1660.5149042591142
3015345,1633.9161226248439
3017127,1728.3555849149398
3018909,1956.479066552747
3020691,1682.229222608551
3022473,1760.2442361140745
3024255,1739.8287553166685
3026037,1596.1354584694113
3027819,1626.8506016010854
3001090,0.03899360707094011
3002872,0.03717707221966755
3004654,0.024261596171425738
3006436,0.017071421534355827
3008218,0.027134895108774468
3010000,0.03406165920816935
3011782,0.03406165920816935
3013564,0.031909646017804
3015346,0.03717707221966755
3017128,0.025157013771064846
3018910,0.017960553426380223
3020692,0.028032824569101458
3022474,0.039409275531300345
3024256,0.039409275531300345
3026038,0.026409524054373548
3027820,0.03156183147021511
3001091,137.82899354497013
3002873,179.83817106540107
3004655,173.72637063508844
3006437,175.3252504017123
3008219,166.70899579397394
3010001,186.03566781855525
3011783,179.04430543123016
3013565,138.0458171267541
3015347,166.54675002622304
3017129,167.63825151830272
3018911,182.08062528268667
3020693,167.90330548470556
3022475,162.05855568267182
3024257,154.09870851560703
3026039,142.9404565972951
3027821,164.5122917913985
3001092,2.04483236858914
3002874,2.4092050124942164
3004656,2.646194694141734
3006438,4.154457123338334
3008220,3.391305229780907
3010002,2.6874684507502504
3011784,2.4779987563371533
3013566,2.556656325221398
3015348,2.8063767611218604
3017130,3.310973925997221
3018912,3.4828497718981115
3020694,2.4119527003942496
3022476,2.7682011961137567
3024258,2.8974267698648233
3026040,4.1617643061226754
3027822,4.393182690621731
3001093,809.2631533392489
3002875,893.3726935916617
3004657,899.2250577905287
3006439,1019.407289671207
3008221,879.0779795704062
3010003,996.9942423512642
3011785,998.6771591190069
3013567,845.2587434279009
3015349,911.2986752567173
3017131,953.8426860829759
3018913,1000.6271100529641
3020695,842.2729893455147
3022477,1190.226105382149
3024259,999.1385599414177
3026041,862.8963458467166
3027823,872.3042275330565
3001094,374.62041812159174
3002876,300.6739442552666
3004658,296.34842326261145
3006440,355.91419555428087
3008222,283.9178823163443
3010004,385.6364060341993
3011786,342.4744778158188
3013568,367.95176878751147
3015350,296.8149032044537
3017132,293.41611885777246
3018914,335.99232883699415
3020696,267.4696626607158
3022478,351.1902426151027
3024260,333.78470490050734
3026042,372.5850666905596
3027824,323.1737128708116
3001095,235.72839888456087
3002877,246.42530095678953
3004659,293.64902481447405
3006441,261.96555723772804
3008223,242.38530092655827
3010005,276.7775925458412
3011787,271.55822146383457
3013569,235.67031266294435
3015351,269.6128851746939
3017133,303.1238409819022
3018915,241.11095059541626
3020697,241.26531772186354
3022479,256.1425927042393
3024261,228.82377919910212
3026043,218.2886662584446
3027825,249.1875269301579
3001096,78.48619965247835
3002878,83.07308446740952
3004660,84.76878265429347
3006442,76.63378326882506
3008224,84.1341008953141
3010006,119.2938683860751
3011788,96.59782250706016
3013570,102.37383971175841
3015352,73.16343729552091
3017134,89.95098351727457
3018916,96.77065494636865
3020698,81.92331856689356
3022480,116.00552824556017
3024262,91.62229665465858
3026044,100.88898927177486
3027826,94.79772048338664
3001097,52.34531652395589
3002879,63.6179881725721
3004661,62.25445245657702
3006443,96.1525380409804
3008225,54.65815389604671
3010007,53.277250956185114
3011789,58.48436550124379
3013571,59.131177951989585
3015353,53.654871126668986
3017135,56.590726275276545
3018917,87.43207102625476
3020699,52.57284591006676
3022481,54.73615702380896
3024263,54.714851520293514
3026045,51.822689612725846
3027827,57.985256641248775
3001098,2674.5000011907073
3002880,2641.689097701673
3004662,2639.480140038788
3006444,2886.88010615891
3008226,2728.303708432298
3010008,2911.549909572281
3011790,2873.115112135831
3013572,2533.2682767170986
3015354,2692.6344185638354
3017136,2715.158238354931
3018918,2952.85715835549
3020700,2766.7763886652915
3022482,3009.9857286156875
3024264,2901.3366738995473
3026046,2674.4886435149006
3027828,2829.721319668896
3001099,9.616514131377375
3002881,7.81556113498768
3004663,6.85163688935252
3006445,9.60486847816051
3008227,7.819646910201138
3010009,6.593108783590619
3011791,6.346999673358467
3013573,7.021433503475247
3015355,5.544392599216263
3017137,7.520616445000002
3018919,10.293786108037738
3020701,9.142368362586401
3022483,5.867572120696377
3024265,5.352246505675267
3026047,5.295593597093693
3027829,5.382679560137693
3001100,0.6741751993738729
3002882,1.39798920725136
3004664,0.8027295097912017
3006446,1.0011548024462162
3008228,0.9406484152927312
3010010,0.7616403099472264
3011792,0.6992269964056868
3013574,0.6491699007644589
3015356,0.887346684909343
3017138,0.9936487487837555
3018920,1.2669259596141806
3020702,1.0812263355109257
3022484,0.7513326346829969
3024266,0.8306114148376302
3026048,1.0749021999113038
3027830,0.7366871681015492
3001101,16.957189046904297
3002883,14.37389482353317
3004665,15.125940424386865
3006447,19.46673198949609
3008229,12.674480730583134
3010011,12.897804826699115
3011793,12.316997003654723
3013575,12.094576836193877
3015357,8.588348379547142
3017139,12.112937664995043
3018921,17.593193905897483
3020703,13.192469829461494
3022485,11.508464850257125
3024267,12.676366176639998
3026049,11.877883803641843
3027831,11.368970586605805
3001102,18.70061190547709
3002884,13.469004067883299
3004666,15.97229999502212
3006448,21.376665190667527
3008230,16.3982217644707
3010012,16.23291675836504
3011794,18.987293528362784
3013576,16.960349329109548
3015358,18.243989921759844
3017140,16.29625336765131
3018922,18.062449526567985
3020704,16.617880360180063
3022486,14.584418226934805
3024268,18.525635156903753
3026050,18.67461412668324
3027832,17.244682014820913
3001103,0.20609273228852923
3002885,0.1997952318402567
3004667,0.10047595927699639
3006449,0.13295649153162095
3008231,0.15537149457305727
3010013,0.11122356526261473
3011795,0.12000712912401779
3013577,0.15939754316818686
3015359,0.141321905152863
3017141,0.13503549942675544
3018923,0.17803439417403955
3020705,0.19966323051594181
3022487,0.16039383724402206
3024269,0.14231688023412878
3026051,0.10994773812721552
3027833,0.06423962989558829
3001104,193.37057883517957
3002886,215.4121283126397
3004668,213.26099232294675
3006450,236.30699889671322
3008232,206.75514450059475
3010014,238.10120309673943
3011796,240.99640790827428
3013578,200.09111880473918
3015360,198.4405354089202
3017142,207.6244160049815
3018924,237.8527403339934
3020706,205.77375237470824
3022488,256.09891016867465
3024270,226.32800334013876
3026052,226.51152662913967
3027834,194.7444927813925
3001105,5.592920446981274
3002887,5.303207663268449
3004669,6.468770771167516
3006451,8.064985246180804
3008233,9.267339054457805
3010015,6.174178269400255
3011797,5.764366932549023
3013579,5.51256221645709
3015361,5.135584083457124
3017143,4.641237233768515
3018925,5.950329071089928
3020707,10.402496733625695
3022489,5.428406509225154
3024271,5.110996103268942
3026053,4.883147946385491
3027835,4.866954828852449
3001106,5.552247481044371
3002888,0.06924947628262482
3004670,0.07065908729190619
3006452,0.061613647611621435
3008234,0.04615950411354187
3010016,0.06534587348505912
3011798,0.06534587348505912
3013580,0.06960805035048802
3015362,0.06924947628262482
3017144,0.06989921877938286
3018926,0.06086019883146346
3020708,0.0454170234530885
3022490,0.06854686159205467
3024272,0.06854686159205467
3026054,0.07420311098624446
3027836,0.06346059664830785
3001107,6.095896330023123
3002889,2.539838122960056
3004671,2.590712012919404
3006453,4.956428201453787
3008235,2.7880533393111357
3010017,3.3804875612228615
3011799,2.944931591653811
3013581,3.2823748371980166
3015363,2.9109940197904027
3017145,2.988062997761578
3018927,5.0040511166958925
3020709,3.6535725989642307
3022491,2.9761276327340225
3024273,2.4902027761564915
3026055,2.6525824868965526
3027837,3.8200981417522115
3001108,28.98118474071893
3002890,20.71525442913107
3004672,32.85916191487049
3006454,42.07712637915746
3008236,6.8976375460079815
3010018,13.268734358200756
3011800,14.795675652714866
3013582,26.991749478843705
3015364,22.82610243933182
3017146,26.44578836987458
3018928,43.225598790047016
3020710,16.331647328623134
3022492,14.935742312321665
3024274,13.297614377653867
3026056,18.995320297159584
3027838,21.9639631354788
3001109,1.0982833884499477
3002891,0.8883194020075469
3004673,1.295053684107108
3006455,1.456165573405619
3008237,1.2379796655698887
3010019,1.323288075997794
3011801,1.2474694366541277
3013583,1.510616522587358
3015365,1.4305438740815593
3017147,1.354097541514422
3018929,2.200757380855842
3020711,1.9401231494623037
3022493,1.363329607598013
3024275,1.1794016331555146
3026057,1.4666615479046334
3027839,1.1047935076792954
3001110,128.79958647494558
3002892,174.60126600433148
3004674,119.9771678822
3006456,124.77333174370905
3008238,106.22550672847892
3010020,149.08129423971886
3011802,125.73383219929728
3013584,121.0216446661146
3015366,177.8693328133521
3017148,112.63508799879844
3018930,126.41710524145354
3020712,95.37704627941956
3022494,135.5120333171842
3024276,122.99971402638026
3026058,115.59029822103216
3027840,168.37366058135962
3001111,160.69360841870628
3002893,183.61993483690335
3004675,168.4842363618385
3006457,222.90307145617246
3008239,191.50934919427246
3010021,203.0247058550989
3011803,199.32317849819393
3013585,180.9754051875232
3015367,184.25049353255386
3017149,186.79084994485748
3018931,216.90502000617965
3020713,188.49899951699916
3022495,251.08277182866678
3024277,213.88895727994674
3026059,194.80590071278837
3027841,181.35655536680153
3001112,1.0607877676673678
3002894,0.8622670230704537
3004676,0.9565119358396614
3006458,0.9837617400227427
3008240,0.8164755919857025
3010022,0.6550289016537361
3011804,0.6231539777303778
3013586,0.5764700149167605
3015368,0.5791694299900745
3017150,0.41497458436219703
3018932,0.831762418914197
3020714,0.8002913069579425
3022496,0.5707193638607921
3024278,0.7197542312435883
3026060,0.7732566566095489
3027842,0.7397257057804643
3001113,4.0597659205075844
3002895,3.7298185439859397
3004677,3.9933416053239457
3006459,5.554993121234888
3008241,4.7489112515660645
3010023,4.502902254841435
3011805,4.178235693126694
3013587,3.9387591744747654
3015369,5.056261399329694
3017151,3.5451006411829677
3018933,5.681947730960976
3020715,4.341795136084231
3022497,4.074692729931262
3024279,4.337986016038595
3026061,3.806793573593919
3027843,3.9814158770901127
3001114,97.14674820683001
3002896,122.08208321665822
3004678,144.75111507689343
3006460,109.1199226526774
3008242,92.96558778287636
3010024,116.50436633908792
3011806,114.39832024509464
3013588,117.02852687621132
3015370,115.0828670654526
3017152,122.3339924225059
3018934,110.27468439628288
3020716,100.29773269722018
3022498,107.53719814614405
3024280,122.19575446970407
3026062,98.8443890578466
3027844,106.84122375743593
3001115,41.42334462343383
3002897,42.07915528821691
3004679,48.11528070001481
3006461,41.639891298285576
3008243,38.78206209367422
3010025,38.45209495574344
3011807,49.135411346664405
3013589,44.14671319753355
3015371,46.014210856185684
3017153,45.46511932939474
3018935,45.95590907091324
3020717,38.380980481222586
3022499,37.57905956436853
3024281,42.3458087559148
3026063,40.068184455176784
3027845,44.37414064696475
3001116,782.6259036158605
3002898,544.5810321474943
3004680,623.5557366039493
3006462,639.1272861679269
3008244,478.1073731785666
3010026,594.4849314464924
3011808,932.4246463608223
3013590,546.8520053683906
3015372,522.0830208268403
3017154,545.884669932012
3018936,668.229406304632
3020718,468.32380238959206
3022500,560.811283061095
3024282,935.12425213387
3026064,510.79943958647056
3027846,554.3629980989377
3001117,32.89764464082321
3002899,11.837096860814817
3004681,11.343607487693296
3006463,8.784280956022407
3008245,15.93424597323473
3010027,11.686619717542737
3011809,14.005207482973972
3013591,24.734861349997804
3015373,0.10217314662019497
3017155,1.8947198093912432
3018937,6.112299287990929
3020719,4.448450520985873
3022501,7.217152535629689
3024283,5.036639193804863
3026065,4.2615597080782655
3027847,14.781533636987087
3001118,3.8949712414155426
3002900,4.418143261314011
3004682,3.6934620352239236
3006464,6.225612864859229
3008246,4.030641599541449
3010028,3.555726249739788
3011810,3.16814717844698
3013592,3.185220587355583
3015374,3.8514731398124384
3017156,3.4674690307073854
3018938,6.983713711499103
3020720,4.274176169848328
3022502,3.6466049075449067
3024284,4.479354732933636
3026066,3.5911736568557133
3027848,3.479930929561288
3001119,4.238118925349902
3002901,3.300058613374609
3004683,3.6939888344931555
3006465,6.008467711399553
3008247,5.084059735856247
3010029,3.8532927673221735
3011811,3.507132677025698
3013593,3.6873749015430395
3015375,3.4318341166438113
3017157,3.8425590206504303
3018939,6.266145664481222
3020721,5.168722222314908
3022503,3.8206130345556195
3024285,3.5566446068578585
3026067,5.255908758084773
3027849,3.4919357882823707
3001120,0.0823122921057293
3002902,0.07818576743177996
3004684,0.06319016503378286
3006466,0.02719921281596746
3008248,0.05832357973687536
3010030,0.17827529900608569
3011812,0.1666262473145787
3013594,0.1570112507656909
3015376,0.21527939725978953
3017158,0.14469032736640974
3018940,0.25273028604240555
3020722,0.3393866022475741
3022504,0.13450737310886432
3024286,0.21340102962015026
3026068,0.12207065262075499
3027850,0.1326111595446912
3001121,2.5442668764642624
3002903,0.5607653352178605
3004685,0.6989015005901444
3006467,0.7246242224671449
3008249,2.492796684929187
3010031,0.7510323660024019
3011813,0.765592066501072
3013595,1.1235426101028771
3015377,1.0151843759937567
3017159,0.7345780159579316
3018941,0.7703876029579451
3020723,2.149782347410861
3022505,0.4863743602698593
3024287,0.4091433081017273
3026069,0.628196984008262
3027851,1.6129799136697005
3001122,1194.535953613561
3002904,1122.128890276378
3004686,1277.4495179672876
3006468,1554.7351923524352
3008250,1786.4271788622768
3010032,1436.9858873892688
3011814,1385.2891430547056
3013596,1449.1586380271997
3015378,1171.8258650906564
3017160,1440.0015340550046
3018942,1610.1903128611496
3020724,1887.3398377030817
3022506,1356.1698475982855
3024288,1354.2186649119506
3026070,1602.7874393018308
3027852,1297.010029188992
3001123,0.0
3002905,0.0
3004687,0.0
3006469,0.0
3008251,0.0037884834220634866
3010033,0.0
3011815,0.0
3013597,0.0
3015379,0.0
3017161,0.0
3018943,0.0
3020725,0.0037195364766237317
3022507,0.0
3024289,0.0
3026071,0.0
3027853,0.0
3001124,137.91626602634727
3002906,125.0759890379406
3004688,124.96047859079981
3006470,162.42223076127254
3008252,228.3105300067572
3010034,191.14773450628516
3011816,178.11208645381632
3013598,144.79246279457013
3015380,125.06814772382248
3017162,118.05840054353261
3018944,175.1072882894801
3020726,236.05155579546877
3022508,149.34051325860588
3024290,156.65012612715637
3026072,148.53770748653065
3027854,119.25910668258325
3001125,3.7692997766643064
3002907,3.7462212154213788
3004689,3.3942639601834417
3006471,6.468450653245845
3008253,5.056619055812457
3010035,3.241134172314636
3011817,3.4131753948881967
3013599,4.498827782009109
3015381,3.7451062783599687
3017163,5.786320274515506
3018945,9.695086926706862
3020727,5.305158095202477
3022509,4.490802568807952
3024291,4.0404927883807895
3026073,5.281105177863482
3027855,4.258202036013318
3001126,672.8969061367949
3002908,820.8883330321711
3004690,821.6640632791018
3006472,995.0009433440987
3008254,1257.2328055815221
3010036,731.4585759228319
3011818,684.9587072553454
3013600,823.4902418673307
3015382,1100.1890752524266
3017164,829.9741170106133
3018946,984.2972167988037
3020728,1240.7496110642683
3022510,735.9005539316568
3024292,810.4802315121647
3026074,900.2549879522878
3027856,737.4824529798201
3001127,271.30977189112417
3002909,190.9393464342699
3004691,192.3046525996205
3006473,298.57896476914016
3008255,378.33114606462334
3010037,273.16924037748913
3011819,258.9414626575059
3013601,306.7078598623173
3015383,193.5700006506461
3017165,206.4676922097691
3018947,298.34229517855226
3020729,391.597311902242
3022511,250.94940343608886
3024293,240.24880630547634
3026075,254.91678599070173
3027857,222.66183795492745
3001128,162.20322397014553
3002910,124.80907905615422
3004692,154.13427141554192
3006474,177.901714637336
3008256,231.47012219037094
3010038,176.7623139957549
3011820,175.94658157924385
3013602,160.70091702146482
3015384,127.29058857869143
3017166,145.4411958302784
3018948,187.19166849433495
3020730,246.15562356356455
3022512,151.8976892758016
3024294,164.90703681878998
3026076,139.07842300407043
3027858,137.56856005502942
3001129,143.0224136217282
3002911,133.7291467377305
3004693,106.42978323913374
3006475,161.92071238303484
3008257,194.182442862358
3010039,195.69780406366803
3011821,113.88004126150774
3013603,136.08058831598814
3015385,108.8625721467962
3017167,107.97842508093196
3018949,123.52224429973398
3020731,208.32741838664649
3022513,315.99265699241676
3024295,130.23233098758718
3026077,127.4107744906114
3027859,108.12989964271114
3001130,27.438146172113587
3002912,24.759391561220696
3004694,31.578087185607814
3006476,51.096334505889686
3008258,34.683171360562575
3010040,23.892740776578325
3011822,24.74761524270849
3013604,26.646118117231836
3015386,24.612883173909733
3017168,36.538395549562416
3018950,62.710866231833805
3020732,40.858541071151585
3022514,24.67997574345051
3024296,28.868475608007714
3026078,35.09047399688487
3027860,29.185508079016017
3001131,2055.986011644887
3002913,1644.5403926558668
3004695,1802.7561936646218
3006477,2453.697312570724
3008259,2960.8460847151414
3010041,2326.274309203782
3011823,2125.1555838243385
3013605,2554.9941015487093
3015387,1687.3863531536856
3017169,1885.0201210198484
3018951,2648.17521084817
3020733,3244.74620747425
3022515,2197.9275973426197
3024297,2156.3319189010626
3026079,2461.2167498513763
3027861,1944.108739380098
3001132,4.526185661466836
3002914,4.1159432092277575
3004696,4.227673296539155
3006478,4.103752331265871
3008260,7.444604212891159
3010042,3.07224790406757
3011824,2.7404115824307347
3013606,4.137438293539048
3015388,3.721619899722956
3017170,3.532217416053493
3018952,5.518040153365249
3020734,6.462833224669572
3022516,4.334464114174776
3024298,4.240565092342525
3026080,7.59710507454421
3027862,4.036334910764832
3001133,0.4098104646147875
3002915,0.2730782583008059
3004697,0.20839705361653535
3006479,0.3320822059190244
3008261,0.4130985146264712
3010043,0.2745565324446779
3011825,0.34761626351577113
3013607,0.44586841038156017
3015389,0.398983455648801
3017171,0.3739805642108008
3018953,0.4459453822192187
3020735,0.5246125652850855
3022517,0.35367022081266214
3024299,0.23086526158010745
3026081,0.1678334922079367
3027863,0.16797307450134955
3001134,11.270261033308785
3002916,6.607303999086654
3004698,11.28065625315906
3006480,11.983909243796935
3008262,10.016928445029057
3010044,11.066285496046117
3011826,6.109760132514265
3013608,7.272722992038558
3015390,10.97179204939962
3017172,7.140555888068311
3018954,12.28507052130072
3020736,11.413012323619483
3022518,8.262216461457085
3024300,8.787918815538475
3026082,21.645138669095417
3027864,9.708681439467744
3001135,17.138847075543897
3002917,7.840356841258044
3004699,7.096814337161639
3006481,11.836490534395868
3008263,16.774487473272103
3010045,11.813804671066242
3011827,10.768624998862359
3013609,10.387228097708396
3015391,9.286072529250811
3017173,8.975181593698334
3018955,13.998093504374987
3020737,18.059507973693606
3022519,12.492994907251449
3024301,12.307576504016081
3026083,17.037815480490774
3027865,13.732090058733686
3001136,0.06806026567214286
3002918,0.057774321706018275
3004700,0.12226983655758034
3006482,0.22908554191855232
3008264,0.22907848392701444
3010046,0.19645699733593114
3011828,0.23742928235450098
3013610,0.22448395156730624
3015392,0.21734759834468773
3017174,0.15498256735841395
3018956,0.2060941199530521
3020738,0.2604532514920606
3022520,0.11238460036546342
3024302,0.07146692716673073
3026084,0.07724064999337397
3027866,0.026601867898720623
3001137,150.72691287137312
3002919,141.36441693963684
3004701,135.73054492650962
3006483,183.58177378011786
3008265,225.0158069546495
3010047,170.0039148049058
3011829,165.3453752318291
3013611,161.37579378798702
3015393,128.635693188501
3017175,142.68260009829748
3018957,183.58762806230152
3020739,249.6708282945493
3022521,161.9250433026268
3024303,166.2871663344012
3026085,160.48698710659218
3027867,138.56658880049852
3001138,0.07442047750886403
3002920,0.07254200373478767
3004702,0.05356516734531924
3006484,0.08781863651795503
3008266,0.11684754422171902
3010048,0.07467252550770181
3011830,0.07318676978595974
3013612,0.07548602999480218
3015394,0.07254200373478767
3017176,0.05111812974769484
3018958,0.08529204093045738
3020740,0.11425352534540084
3022522,0.0752364376809126
3024304,0.07374990233959525
3026086,0.06112091107457584
3027868,0.061120990591804536
3001139,7.444886298211571
3002921,0.0027268710812728687
3004703,0.006537436438186138
3006485,0.011628811970734681
3008267,0.009415314058750835
3010049,0.0015424304013730713
3011831,0.0015424304013730713
3013613,0.005549345979539132
3015395,0.0027268710812728687
3017177,0.005823076364374095
3018959,0.010910838444238647
3020741,0.008698911496706353
3022523,0.002067969070209423
3024305,0.002067969070209423
3026087,0.009869208956923281
3027869,0.0013829554264729814
3001140,11.203485232277913
3002922,1.5699142180360308
3004704,1.928477918894278
3006486,2.739661479354788
3008268,2.801966380703388
3010050,2.1430939714483697
3011832,2.6679019103906407
3013614,2.196207257558525
3015396,1.9705750708317544
3017178,1.9715591975767253
3018960,3.2570191595978732
3020742,2.4257800394910087
3022524,2.350557829811514
3024306,1.862125297471851
3026088,1.7890394013845947
3027870,2.4656126338710034
3001141,27.465911686082602
3002923,16.534340322253563
3004705,35.67051944840074
3006487,52.98648256166845
3008269,26.416494658696948
3010051,20.726406536322038
3011833,21.34468568187181
3013615,24.186634308746644
3015397,23.90020611097419
3017179,40.046159733656104
3018961,56.93084218496598
3020743,21.878328643289567
3022525,14.702417871582085
3024307,17.817229558433166
3026089,32.5760389327173
3027871,19.277469008893164
3001142,0.7654666681161848
3002924,0.8209299148849483
3004706,0.8223270476260021
3006488,1.4293810481494442
3008270,1.171554874763748
3010052,0.8146833984188016
3011834,1.3003588644830453
3013616,0.9429673601185664
3015398,0.915418292838728
3017180,0.8253240329663971
3018962,1.2316618912217274
3020744,1.4639576762771864
3022526,1.2243144654301594
3024308,0.7984338645878262
3026090,1.5519180383317743
3027872,0.9565888838301975
3001143,57.22084187226087
3002925,62.36302692667993
3004707,46.807821463713715
3006489,63.85192489280452
3008271,65.32550638694387
3010053,63.854759326670134
3011835,56.242346620341586
3013617,61.26604800394985
3015399,58.099094479005124
3017181,47.00406174360769
3018963,56.888216505332494
3020745,63.58844334382596
3022527,53.46837512075804
3024309,52.16580228857959
3026091,54.891149779703085
3027873,61.64902854928113
3001144,123.48085066246426
3002926,108.26136926292125
3004708,114.70016280030629
3006490,187.55545888629695
3008272,220.91435218013234
3010054,142.7709129738461
3011836,146.47065032399166
3013618,151.0565941771498
3015400,114.91100165593238
3017182,120.25910667395277
3018964,176.94512285368424
3020746,220.90526299136002
3022528,142.73508578332437
3024310,133.34797524123624
3026092,139.72601574295538
3027874,119.04584241026049
3001145,0.6905919688057007
3002927,0.7006725641018132
3004709,0.7303946345524559
3006491,0.8073355337690957
3008273,0.9718925053172118
3010055,0.8607163252583152
3011837,0.7494176976252103
3013619,0.7671172553885985
3015401,0.6847005419944452
3017183,0.7462519480635526
3018965,1.098500227317969
3020747,1.474485195001669
3022529,0.7318607077257935
3024311,0.6867979313126251
3026093,0.6844514039377287
3027875,0.7562587699230576
3001146,1.9461455665851162
3002928,2.709161983687543
3004710,2.31537589661288
3006492,3.1092512738397184
3008274,4.136529382214417
3010056,3.2060680585424546
3011838,3.122325966669166
3013620,2.990848231044061
3015402,2.4258311194974453
3017184,2.2743498567024725
3018966,3.7321368747487487
3020748,4.152953852592942
3022530,3.268031099720263
3024312,3.0407657105691186
3026094,4.847132874958386
3027876,2.2236030029601404
3001147,68.40021824506763
3002929,50.355889727756455
3004711,70.04727072606792
3006493,69.47810282950941
3008275,76.76523613852734
3010057,66.8373952122951
3011839,69.79115065038059
3013621,63.78956038656044
3015403,59.70420453567609
3017185,63.22233433276038
3018967,64.68368280753725
3020749,82.38733850957851
3022531,65.6806118564934
3024313,65.01755441622736
3026095,73.09778034404737
3027877,66.02409290518109
3001148,32.49958548673377
3002930,29.51257842187374
3004712,29.35699922558541
3006494,35.49223118862395
3008276,44.067384885827764
3010058,34.57427501133431
3011840,36.3067654116394
3013622,33.50673504028625
3015404,29.752802874656158
3017186,33.24983556105736
3018968,38.73682074515426
3020750,47.96284085516975
3022532,34.11677782261423
3024314,33.43963398830383
3026096,33.25084432902275
3027878,30.628540406710574
3001149,654.6558931868648
3002931,384.2371350311141
3004713,391.64760507972557
3006495,476.7405866914041
3008277,541.8818013870705
3010059,496.66566224934513
3011841,917.3990135688173
3013623,446.89369755973775
3015405,380.5559496151372
3017187,417.03083624717164
3018969,489.1809543860783
3020751,551.0061571473909
3022533,443.07762612928417
3024315,902.7092375306253
3026097,518.1597573189653
3027879,416.44912362806207
3001150,46.738213107267214
3002932,0.04810543693600224
3004714,0.005268092446716458
3006496,0.017681793485172844
3008278,0.0463916212289725
3010060,0.035819488352137274
3011842,0.03305391433221916
3013624,0.03140233338648289
3015406,0.04810543693600224
3017188,0.00279781526413661
3018970,0.015181011721121584
3020752,0.043820289894190616
3022534,0.056728849388371
3024316,0.05390744866669148
3026098,0.02627613431121939
3027880,0.046700702162055
3001151,0.7903213486186074
3002933,0.7982875931567146
3004715,0.9050417672115494
3006497,1.1246727500829423
3008279,0.946640284877708
3010061,0.9221804553549804
3011843,0.8805557051627273
3013625,1.0328529936324649
3015407,0.9864358570451739
3017189,0.857765495523932
3018971,0.7960098101838613
3020753,0.8306050421208515
3022535,0.6577766370563345
3024317,1.0786303216535305
3026099,2.3592590016543946
3027881,0.993911294975018
3001152,5.338549782340863
3002934,5.867102906686586
3004716,6.073471386577921
3006498,8.131322366507433
3008280,8.250252415783423
3010062,5.625674978994525
3011844,6.76832519839398
3013626,6.233763901155646
3015408,5.495055294341479
3017190,8.796025078700056
3018972,10.591107656709488
3020754,9.652678000761252
3022536,5.876293242394672
3024318,4.067123112549256
3026100,3.9659891676166117
3027882,4.209758149720874
3001153,0.4515771925295796
3002935,0.45804740688927725
3004717,0.5267054786812375
3006499,0.6706190030058108
3008281,0.8372866788597386
3010063,0.38598512266985674
3011845,0.3851948900828601
3013627,0.3554808621810808
3015409,0.33847166592742367
3017191,0.26840139718625905
3018973,0.39423658953986496
3020755,0.5115809043210624
3022537,0.3288419838234263
3024319,0.37542975207677226
3026101,0.28126001329362277
3027883,0.2432025776926866
3001154,3.124783491509411
3002936,2.8592365728987756
3004718,2.7172141948103623
3006500,4.193591132769992
3008282,4.991068734289435
3010064,2.9484786602923063
3011846,2.63002957631743
3013628,2.7471003740571387
3015410,2.191841584936409
3017192,2.702648622776777
3018974,4.3476291476348665
3020756,3.6077039141415312
3022538,2.473179421478493
3024320,2.22389920138003
3026102,1.7766661440356657
3027884,2.708079522456458
3001155,2546.921258528302
3002937,2728.775983134587
3004719,2662.7386754091754
3006501,3767.833846035461
3008283,4256.692418590293
3010065,3069.2264386885417
3011847,3103.1973802953717
3013629,2518.7571641768714
3015411,2585.767666549866
3017193,2814.3243929099676
3018975,3722.22406000315
3020757,4369.5131344807
3022539,2878.0365006161223
3024321,2947.899168847029
3026103,2459.7949072452034
3027885,2630.417145979112
3001156,0.028906395532039032
3002938,0.027107496757820135
3004720,0.011924498608814657
3006502,0.013147185687584629
3008284,0.03287625464973636
3010066,0.02042867414388549
3011848,0.02042867414388549
3013630,0.018305032920918007
3015412,0.027107496757820135
3017194,0.012809131020053348
3018976,0.014032886981551399
3020758,0.03377920325204624
3022540,0.02931802841830029
3024322,0.02931802841830029
3026104,0.018282226627221433
3027886,0.02419314271044731
3001157,304.73587265326074
3002939,274.545015124355
3004721,272.069752840271
3006503,382.14002459713225
3008285,534.7583179964054
3010067,354.3915451653411
3011849,354.2860301180109
3013631,283.2447521611892
3015413,248.93966786232022
3017195,262.71416731527245
3018977,347.025092751118
3020759,524.2922855758112
3022541,319.4507118516732
3024323,314.1368942860649
3026105,287.1266216067115
3027887,267.5646392369225
3001158,4.181156746578722
3002940,4.310737272678433
3004722,5.127871183768061
3006504,12.70004396294906
3008286,7.445965952359892
3010068,5.301463046435046
3011850,5.334682616377035
3013632,4.738147241498187
3015414,8.242036826522453
3017196,6.04114188657031
3018978,6.180772419898045
3020760,6.598486662329678
3022542,4.198952439302217
3024324,4.257891321920459
3026106,4.202964962807685
3027888,4.530707382974608
3001159,933.9177413302605
3002941,937.4646168180436
3004723,1036.6127678086236
3006505,1459.1842015565628
3008287,1736.4115266017411
3010069,1318.514586014723
3011851,1183.1666399686242
3013633,937.0757555200241
3015415,884.8269709737141
3017197,987.0451121946519
3018979,1499.997630655636
3020761,1684.3955324710962
3022543,1248.0526285601286
3024325,1167.8498751150184
3026107,1085.594016034596
3027889,900.580745283262
3001160,883.206183774976
3002942,560.8901460502195
3004724,523.4039495193504
3006506,789.5463709443586
3008288,928.7888031860167
3010070,733.8230063703338
3011852,722.8122923390818
3013634,889.6744100517877
3015416,523.1012067212334
3017198,539.8144553675484
3018980,744.4354894967535
3020762,946.5888367295
3022544,661.1493839908611
3024326,683.3473358848653
3026108,978.4549798957684
3027890,543.2443858343049
3001161,403.6049717088838
3002943,403.80576906435493
3004725,564.8923478799364
3006507,626.8459747377925
3008289,624.8627002436979
3010071,494.14667729514457
3011853,504.1771521796832
3013635,386.70978502878523
3015417,382.8406098752787
3017199,582.6206825641808
3018981,555.1616169172902
3020763,630.8180649306605
3022545,510.29632347150203
3024327,513.3361939599666
3026109,438.2702148849253
3027891,417.5731363820231
3001162,143.35950794451784
3002944,159.78683146490593
3004726,176.83692979445928
3006508,184.71545255622115
3008290,255.74593226574467
3010072,317.1327735619028
3011854,186.60879352794248
3013636,141.08854353383063
3015418,155.06632975439143
3017200,159.84150646631508
3018982,179.51794973766536
3020764,260.08679122829096
3022546,263.8569695322611
3024328,175.20011334357432
3026110,145.92670520649554
3027892,159.53205101443646
3001163,75.9997837924008
3002945,63.78284131347627
3004727,71.67090914041557
3006509,190.25221998901245
3008291,110.16838305495318
3010073,79.91528603731275
3011855,72.85772663709643
3013637,65.90528453924205
3015419,64.72799388350238
3017201,79.79176120455905
3018983,182.35272273327192
3020765,106.34873671917265
3022547,70.94833578684899
3024329,86.37242280080878
3026111,70.76208074921931
3027893,79.95784942762144
3001164,4225.424683135438
3002946,3727.0538026299864
3004728,3761.22974379861
3006510,5118.300714252392
3008292,5852.7823212513795
3010074,4698.679346107397
3011856,5045.709952487331
3013638,3957.222050307647
3015420,3611.6210519889514
3017202,3803.985042439966
3018984,5341.233098109438
3020766,6262.427725418445
3022548,4814.978367690263
3024330,4582.325647488608
3026112,3861.7075608641994
3027894,3882.133609659969
3001165,10.779927616776602
3002947,14.465560718168602
3004729,16.054541990836093
3006511,22.714400955270854
3008293,23.553529565060607
3010075,14.826403092927256
3011857,14.152624376286896
3013639,10.740379897413122
3015421,12.026881510531686
3017203,14.712417845698473
3018985,23.190995434263694
3020767,22.108786064531138
3022549,11.57958019134315
3024331,13.342725878614988
3026113,11.865807060270257
3027895,13.307714934492045
3001166,1.0002790975178413
3002948,1.154439423729062
3004730,0.9281122536559068
3006512,1.4238760327969318
3008294,1.5337145228794995
3010076,1.0505180482877035
3011858,1.010302290964189
3013640,0.9308688248366479
3015422,0.9044449664915286
3017204,0.8513486855237602
3018986,1.481471766505451
3020768,1.6162925634175052
3022550,0.9082490046081664
3024332,1.016537731649115
3026114,0.6758486709111446
3027896,0.7236427592302128
3001167,17.17724044903313
3002949,13.77599680866042
3004731,21.885762581845174
3006513,23.928003970532867
3008295,27.551527943815646
3010077,21.66214443705403
3011859,19.299377211444835
3013641,16.34112461725225
3015423,15.70276910276242
3017205,16.328634330620563
3018987,25.924419657659715
3020769,27.354046074989757
3022551,18.014894321600043
3024333,21.447370930984274
3026115,23.085313985591604
3027897,18.585360838255475
3001168,28.402773705855278
3002950,26.371718722219594
3004732,20.344097176101
3006514,29.525368016732653
3008296,30.940474818116698
3010078,22.567510590590413
3011860,22.93988155147649
3013642,23.368911230071014
3015424,17.62251998373546
3017206,17.677363958581783
3018988,32.09792327267679
3020770,28.215509896171707
3022552,19.81830708697251
3024334,21.234347770425074
3026116,21.069124526549533
3027898,21.8168516070592
3001169,0.27571088422768936
3002951,0.307216700838862
3004733,0.27824288408602205
3006515,0.40269971340113325
3008297,0.4598454768791454
3010079,0.2386001247655311
3011861,0.20910172283027725
3013643,0.14590803886586232
3015425,0.12531259331592456
3017207,0.12150969461564703
3018989,0.20618434924663206
3020771,0.2017708089952121
3022553,0.15588211240773717
3024335,0.15439194797927194
3026117,0.13610091027328544
3027899,0.12211958837608901
3001170,257.25919606818206
3002952,235.58934506636854
3004734,234.42983463249277
3006516,342.74578819782573
3008298,433.71704882900934
3010080,318.0891179101736
3011862,291.54163335594524
3013644,255.76760033595298
3015426,225.60666622168685
3017208,231.56045659290726
3018990,334.6491558030065
3020772,441.19165945422185
3022554,302.28184258012556
3024336,291.0843292472084
3026118,258.7544766322753
3027900,236.7050747138969
3001171,1.1251081308456023
3002953,0.9276542417100186
3004735,1.1202794631115114
3006517,1.4606943105903185
3008299,1.4703605954445456
3010081,0.8869401682464533
3011863,0.7798592385576351
3013645,0.6277099528531902
3015427,0.3509188663099615
3017209,0.32954998191079665
3018991,0.36969447329765953
3020773,0.4616368910815807
3022555,0.2995041060103982
3024337,0.3524402734046411
3026119,0.17906015421578392
3027901,0.18245823817338713
3001172,8.422473022413422
3002954,0.11093564401223116
3004736,0.1209861736208172
3006518,0.169658146555366
3008300,0.16257678454347635
3010082,0.10915810925004267
3011864,0.10915810925004267
3013646,0.11359556768584961
3015428,0.11093564401223116
3017210,0.12019058695236332
3018992,0.16882801639859324
3020774,0.16175168017323308
3022556,0.1102056369174653
3024338,0.1102056369174653
3026120,0.11884874373706698
3027902,0.10778343277755724
3001173,7.610050835576285
3002955,4.618139163069174
3004737,4.27236550185489
3006519,12.365191719498297
3008301,11.448688466765955
3010083,7.590118101206588
3011865,7.495604879219629
3013647,10.030892571955743
3015429,8.376124325425604
3017211,6.949665627444575
3018993,10.476609051270033
3020775,11.512468250255973
3022557,7.942810301064327
3024339,9.781273198455425
3026121,5.526840168918212
3027903,10.168056360345041
3001174,32.60266219295492
3002956,29.73198505262146
3004738,57.056994955787026
3006520,69.90608310983694
3008302,48.676805778387646
3010084,27.777552316958396
3011866,27.546332827199063
3013648,28.49610983633121
3015430,24.75585630338243
3017212,42.69764993052803
3018994,54.97188545107631
3020776,27.37632327987752
3022558,21.093485496747615
3024340,20.48249949202587
3026122,23.878547497578452
3027904,28.260810338729396
3001175,1.6108805106856363
3002957,2.03411792799242
3004739,1.787660614303745
3006521,3.591597458824822
3008303,3.551310059252023
3010085,1.6454614017427565
3011867,1.6715346673307692
3013649,2.347793714936921
3015431,1.778052034060694
3017213,2.116854275469106
3018995,3.821454389688138
3020777,3.8802752288972506
3022559,2.57244824658507
3024341,2.538266389213671
3026123,2.564522875815937
3027905,2.6468375366149948
3001176,228.22225321049612
3002958,310.4832955675851
3004740,213.86318080133302
3006522,240.75897093371756
3008304,293.35785137646593
3010086,276.71837237395306
3011868,308.8508201606457
3013650,234.45368266309666
3015432,298.94253095266316
3017214,208.33868915259168
3018996,240.34238077508033
3020778,322.20365555434387
3022560,232.8203733269906
3024342,269.67873476332466
3026124,235.19062846657027
3027906,338.69000890232854
3001177,237.719078167923
3002959,223.8989424473532
3004741,209.82501049965688
3006523,320.6002574476006
3008305,381.84696377152136
3010087,301.7035001805292
3011869,261.0665212252132
3013651,243.83354384296578
3015433,216.76834942853148
3017215,218.07995082205954
3018997,330.7370758683355
3020779,425.6756217971546
3022561,309.0450387187942
3024343,293.93362566688666
3026125,246.17807083589216
3027907,221.42741236931064
3001178,1.790366777314849
3002960,1.6367496332463216
3004742,1.5529099965897837
3006524,2.134470960389882
3008306,2.440540313084035
3010088,1.5617274647922965
3011870,1.881279066002353
3013652,1.553540604367107
3015434,1.3628061046246827
3017216,1.591816912814135
3018998,2.5796502752879493
3020780,3.38515745718591
3022562,2.1400240816727005
3024344,2.0574433050848535
3026126,2.0590931439604465
3027908,1.8045894883652407
3001179,5.777531239801397
3002961,6.802095619907037
3004743,6.142277129141102
3006525,9.779617444362566
3008307,10.687266840390365
3010089,5.851083634235289
3011871,6.350203756101567
3013653,5.576225851073735
3015435,6.633717976065525
3017217,6.281312157480428
3018999,12.431507567205623
3020781,11.009219814848597
3022563,8.550896619254821
3024345,7.791476367466215
3026127,5.866570152673071
3027909,5.966731717335176
3001180,297.609128084465
3002962,333.29615398522503
3004744,368.90125763940966
3006526,476.75926588326973
3008308,530.5083793558368
3010090,456.35665191579136
3011872,399.5127805177337
3013654,305.55774270034993
3015436,298.0776086068788
3017218,355.8996624115484
3019000,448.48135244152627
3020782,481.73324011849706
3022564,417.8792591455593
3024346,398.64428044742675
3026128,312.91413741846617
3027910,316.2886261735169
3001181,50.074469267101435
3002963,43.69268586568884
3004745,50.172766400311545
3006527,63.307370273612165
3008309,66.0579185374947
3010091,54.238441561150914
3011873,56.70677936644522
3013655,45.00325997092835
3015437,48.00982475355886
3017219,48.017040927657014
3019001,70.70777288895584
3020783,69.77432242464151
3022565,56.17250450403384
3024347,46.82793220600013
3026129,49.42003657692876
3027911,53.34914757076474
3001182,1498.856012506992
3002964,920.8600220583954
3004746,914.6819329725008
3006528,1283.4255459609844
3008310,1695.6962421747903
3010092,1138.3912278592904
3011874,2160.856839840811
3013656,1082.50619345467
3015438,1028.406512483689
3017220,982.9867060950161
3019002,1416.9359365772812
3020784,1806.299813318766
3022566,1152.6958601589154
3024348,2074.2813643892964
3026130,1021.0499626610397
3027912,1027.4586651055083
3001183,48.23701878789949
3002965,6.277765470619754
3004747,13.968609199872025
3006529,24.10307448891448
3008311,34.96852434373086
3010093,23.983029877508073
3011875,9.47757351053132
3013657,16.667412813454817
3015439,14.27035121367453
3017221,13.663912678823735
3019003,19.365384802445742
3020785,35.69683969874502
3022567,23.755987264934348
3024349,22.03368975283697
3026131,18.430433025660545
3027913,16.248126832232682
3001184,8.990445240209144
3002966,8.953658498344028
3004748,12.07819124619115
3006530,19.34751962914662
3008312,17.5029682616981
3010094,10.409622327453027
3011876,12.67617108128109
3013658,9.11115840683118
3015440,9.977117692593433
3017222,10.166743013493699
3019004,16.823822727938914
3020786,17.616880282729486
3022568,9.122286715928578
3024350,9.274938237728298
3026132,8.29890500417331
3027914,8.77018952687718
3001185,2.1684731197007943
3002967,2.3510575832569405
3004749,2.3113550774858647
3006531,4.848472984817762
3008313,5.430617413633659
3010095,2.6782473818221413
3011877,3.1088166747535313
3013659,2.904671069368779
3015441,2.457503882801981
3017223,2.844844890257001
3019005,4.198908288811022
3020787,3.9236511922851403
3022569,2.3973765409832892
3024351,2.544196810363898
3026133,2.615179160473209
3027915,2.4861412354876977
3001186,0.0
3002968,0.0
3004750,0.0
3006532,0.0
3008314,0.0
3010096,0.0
3011878,0.0
3013660,0.0
3015442,0.0
3017224,0.0
3019006,0.0
3020788,0.015257716258280232
3022570,0.0
3024352,0.0
3026134,0.0
3027916,0.08792884204337816
3001187,3.915555732940721
3002969,2.466248486677579
3004751,2.81556167713694
3006533,5.024004466362261
3008315,6.565691135497819
3010097,3.3748724458283537
3011879,3.4949247854669254
3013661,2.9201231719699705
3015443,3.253343157403763
3017225,3.0752602923078918
3019007,5.456721836401681
3020789,5.732181290790898
3022571,2.3680855405912093
3024353,2.789380509613721
3026135,2.4608658174548794
3027917,2.9590076612582683
3001188,1029.5083329663148
3002970,1149.7895694432068
3004752,1091.6590069970048
3006534,1761.4749548972095
3008316,1879.880976931091
3010098,1260.7942341102655
3011880,1458.2949401999354
3013662,1112.7062878114225
3015444,1122.6040529118793
3017226,1093.3305677422838
3019008,1819.4354930344011
3020790,2081.9682265529204
3022572,1090.9985784326639
3024354,1237.2154636628939
3026136,1214.8480191016852
3027918,1180.3331260330733
3001189,0.0
3002971,0.0
3004753,0.0
3006535,0.0
3008317,0.0
3010099,0.0
3011881,0.0
3013663,0.0
3015445,0.0
3017227,0.0
3019009,0.0
3020791,0.0
3022573,0.0
3024355,0.0
3026137,0.0
3027919,0.0
3001190,294.85251792471934
3002972,346.14027540554304
3004754,308.55185635269777
3006536,424.9656651596479
3008318,548.4903473854063
3010100,386.8839610846882
3011882,384.4116641643507
3013664,311.0464542224864
3015446,304.2139485689751
3017228,287.7473787021413
3019010,406.51910818168136
3020792,566.6397726915865
3022574,288.96342654941276
3024356,310.60585464941016
3026138,307.36545554903716
3027920,315.5923063068598
3001191,3.7211796726593906
3002973,3.257311183706732
3004755,4.716686329864973
3006537,6.732238009252997
3008319,3.945257628878087
3010101,2.875858137163683
3011883,4.1831202634234215
3013665,3.738306071677334
3015447,5.62632943471445
3017229,5.999366287645155
3019011,5.704721990050939
3020793,4.860809823655105
3022575,3.3971623321039734
3024357,3.434777071428239
3026139,3.919084702729301
3027921,5.179884490544981
3001192,291.6102761223964
3002974,326.19920357918846
3004756,348.3878776835467
3006538,513.0946280657857
3008320,577.0740894582912
3010102,456.79327877425516
3011884,416.10071978729485
3013666,372.5608570676478
3015448,363.16768915716654
3017230,317.6668480690854
3019012,547.9628627184189
3020794,628.593755014742
3022576,395.65785517069503
3024358,414.90206987532014
3026140,402.11370079819653
3027922,403.50049686240305
3001193,458.97895828759016
3002975,339.8153403650515
3004757,308.9008825361836
3006539,500.29096118029645
3008321,550.0605120549639
3010103,411.59862168862713
3011885,468.27283229053876
3013667,567.7002196795846
3015449,309.3260643884022
3017231,306.19199124709246
3019013,461.6425193814963
3020795,523.8283628785166
3022577,296.4899077989881
3024359,340.51952234132955
3026141,440.90698497184843
3027923,335.8716522250433
3001194,104.04268399535111
3002976,113.16352275027751
3004758,140.22995285485473
3006540,219.23708048222304
3008322,208.22285326176325
3010104,149.75261981763347
3011886,182.9050551021827
3013668,142.87335706380287
3015450,115.85177682363276
3017232,148.78516618246354
3019014,184.83866037913464
3020796,188.62007157510334
3022578,110.64784673982822
3024360,135.9251428473513
3026142,155.61813936611156
3027924,136.48960184453867
3001195,79.37037283138855
3002977,92.53140732332692
3004759,84.09994728390468
3006541,146.6293208224688
3008323,198.42480484320157
3010105,168.29859630421993
3011887,130.6763153970713
3013669,111.9682116231316
3015451,79.31142301175002
3017233,84.99770743746583
3019015,146.921892570567
3020797,171.70418337654183
3022579,123.04294141937295
3024361,92.78519308886466
3026143,110.31796138031261
3027925,82.5292244593166
3001196,29.24613214235087
3002978,27.116249830230895
3004760,34.50578898995626
3006542,102.45363933083192
3008324,51.2240078171761
3010106,29.337226777500067
3011888,37.153650458680225
3013670,34.43300773144301
3015452,27.94527795749656
3017234,37.95463669571532
3019016,91.96498949511262
3020798,57.96551175610724
3022580,32.21071486963719
3024362,31.049774267779647
3026144,28.960360354070026
3027926,36.597547190830745
3001197,1320.8992651949666
3002979,1582.6773513210298
3004761,1421.0191943923346
3006543,2140.7123333916497
3008325,2504.87118635905
3010107,1944.709464092578
3011889,2102.3925927369896
3013671,1687.1116166096126
3015453,1631.7120973555811
3017235,1556.29173829995
3019017,2299.6506447100332
3020799,2732.7178830331222
3022581,1666.2025501929552
3024363,1783.186823895614
3026145,1702.7554796404288
3027927,1653.4100574316528
3001198,6.693451384414489
3002980,10.524480441915827
3004762,9.863404821099701
3006544,11.07815200324213
3008326,20.632684903801795
3010108,9.70310578621427
3011890,10.157335013736855
3013672,9.519313231685757
3015454,9.308139288541916
3017236,7.576264130230305
3019018,14.520100059961562
3020800,18.12589929377643
3022582,8.553122321906821
3024364,10.189303279535789
3026146,9.772382176050002
3027928,7.587584713511758
3001199,0.4576200282027214
3002981,0.48879418015699877
3004763,0.5153232354788131
3006545,0.8926628467088613
3008327,1.0227631243788822
3010109,0.5067386718780609
3011891,0.3725579847184698
3013673,0.457063671904632
3015455,0.5683739797354566
3017237,0.49947686953078935
3019019,0.6745560708694316
3020801,0.957383462725723
3022583,0.42878340757940747
3024365,0.5089836352201833
3026147,0.5342333417183844
3027929,0.5457501186658895
3001200,12.505525721720518
3002982,9.890660549807702
3004764,12.918818734209966
3006546,13.479523827477843
3008328,14.584068073893821
3010110,8.603252567531019
3011892,8.89115191542333
3013674,6.412197394471259
3015456,9.321306528438166
3017238,9.764425289579046
3019020,16.23038201594323
3020802,13.081616618034872
3022584,7.559949578301866
3024366,6.3115270637572225
3026148,9.229032614787581
3027930,7.2769945361143975
3001201,10.464004093733422
3002983,9.513536451932344
3004765,8.040382434380062
3006547,16.54817618663391
3008329,16.068242054326767
3010111,11.417488931938196
3011893,12.475550420855622
3013675,8.900985892961538
3015457,9.95263914939211
3017239,8.172989318095773
3019021,16.15419013811721
3020803,16.87945194371145
3022585,12.320489852807075
3024367,12.067966341785402
3026149,13.822111721679478
3027931,12.366731438804617
3001202,0.046748873552160945
3002984,0.08714528452921605
3004766,0.08514568097038594
3006548,0.12551739912958704
3008330,0.18087998880447292
3010112,0.04297374148243857
3011894,0.0
3013676,0.0
3015458,0.0
3017240,0.0
3019022,0.029669791607798167
3020804,0.07411693532151073
3022586,0.0
3024368,0.0
3026150,0.0
3027932,0.0
3001203,85.57427653718433
3002985,105.54892941132682
3004767,88.59908410601876
3006549,146.23604063278128
3008331,169.83086842816869
3010113,120.73562192810934
3011895,135.80398421599472
3013677,103.42755317732892
3015459,99.22352926333323
3017241,91.3658894212379
3019023,152.63039637862664
3020805,200.40959454241042
3022587,96.21472092405007
3024369,100.40864468003606
3026151,108.00074096927263
3027933,96.16101413416276
3001204,4.684712061938504
3002986,4.116485329548072
3004768,4.371537573742436
3006550,7.351127994398286
3008332,8.39575270691105
3010114,5.190678676704607
3011896,4.498300001206272
3013678,7.19089767069296
3015460,4.960723533272753
3017242,3.9763922564158305
3019024,8.486091059116141
3020806,11.141989696618202
3022588,4.074639150506726
3024370,3.2858579607242753
3026152,3.6006692248608454
3027934,2.9557929622906167
3001205,68.82074828434544
3002987,3.800097721073458
3004769,3.5439211660722636
3006551,5.191921776279635
3008333,4.864071787107848
3010115,2.887271710923009
3011897,5.326316891815618
3013679,3.142543822194508
3015461,3.2226764325207347
3017243,3.3615180311631683
3019025,4.526066264427498
3020807,3.0599733858621123
3022589,1.127083009907384
3024371,3.8552905878691357
3026153,0.8071318391663995
3027935,0.8196950906306844
3001206,7.426980505554843
3002988,4.178884432519721
3004770,2.889171005893306
3006552,6.080495002162868
3008334,4.766320187537257
3010116,5.005270423475858
3011898,5.016000389569391
3013680,9.247956819619155
3015462,5.264546104359265
3017244,4.909075748589285
3019026,5.172046680093505
3020808,8.97553810051694
3022590,4.47535307839728
3024372,4.337171133177392
3026154,3.998399822392324
3027936,3.1928554595152594
3001207,29.45695951253396
3002989,29.200754875220554
3004771,61.84770319130746
3006553,71.85204992529842
3008335,41.62500282577505
3010117,28.58312966086254
3011899,31.287986147746203
3013681,32.002437679298616
3015463,35.426223555240334
3017245,42.19764099430982
3019027,83.07055844703693
3020809,18.742022734679647
3022591,24.703804271638663
3024373,25.92408888368144
3026155,24.25199185642743
3027937,34.07052883081492
3001208,1.2006359383718346
3002990,0.939441171919279
3004772,0.6819531945964299
3006554,1.0490950680157227
3008336,1.5283104627696389
3010118,0.6312909530607951
3011900,0.9672824532551532
3013682,1.0096719785554344
3015464,0.8881824399643838
3017246,0.7884935015785761
3019028,1.722985351791046
3020810,2.187217601563247
3022592,1.1144698841593965
3024374,1.072051549081663
3026156,1.2904686839910604
3027938,1.4178482306068974
3001209,44.213761957534274
3002991,159.5863993559235
3004773,50.746319759893616
3006555,75.4690992999157
3008337,81.54762114825404
3010119,61.7123131670541
3011901,71.27995654823066
3013683,57.463850884235875
3015465,150.21134082937382
3017247,51.4409099654741
3019029,86.15437711792049
3020811,97.38056650218877
3022593,59.95712335750905
3024375,69.52306301236722
3026157,62.150014188604935
3027939,117.17320808013743
3001210,81.48016242887185
3002992,93.98660250101749
3004774,95.56117765276971
3006556,147.94331545824346
3008338,175.72119922607823
3010120,132.93673402037166
3011902,124.88163620346803
3013684,103.87209012690943
3015466,88.97343437328861
3017248,94.68806380188597
3019030,157.96827642355686
3020812,180.2252370566679
3022594,108.83882109467231
3024376,114.57314751969909
3026158,124.13252026346754
3027940,105.56697023318165
3001211,2.1210545222212995
3002993,2.0920082686718366
3004775,2.103844109686422
3006557,3.8040844898850157
3008339,4.518805489108862
3010121,2.5767731128818117
3011903,2.2601779772163653
3013685,1.7021907165102008
3015467,1.9415327985594528
3017249,1.7723732477940297
3019031,3.3877666185508524
3020813,4.273126935414804
3022595,1.987490741688339
3024377,1.9335202090281527
3026159,1.884479088121041
3027941,1.8384031993525918
3001212,3.0921599406811477
3002994,3.9982140389184035
3004776,2.8899553631931627
3006558,4.733915801137246
3008340,6.38006882028548
3010122,3.692981789824427
3011904,3.738237425866684
3013686,3.9877121502179564
3015468,3.907550505838217
3017250,3.161555963358005
3019032,6.698577106368765
3020814,7.484137188095687
3022596,3.84958649725223
3024378,4.308267190578013
3026160,3.0738070978135372
3027942,3.2534490883478524
3001213,102.23239597063967
3002995,101.0375711547123
3004777,162.00002020853879
3006559,185.63743185136457
3008341,211.8964997999019
3010123,144.36062320587047
3011905,136.6634980187156
3013687,97.75865481542402
3015469,90.17591139305749
3017251,155.0326313375394
3019033,168.30199054957316
3020815,208.5508535103191
3022597,94.71318719750786
3024379,134.5155366537774
3026161,124.14871494442987
3027943,113.21465049544989
3001214,39.17237154339258
3002996,41.37504832772315
3004778,42.7129438915058
3006560,44.36420255593731
3008342,45.28674058180201
3010124,36.72490783837103
3011906,43.171591331722915
3013688,35.93488160782926
3015470,37.1709824162876
3017252,39.72257991002692
3019034,42.38004700211163
3020816,51.00515431228386
3022598,32.04242389693483
3024380,32.550103318049594
3026162,35.37956501294849
3027944,35.071698489610256
3001215,842.5425764135405
3002997,726.6486234750035
3004779,606.4147697225633
3006561,1010.004902079431
3008343,1073.5287987251986
3010125,779.5846156195498
3011907,1658.4060498257143
3013689,656.9384245490482
3015471,709.6995580095951
3017253,609.0226389258517
3019035,977.4437622462739
3020817,1137.2662760330734
3022599,629.8375642885676
3024381,1403.3333343990382
3026163,622.1080753841588
3027945,671.3063734958902
3001216,45.308028592283144
3002998,49.243108641256114
3004780,14.57660614676492
3006562,44.04947091057161
3008344,51.33651979092391
3010126,40.21343817733621
3011908,33.091422307552676
3013690,20.48010458938354
3015472,19.512138596474387
3017254,15.278987905652517
3019036,38.02278699471664
3020818,55.70376592670652
3022600,26.863604825425433
3024382,29.171612637737407
3026164,16.613442178896882
3027946,20.202125863549114
3001217,7.434309068208476
3002999,7.694865861614977
3004781,7.527138491082388
3006563,18.74901332773479
3008345,15.68368331408728
3010127,9.709293931260156
3011909,11.10123583515
3013691,8.402307190307015
3015473,7.835821934484075
3017255,7.510797827473628
3019037,18.150062745153438
3020819,14.192682371994533
3022601,8.80779221346671
3024383,9.78294014069586
3026165,7.437679412581264
3027947,7.330702773574419
3001218,5.012498026326822
3003000,4.814958566533225
3004782,5.821671297618957
3006564,8.54095704432253
3008346,8.350617262457515
3010128,5.8473391700496204
3011910,5.198086726425577
3013692,5.169096968311593
3015474,4.833980083495019
3017256,4.932407979156958
3019038,7.410713019187959
3020820,8.903938424099307
3022602,5.60803885885204
3024384,4.14044811283667
3026166,4.393376820564681
3027948,4.808855386638587
3001219,0.6671859182807249
3003001,0.4409293907634334
3004783,0.4969015363330798
3006565,0.8456989964084394
3008347,0.9290825832071825
3010129,0.4093228298548417
3011911,0.46969903644907146
3013693,0.3086050758641227
3015475,0.3555957167337941
3017257,0.3881573149987627
3019039,0.40342501721982926
3020821,0.41056328589212876
3022603,0.33174573353474146
3024385,0.264094782608279
3026167,0.21109122366177427
3027949,0.3326483800302656
3001220,3.159699238835316
3003002,2.218720620903271
3004784,1.5885390561587016
3006566,4.066762973644159
3008348,2.755261224067194
3010130,2.0621241121744314
3011912,2.8537249392206534
3013694,2.399508674284241
3015476,2.19910036373564
3017258,2.477927456044493
3019040,4.463891151909294
3020822,2.76064050992475
3022604,2.117858287900544
3024386,2.4322854804623177
3026168,2.1536920436834235
3027950,1.7332403340884093
3001221,2065.935671780991
3003003,1958.5679458355378
3004785,2274.858862019243
3006567,3429.373626582043
3008349,2900.9454259244317
3010131,2703.4374427551825
3011913,2385.861628801743
3013695,2151.4491756856196
3015477,1957.1714089745562
3017259,2688.7966127217933
3019041,3830.575551805367
3020823,2722.600729827217
3022605,2570.24392112059
3024387,2502.526150024323
3026169,2284.629284330308
3027951,2199.0781057132017
3001222,0.03462417600411443
3003004,0.0328152804912931
3004786,0.02452289984453975
3006568,0.024867055489830214
3008350,0.02273882528676628
3010132,0.028194966052160955
3011914,0.028194966052160955
3013696,0.02757000616363938
3015478,0.0328152804912931
3017260,0.025418545877919464
3019042,0.025763002386800786
3020824,0.023632911668037514
3022606,0.033512242961965415
3024388,0.033512242961965415
3026170,0.02209301466377944
3027952,0.02722365433120041
3001223,159.13196850640657
3003005,151.48268125732397
3004787,153.99314104561563
3006569,253.6946858391841
3008351,244.25909279484847
3010133,213.27144691514286
3011915,206.76365291468645
3013697,171.20770429624687
3015479,127.53952619047143
3017261,133.06484471116488
3019043,270.51767111489943
3020825,214.2181852359538
3022607,179.052838035398
3024389,178.5280552639988
3026171,153.63679224005617
3027953,139.91263237112196
3001224,6.127525106179065
3003006,6.348544235312307
3004788,4.854109452857564
3006570,8.299110432364358
3008352,5.350502049584564
3010134,4.411305697396694
3011916,5.347938203812153
3013698,4.10476402752694
3015480,4.785652437590656
3017262,5.617357558091273
3019044,9.078594719851758
3020826,5.633642084448505
3022608,5.377372324918952
3024390,5.933932974874187
3026172,4.816137736737821
3027954,5.742180235343638
3001225,719.5377313327954
3003007,808.7785797087577
3004789,865.2241429932162
3006571,1532.1383450072904
3008353,988.4247273464033
3010135,1077.4714596435138
3011917,791.5739225405489
3013699,794.6160411528994
3015481,768.6606861894702
3017263,907.3195394405705
3019045,1641.0069218266333
3020827,1028.9370277722371
3022609,1009.0611957034369
3024391,931.468456963322
3026173,795.6185408573083
3027955,724.0903032831142
3001226,365.1621038003974
3003008,268.3307624972458
3004790,308.60774890998033
3006572,504.35934013957177
3008354,393.5819500983357
3010136,411.3579707587715
3011918,338.2823926668705
3013700,340.6444951673351
3015482,262.3974185873703
3017264,306.2631147064017
3019046,458.7803729615557
3020828,359.19088242439494
3022610,346.08935106352436
3024392,308.5881444043327
3026174,338.29046211775574
3027956,284.5707957084038
3001227,288.1688297476938
3003009,210.7431086328869
3004791,243.58569720606812
3006573,368.9742773205975
3008355,310.53479360068627
3010137,303.9490418998596
3011919,278.3678190045855
3013701,252.45753923045797
3015483,200.99910491727002
3017265,269.3499743718814
3019047,378.05507727526566
3020829,317.709406432384
3022611,310.40186369283447
3024393,322.0576928213533
3026175,238.8912261643465
3027957,219.68781875767493
3001228,47.584536248845794
3003010,48.46656690213485
3004792,47.117272274602925
3006574,66.59552913272104
3008356,79.96193052467281
3010138,97.65108780006533
3011920,57.05574607444276
3013702,41.55339762119649
3015484,42.676768383645644
3017266,41.843141202058305
3019048,79.0228924080421
3020830,78.38113195098168
3022612,92.44206835437862
3024394,56.78614567479183
3026176,46.32681788521811
3027958,45.39641882019443
3001229,33.89648099940515
3003011,32.595065947284645
3004793,42.69270406966953
3006575,65.01710192966405
3008357,44.47359608141395
3010139,36.42946664149584
3011921,35.114873623807505
3013703,33.5195124791595
3015485,35.96903416575684
3017267,41.17274627060413
3019049,71.4186296205975
3020831,47.92712012586856
3022613,38.92847548414215
3024395,37.48765904033696
3026177,36.65864794927571
3027959,32.60208958846137
3001230,3128.650795987735
3003012,2750.2107458412593
3004794,2908.697928672818
3006576,4873.912728223713
3008358,3931.5281053699928
3010140,3905.8460038772914
3011922,3209.4434687903768
3013704,3127.850846397767
3015486,2905.3910790944014
3017268,3462.899228014238
3019050,5206.706264673388
3020832,3836.8047347046
3022614,3773.5158049426745
3024396,3258.213178480783
3026178,3028.9967693257954
3027960,2940.6135243202443
3001231,22.019477559578938
3003013,18.86197303697996
3004795,19.402774714831466
3006577,24.979298988195236
3008359,21.41250394076927
3010141,16.28102468419627
3011923,8.960114660083791
3013705,13.380931181072192
3015487,10.345464109712657
3017269,16.63069961729846
3019051,12.282656365803573
3020833,10.080456779582835
3022615,12.21882108428552
3024397,9.513876713855689
3026179,7.160335701826991
3027961,7.807708115877746
3001232,0.6927270223690392
3003014,0.7634016907284085
3004796,0.7716217377347974
3006578,1.2745106582077472
3008360,1.009005522266449
3010142,0.9417103907924975
3011924,0.9074147305409783
3013706,0.9492690939637503
3015488,0.9614019575906287
3017270,1.2133917588818335
3019052,1.4535755834433695
3020834,1.2503782392373526
3022616,0.83537813478338
3024398,0.722157307742403
3026180,0.7244965685138547
3027962,0.8366324856453831
3001233,13.635486926972492
3003015,10.520761957211294
3004797,11.846634167092336
3006579,19.789980724059088
3008361,15.65419646153882
3010143,10.67980358175422
3011925,10.01932433071246
3013707,11.258150465666029
3015489,12.033766906436352
3017271,13.360126837658466
3019053,20.243858602270006
3020835,13.758790001977571
3022617,11.625713995687533
3024399,13.446652019095524
3026181,10.742570278561079
3027963,12.723700510195783
3001234,18.709959162136407
3003016,10.58267075432411
3004798,11.529764364769756
3006580,20.686693413257508
3008362,16.823278834475893
3010144,13.664725732061708
3011926,16.74486140674213
3013708,12.672484058930982
3015490,10.298122629567501
3017272,11.709813054461328
3019054,15.894342647705749
3020836,12.636233263119944
3022618,13.000560472863414
3024400,11.141478812753185
3026182,12.189127019187445
3027964,9.48390558347932
3001235,0.09824788495122096
3003017,0.08254811534134919
3004799,0.105389235802092
3006581,0.15893940285256014
3008363,0.18937597868074807
3010145,0.15591144307993987
3011927,0.13985962653542683
3013709,0.11136219360849094
3015491,0.09196705102188214
3017273,0.10395296525202558
3019055,0.15463681465833898
3020837,0.16695519142988902
3022619,0.07820016589292139
3024401,0.060930897862179034
3026183,0.10516087671922007
3027965,0.08454596498708203
3001236,159.7687280669602
3003018,155.13301834533362
3004800,168.33876464314486
3006582,275.36826444160783
3008364,222.46475738282183
3010146,209.06386921577194
3011928,173.85480483383827
3013710,167.94206996536792
3015492,160.06915207149552
3017274,176.93331236542517
3019056,284.9715301254305
3020838,212.35279477296174
3022620,196.63915724520865
3024402,182.2063065801353
3026184,172.05017241834597
3027966,149.83060711224257
3001237,5.089282134803774
3003019,4.669402059458143
3004801,5.60043125570249
3006583,9.263456300500772
3008365,7.082063940358646
3010147,7.126864745586815
3011929,5.2327988298244685
3013711,4.027570345524854
3015493,3.94828963749692
3017275,4.727932775221152
3019057,12.856280339597856
3020839,8.048671277365754
3022621,5.498786860624189
3024403,5.149665091614393
3026185,4.524149337484996
3027967,4.962369141362892
3001238,5.972329030349657
3003020,0.08593277598031962
3004802,0.0900595406411939
3006584,0.10891035131543601
3008366,0.08465109874026464
3010148,0.08465005085087271
3011930,0.08465005085087271
3013712,0.08898945880173827
3015494,0.08593277598031962
3017276,0.08928590323266644
3019058,0.10812333510348096
3020840,0.08388129981286632
3022622,0.08521919852407617
3024404,0.08521919852407617
3026186,0.09366778241126404
3027968,0.08005357353921586
3001239,8.00187536795884
3003021,3.582396549544341
3004803,3.554710414313468
3006585,4.173245274825812
3008367,5.1484010767959925
3010149,4.116007499002161
3011931,3.6702355498584476
3013713,4.148693408637047
3015495,3.4424117089082076
3017277,3.449113579167231
3019059,4.609557024405633
3020841,3.8027260256527873
3022623,3.039768177299151
3024405,2.562063250219713
3026187,2.957253895921847
3027969,2.9229067997434965
3001240,38.30878462003609
3003022,30.053830514355
3004804,47.7441847636179
3006586,66.47860745707631
3008368,33.31835822857355
3010150,22.822805033242986
3011932,23.260521724294733
3013714,22.269020662255762
3015496,29.737834964255132
3017278,37.80664334202175
3019060,47.70548650023789
3020842,19.869927333446554
3022624,20.431150841654063
3024406,21.417347623208336
3026188,23.65147725141131
3027970,25.6759041944673
3001241,1.9241159665426055
3003023,1.9615508034685467
3004805,2.1174282494713506
3006587,2.5722627687991184
3008369,1.7394495005488535
3010151,0.9587060663357259
3011933,1.1565324979473184
3013715,1.1406597661817255
3015497,1.3586350286033917
3017279,1.8413424986467226
3019061,2.1962191327280958
3020843,1.745879875707471
3022625,1.7994509276494624
3024407,1.6578532909927004
3026189,1.6136235352341695
3027971,1.8801900069594724
3001242,120.99884473701653
3003024,154.42658134841187
3004806,130.69110059887674
3006588,231.27828110680076
3008370,143.68484682604767
3010152,151.68364674135663
3011934,170.09325280878267
3013716,132.3207976610102
3015498,156.6261221200768
3017280,129.26096772060237
3019062,217.56083764827872
3020844,148.11362413447418
3022626,169.20931297925938
3024408,152.66659310935927
3026190,128.36569631343903
3027972,152.17430582136714
3001243,130.4953682656254
3003025,162.03691622906518
3004807,172.49564240695886
3006589,280.6766942362413
3008371,221.72377528378144
3010153,214.10068816832995
3011935,174.19050200038237
3013717,157.98485102029565
3015499,153.4114820963983
3017281,197.6558092762257
3019063,296.3685558666426
3020845,237.76599476742888
3022627,202.1513315749294
3024409,177.25907024687174
3026191,176.8714854460414
3027973,148.31156132674934
3001244,0.9513358363614377
3003026,1.1414012540065763
3004808,1.083314495968811
3006590,1.4181095796980272
3008372,1.7944332306168413
3010154,1.3716765014510073
3011936,1.036398710722806
3013718,1.0398111028641694
3015500,0.9436227906573955
3017282,1.2248590768422534
3019064,1.1896893936887767
3020846,1.571988198090875
3022628,0.9179659167759
3024410,1.150134615648715
3026192,0.9135206901535187
3027974,1.0254819208515515
3001245,3.972402053434121
3003027,4.8116954015942115
3004809,4.42061021070668
3006591,5.78474513246909
3008373,5.16559683168738
3010155,3.6427094658228807
3011937,3.0624883473720415
3013719,2.835309809654489
3015501,3.4124466364142947
3017283,3.5872796862027094
3019065,6.36588163406878
3020847,6.1752318532898185
3022629,5.13841549815894
3024411,4.585320615655467
3026193,4.549461899295025
3027975,4.226871488575528
3001246,85.25233985416885
3003028,157.15754742492376
3004810,130.81103855982346
3006592,262.3356446901476
3008374,119.68280050712444
3010156,112.62120719366708
3011938,110.53233483999924
3013720,97.72656417259103
3015502,166.2218935577114
3017284,129.7835192080638
3019066,259.4414880140686
3020848,111.29394899379679
3022630,115.14465369648445
3024412,108.13425796865857
3026194,102.64854897496946
3027976,161.61334808156852
3001247,23.66653895085755
3003029,25.400236665741282
3004811,25.527800483227004
3006593,31.270973787614537
3008375,29.410035925044678
3010157,27.137834510352818
3011939,24.743292523152874
3013721,22.945828174121647
3015503,26.156312038508634
3017285,23.896561879364032
3019067,32.824849726290736
3020849,30.255131303070876
3022631,25.313284318255434
3024413,27.265325640705438
3026195,20.213245496354357
3027977,22.99386390502023
3001248,497.2903467711334
3003030,452.94335390167697
3004812,386.85975123099314
3006594,605.9631061272719
3008376,509.4132711300976
3010158,492.9360868645374
3011940,601.4206139360573
3013722,332.2051621699882
3015504,409.51315966601965
3017286,375.7532233974786
3019068,632.2008170926565
3020850,522.3661018834833
3022632,506.7377512652541
3024414,607.1411391676758
3026196,372.1361012370467
3027978,430.9028253448467
3001249,33.328161811038925
3003031,12.000134460413916
3004813,0.08219625491902977
3006595,16.31307678783663
3008377,6.170344504910266
3010159,7.879245292338
3011941,14.17337955555401
3013723,2.451251976547435
3015505,0.421720919337959
3017287,6.238304088551545
3019069,6.546397831692719
3020851,5.860437829438642
3022633,1.7525268017581288
3024415,16.12276641183345
3026197,14.663041305131216
3027979,5.1320472334866185
3001250,2.884824852636499
3003032,2.69781075043764
3004814,2.8969991481581387
3006596,6.089039026515848
3008378,3.8758635341323933
3010160,3.623192539318322
3011942,2.901207724818058
3013724,2.5428243055250137
3015506,3.383174723256931
3017288,3.4717102848398653
3019070,8.499265068473603
3020852,4.55852431383327
3022634,4.120078518572415
3024416,3.718884814223866
3026198,3.341993530689064
3027980,4.067180355329519
3001284,5.694332650422167
3003066,5.65174617143123
3004848,6.796171041152337
3006630,9.808198729361216
3008412,12.25764064316721
3010194,5.635391500978284
3011976,4.194867452007708
3013758,4.715567378311049
3015540,4.295756878556976
3017322,3.8499026251790935
3019104,9.665650948858742
3020886,11.792198140503357
3022668,4.906587720261525
3024450,5.620456162490404
3026232,5.263225286822055
3028014,5.480114677512741
3001285,0.06347778185479143
3003067,0.06930935905984383
3004849,0.05455817077809317
3006631,0.06945981061006964
3008413,0.09452467985755958
3010195,0.063627436530359
3011977,0.06309650128143766
3013759,0.059415679012066853
3015541,0.06930935905984383
3017323,0.05477238161331318
3019105,0.06967704839325989
3020887,0.094747009030419
3022669,0.07215580230699693
3024451,0.07162060991892054
3026233,0.16770884200358938
3028015,0.17706996768774733
3001286,5.147557862433819
3003068,3.8423419302294572
3004850,4.094261795452161
3006632,6.402504127244381
3008414,9.144024091384859
3010196,5.0830139101456995
3011978,4.426712067557413
3013760,3.2513735307851697
3015542,5.186007517661741
3017324,4.52851885939214
3019106,8.75155183084486
3020888,10.350434772596662
3022670,3.3399905749574197
3024452,3.039703485539814
3026234,3.8260327122025917
3028016,3.6157798075328254
3001287,2774.954206270223
3003069,2979.7976219584825
3004851,2945.6934205522994
3006633,4477.439374228577
3008415,5711.144134161913
3010197,3330.232159547717
3011979,3220.6591685683493
3013761,2780.991770885109
3015543,3027.87059860928
3017325,3306.824173495993
3019107,5301.694568220125
3020889,6502.042322755518
3022671,3550.0678723989795
3024453,3834.952404434079
3026235,3275.174204468855
3028017,3905.227257362314
3001288,0.02665163859786083
3003070,0.032281279757580286
3004852,0.022652581182550292
3006634,0.03475942678078165
3008416,0.05593167728980948
3010198,0.024878568138058357
3011980,0.024366975319934456
3013762,0.027260475388617613
3015544,0.032281279757580286
3017326,0.021653141955618772
3019108,0.0337481555234735
3020890,0.054899714374287686
3022672,0.029755531911802396
3024454,0.02924150463976519
3026236,0.02187661843826004
3028018,0.03330617837717919
3001289,425.944746981509
3003071,420.60417798649473
3004853,377.4483476028511
3006635,544.0946793491878
3008417,929.4108890791978
3010199,495.82058812823175
3011981,509.55015465491675
3013763,414.6514937587225
3015545,394.8808506375559
3017327,370.09777761752343
3019109,575.7723235664769
3020891,915.5304456186082
3022673,425.8719978113613
3024455,498.10976412899413
3026237,416.87641131747034
3028019,398.1904583251076
3001290,7.252371258917263
3003072,7.177986405555094
3004854,9.523895892000157
3006636,13.232455194284674
3008418,11.061237344985521
3010200,5.354298858815005
3011982,5.128210017542599
3013764,5.609276605500099
3015546,5.577105991783054
3017328,6.953827777166783
3019110,12.08783807761994
3020892,9.810898460992913
3022674,5.089463289453682
3024456,4.714245605665852
3026238,5.591779460276439
3028020,5.010437504793775
3001291,1178.507712753387
3003073,1373.6689635917833
3004855,1558.0299035162839
3006637,2415.263563355316
3008419,2679.008051867912
3010201,1533.3709369838587
3011983,1325.4412994482245
3013765,1308.0258206421852
3015547,1433.2249963931652
3017329,1543.309921655088
3019111,1911.2223192627746
3020893,2312.1897558904807
3022675,1485.363975873251
3024457,1328.293900259724
3026239,1231.6418587550343
3028021,1164.0629024644588
3001292,759.4106238586857
3003074,539.2694576993291
3004856,514.7141992547741
3006638,883.9811771394401
3008420,1241.7167383600668
3010202,723.3634630043213
3011984,676.2024169998977
3013766,853.2989268086518
3015548,555.2380386337044
3017330,514.6758298110315
3019112,879.1728068766965
3020894,1207.209095943476
3022676,686.7714929794975
3024458,691.6290555497812
3026240,785.6013377467145
3028022,581.2458832164359
3001293,473.6750740064762
3003075,433.17711748173036
3004857,793.8093744202862
3006639,770.2518341687922
3008421,928.9169793936055
3010203,595.4788675625317
3011985,576.1627441542007
3013767,460.239533142473
3015549,462.20714001027227
3017331,864.2409937333553
3019113,750.5081078878925
3020895,1021.6972855375598
3022677,520.1340281298152
3024459,641.5768185889666
3026241,516.2576211771312
3028023,541.9914637309579
3001294,80.86145560191085
3003076,66.29978661161037
3004858,88.0389751834152
3006640,113.06922187584797
3008422,179.37068957490303
3010204,163.89000297227025
3011986,108.24958402426361
3013768,68.98030316368589
3015550,68.55391795621978
3017332,84.8532584267896
3019114,121.06923650565727
3020896,156.8610719627412
3022678,162.78065599560583
3024460,100.97495277808626
3026242,70.29659592377286
3028024,74.74272514242523
3001295,56.003713437229
3003077,54.86136734721612
3004859,61.622805846387116
3006641,160.12227104380784
3008423,94.70910473232628
3010205,61.95523903974272
3011987,65.52872537307248
3013769,53.51070738010057
3015551,62.13558440220195
3017333,75.39089389761095
3019115,167.67382818911784
3020897,100.94648093777533
3022679,61.21695349425136
3024461,65.90226985482917
3026243,52.53521267551613
3028025,68.86831775839126
3001296,4039.998071557166
3003078,4445.64825606335
3004860,4615.859349852944
3006642,7606.504843436596
3008424,9669.804958192128
3010206,5494.015520627428
3011988,5312.254515019024
3013770,4599.30380788592
3015552,4686.06137761741
3017334,5053.350796298972
3019116,8808.512293419892
3020898,10719.874907616402
3022680,5211.499134646256
3024462,5915.184088742206
3026244,4953.151468193701
3028026,5412.612872517208
3001297,10.599585837685776
3003079,12.619529792614221
3004861,16.737710879063457
3006643,21.511363745375856
3008425,24.297737419630142
3010207,10.457751852504835
3011989,8.51126801610858
3013771,9.825585548453367
3015553,11.145931374345638
3017335,11.37731433718897
3019117,19.51973602823205
3020899,23.600370883417078
3022681,10.570055926941295
3024463,11.130993017335406
3026245,11.896310794392576
3028027,9.99248214065987
3001298,0.45719226579099975
3003080,0.39880194959019377
3004862,0.45831488760066014
3006644,0.9194402418276468
3008426,0.8610728577518003
3010208,0.506832613126164
3011990,0.6143969326204135
3013772,0.5121451211662653
3015554,3.317610223253535
3017336,0.454904561877873
3019118,0.7602597554177708
3020900,1.0418460265459646
3022682,0.5757321711761567
3024464,0.6329588134978485
3026246,0.624988882171376
3028028,0.6497438190100333
3001299,18.792458444364414
3003081,12.585125938439168
3004863,20.53980894176795
3006645,27.374334649499968
3008427,28.31592107156146
3010209,19.39035547799038
3011991,16.396694020036243
3013773,19.11039278021996
3015555,16.899152319380853
3017337,17.926643387834613
3019119,23.751327042981533
3020901,28.727110192287103
3022683,13.109359598451011
3024465,14.788873740538806
3026247,15.8914243799864
3028029,12.605945189966315
3001300,17.131011981598203
3003082,16.62793671860854
3004864,13.08444291377905
3006646,16.51529438189481
3008428,28.593631958681225
3010210,15.573563699511539
3011992,17.176119311403113
3013774,16.360613432894677
3015556,11.11079302993641
3017338,13.390797782996806
3019120,22.015480670030453
3020902,29.74474942779055
3022684,13.907378166855397
3024466,15.591395165587645
3026248,11.203218205271005
3028030,11.759961748088658
3001301,0.06907542824846631
3003083,0.07337254299612692
3004865,0.08260064544255094
3006647,0.12261559801378995
3008429,0.1452282271770716
3010211,0.09152868734119579
3011993,0.0883016212494914
3013775,0.09113504477389983
3015557,0.07337254299612692
3017339,0.08172888868407822
3019121,0.12171161948869368
3020903,0.1443060399871432
3022685,0.07815806977957578
3024467,0.07497053344742663
3026249,0.08392949512087594
3028031,0.07443823900283006
3001302,253.9018659273446
3003084,292.5950662495456
3004866,256.1803150145493
3006648,409.6660918081408
3008430,534.3700333278301
3010212,330.44441844805493
3011994,317.1486678190427
3013776,265.06233437787364
3015558,281.0555922005468
3017340,277.50399426020067
3019122,434.24109347688693
3020904,589.9504844098179
3022686,344.1491909649828
3024468,332.5331611634651
3026250,301.5278452681889
3028032,282.9781809907147
3001303,2.06467247723348
3003085,1.7740758533610763
3004867,2.418161753853826
3006649,4.783305167048136
3008431,5.297034674278752
3010213,2.3425586138165952
3011995,2.0122453276920873
3013777,1.6592283599723934
3015559,1.684097798326599
3017341,1.913740184030401
3019123,2.183998102698873
3020905,2.7712839092158723
3022687,0.9413105201212881
3024469,1.1554163879933812
3026251,1.3109236229877497
3028033,1.1564400437809876
3001304,15.096329577841747
3003086,3.6549093902305883
3004868,5.478754666014711
3006650,7.478450252157353
3008432,9.4748635317811
3010214,5.427027692852254
3011996,10.215836495485114
3013778,3.597860454955736
3015560,3.2382159807245623
3017342,2.999655207025384
3019124,4.851529776649612
3020906,5.90164653100784
3022688,4.364714047315596
3024470,7.863997448410029
3026252,4.682031568428155
3028034,4.432926463887567
3001305,10.98878834303683
3003087,4.38340289920155
3004869,3.7337322922771623
3006651,4.708372356741772
3008433,7.844742631023918
3010215,2.968397600612705
3011997,3.8328079691974963
3013779,2.526878216500449
3015561,3.2668296855851846
3017343,2.079883038310567
3019125,6.632292106118811
3020907,6.87307298558204
3022689,3.52022792457597
3024471,4.310362317401378
3026253,4.91130050363608
3028035,4.67043726565261
3001306,39.59391985626776
3003088,33.95639333961167
3004870,59.21682001283233
3006652,115.91785437256337
3008434,63.226656314532136
3010216,27.741692139689548
3011998,32.5868649658338
3013780,42.94006062718884
3015562,36.3833428060168
3017344,58.45861017868647
3019126,110.2318775428302
3020908,58.83072945508046
3022690,26.810687494671342
3024472,30.90376337765458
3026254,36.385391576643286
3028036,42.251824058296926
3001307,1.041329906427499
3003089,0.8306994009440547
3004871,0.715064457342153
3006653,0.9773177092762411
3008435,1.0990953106182069
3010217,0.5231837332685663
3011999,0.68541776758936
3013781,0.6055132598082742
3015563,0.9872313422179086
3017345,1.1851573876295909
3019127,1.4180521180843173
3020909,1.3128630478743242
3022691,1.0919294804238042
3024473,1.2291829196528021
3026255,1.353899761318821
3028037,1.2736047152174872
3001308,229.02151864828247
3003090,644.5782142810106
3004872,259.415088297801
3006654,350.7697843207461
3008436,463.7099076506228
3010218,304.2088048411383
3012000,285.8605861806204
3013782,302.0854999695004
3015564,665.0634564724893
3017346,275.1539210062922
3019128,406.0707203027925
3020910,479.2097117062372
3022692,276.6017242450778
3024474,293.46768450913095
3026256,287.78515005870423
3028038,592.0923256242207
3001309,276.9883521143295
3003091,278.672540382112
3004873,273.1490297905691
3006655,410.8857906165045
3008437,689.6743371643179
3010219,323.6256288836154
3012001,330.5623852546336
3013783,289.87039931505495
3015565,264.4795690068881
3017347,273.34122511646973
3019129,503.56929835409795
3020911,688.6342897435347
3022693,393.0337435447795
3024475,358.61384274773343
3026257,327.42276292651457
3028039,333.4354313117886
3001310,2.663215074253339
3003092,2.6519210892476663
3004874,2.936630594567781
3006656,5.728895250138613
3008438,7.033429600628047
3010220,4.006374268701686
3012002,3.021628270769199
3013784,3.110273007158586
3015566,2.9015610277902213
3017348,3.6812584818299
3019130,7.0473726021738425
3020912,7.15174564149636
3022694,3.0876360284266857
3024476,3.3593071479989147
3026258,3.4560106861838076
3028040,2.8444835009798513
3001311,4.539415821105716
3003093,5.473204800756193
3004875,4.249157166929747
3006657,8.746256155453583
3008439,9.453097632987417
3010221,4.688149628974111
3012003,4.049959542047914
3013785,3.9028392373460727
3015567,3.302241649476989
3017349,4.418847329477292
3019131,8.182407818599609
3020913,10.735068104009246
3022695,4.966145710133591
3024477,5.547420530502648
3026259,4.800905512013078
3028041,5.667631800980215
3001312,228.15446456661815
3003094,225.9459923282469
3004876,444.6325473215419
3006658,407.77432280545355
3008440,594.5065181533955
3010222,317.51396992091344
3012004,297.0133795321241
3013786,264.68290896269247
3015568,255.06079673498022
3017350,526.0769373853497
3019132,393.49163732828555
3020914,557.1101267538392
3022696,299.73652001851997
3024478,299.5487587911161
3026260,237.4093407751535
3028042,256.4800384426021
3001313,51.543039641277446
3003095,50.81501662725887
3004877,60.2522608045998
3006659,83.14395463135567
3008441,107.91842684148325
3010223,52.75934103472618
3012005,59.03883210735183
3013787,48.01224875197459
3015569,55.64123865707759
3017351,71.14768964987492
3019133,94.0801078772616
3020915,116.38687127595726
3022697,61.42329228503667
3024479,56.66709142834512
3026261,52.24328623197155
3028043,50.27398688996173
3001314,1018.6783110198596
3003096,798.5918983680691
3004878,743.0575087086598
3006660,1250.5871594797297
3008442,1545.831941417998
3010224,858.7711031514802
3012006,1525.5319581938948
3013788,704.1100659359668
3015570,681.8072612939505
3017352,746.338179686793
3019134,1250.0410711266618
3020916,1538.821873977067
3022698,879.0535327488939
3024480,1347.3220040193169
3026262,675.2923751527622
3028044,797.8761265846516
3001315,75.51322363984906
3003097,34.28810769300096
3004879,31.115270539705406
3006661,43.687554955672155
3008443,49.42128918319787
3010225,32.4760386422867
3012007,21.35760342869583
3013789,49.78702480205535
3015571,27.642673618693365
3017353,41.640854986369575
3019135,28.071993562542993
3020917,111.94414184756373
3022699,85.70327006893838
3024481,70.0356902823042
3026263,64.00517855306441
3028045,80.75774329977952
3001316,9.102851146331584
3003098,8.156334577975157
3004880,7.571077412686595
3006662,22.120646289368263
3008444,18.349311563420034
3010226,12.369789440594184
3012008,11.023284025363425
3013790,10.364559312756086
3015572,9.64479245901498
3017354,11.032591307361715
3019136,27.905031118797893
3020918,22.33022003992593
3022700,12.857240163295325
3024482,12.44646364016112
3026264,10.267524386307542
3028046,9.277228126780232
3001317,7.047737000006654
3003099,6.501746403149307
3004881,8.060300415993503
3006663,14.42945354623243
3008445,12.069750244046547
3010227,8.111474272673485
3012009,8.937338793250323
3013791,7.06963965790632
3015573,7.612432363563199
3017355,8.751724233024998
3019137,12.446644434398424
3020919,13.96698147141931
3022701,6.055272350916781
3024483,6.521664526988543
3026265,6.56399541422018
3028047,7.595922195847276
3001318,0.34119357818769486
3003100,0.35148111264342635
3004882,0.43763996026109664
3006664,0.37772409401476914
3008446,0.41695554731668955
3010228,0.2556795833144073
3012010,0.19321985323419982
3013792,0.15503170436006475
3015574,0.24774710367108302
3017356,0.09780909467848245
3019138,0.16645099064174168
3020920,0.3157560610280533
3022702,0.11339004955182354
3024484,0.33488636266758587
3026266,0.28514348217894775
3028048,0.2084698799872433
3001319,3.7976499484883295
3003101,2.054375553097924
3004883,2.2856326220463363
3006665,4.251191210322454
3008447,5.884677846647905
3010229,2.465024363243442
3012011,3.726517057827758
3013793,2.364724896804721
3015575,2.2510177511721277
3017357,3.626426972061826
3019139,5.760577913761687
3020921,5.95000664048581
3022703,3.1032605359213097
3024485,2.974123504418713
3026267,2.691229715811984
3028049,2.8786130097373532
3001320,2279.305467299501
3003102,2325.7034419035867
3004884,2608.6484616049693
3006666,3523.334325573142
3008448,4825.3871779487445
3010230,3723.364120149116
3012012,2831.7692429340264
3013794,2729.178697094338
3015576,2665.8530802383166
3017358,2811.770009537362
3019140,4051.635159759651
3020922,5291.855542696287
3022704,3338.3251500321535
3024486,3252.7877630593393
3026268,2848.2391397981332
3028050,2441.1141046973335
3001321,0.08810847817156343
3003103,0.09407511772548305
3004885,0.0829637846738958
3006667,0.08933728320685615
3008449,0.10824551865200008
3010231,0.08622926917098998
3012013,0.08568705167301516
3013795,0.08874728981670653
3015577,0.09407511772548305
3017359,0.08191183358137596
3019141,0.08827914113284661
3020923,0.107169009815209
3022705,0.0913981749910732
3024487,0.09085337730928213
3026269,0.08334033506183723
3028051,0.08884474364777349
3001322,396.95461000126807
3003104,352.85495259494746
3004886,350.8325867991243
3006668,502.25168204174105
3008450,792.6441459957435
3010232,473.5533063547929
3012014,469.46828338701414
3013796,405.0695876649793
3015578,341.72686114974107
3017360,352.49369260420656
3019142,480.9217645350541
3020924,763.5466007926735
3022706,409.49634093685665
3024488,447.17077142589574
3026270,380.89667757724345
3028052,356.146219598205
3001323,5.447265647880841
3003105,4.5470194660243655
3004887,5.6867323383354345
3006669,10.3214601221773
3008451,5.930637117520795
3010233,4.749865083744733
3012015,4.255144661688261
3013797,3.599759665257224
3015579,4.498574407510116
3017361,4.2822672404104445
3019143,10.142881435767887
3020925,5.8985890005096735
3022707,4.586693754681281
3024489,5.372703594968656
3026271,5.686536727405386
3028053,7.121417463362986
3001324,1190.7943526541144
3003106,1537.0974240325843
3004888,1556.196150963642
3006670,1801.613362515115
3008452,2438.100744261128
3010234,1517.2206808778865
3012016,1427.8212758396046
3013798,1338.8547772624834
3015580,2114.029720012534
3017362,1518.1125790585654
3019144,1853.2173669091285
3020926,2108.3800975373483
3022708,1526.586801833986
3024490,1382.2831622667416
3026272,1276.5985925428838
3028054,1184.9134643872867
3001325,615.3828084312
3003107,429.7699940690391
3004889,458.52413677290025
3006671,671.9132491006375
3008453,997.5243436689544
3010235,616.6858146098316
3012017,603.1455654609715
3013799,685.1461288749979
3015581,423.5806062909765
3017363,470.4730869511631
3019145,737.631488918476
3020927,1070.3816205954959
3022709,516.3740407119857
3024491,611.3822239876603
3026273,692.9786918256636
3028055,454.0322522721628
3001326,280.05421367482813
3003108,233.50753228507722
3004890,306.6513636901833
3006672,356.628688044428
3008454,519.7148991917343
3010236,353.40405863694133
3012018,357.3077487445974
3013800,271.9837153888081
3015582,235.83172419914632
3017364,297.5010750719248
3019146,376.792855299847
3020928,527.1342802692307
3022710,302.39648570246163
3024492,365.22818491489926
3026274,272.4487983630948
3028056,246.1505488758163
3001327,195.008665175575
3003109,160.98131483120613
3004891,191.03279704566128
3006673,253.60257026148238
3008455,411.54142241507753
3010237,401.91773114276486
3012019,221.19262923017897
3013801,196.97104816582956
3015583,152.23306221524297
3017365,167.6388526730636
3019147,294.2028948048143
3020929,377.6488315148745
3022711,312.4379017674033
3024493,288.8307975692282
3026275,241.6136717767921
3028057,198.07957114280208
3001328,60.62210432793085
3003110,58.56338196535215
3004892,61.888742496652185
3006674,155.72615394953147
3008456,80.16849134332526
3010238,59.58037811615803
3012020,58.98736516530278
3013802,77.3836416360332
3015584,54.77329169334237
3017366,79.91385839699367
3019148,166.54923467086755
3020930,87.28972172689124
3022712,58.65475934397521
3024494,71.43858081875405
3026276,71.80730805154464
3028058,76.50245389281486
3001329,3420.9583939682725
3003111,3220.9235956954412
3004893,3425.347826908451
3006675,4691.8384019854475
3008457,6560.813504364605
3010239,4254.804930336046
3012021,4063.868205858101
3013803,3711.669831284799
3015585,3517.052757347566
3017367,3676.0444907324018
3019149,5230.683054159268
3020931,7272.376820129096
3022713,4290.8248685745275
3024495,4443.355117225289
3026277,3707.8424472465545
3028059,3635.0918951948906
3001330,14.083834423286369
3003112,11.987258943502436
3004894,15.316604871905103
3006676,18.853566072880277
3008458,28.868801543520966
3010240,15.694051077108444
3012022,15.482024592173467
3013804,17.412696231631756
3015586,15.79912308674777
3017368,13.677539308865718
3019150,18.528289153219063
3020932,32.59743655189977
3022714,13.466892241159725
3024496,15.602846570628863
3026278,14.036538131940139
3028060,12.411464100501929
3001331,0.3682963902503612
3003113,0.40800848540763957
3004895,0.3686592064059551
3006677,0.5828584147821325
3008459,0.682188758836505
3010241,0.6279521390430345
3012023,0.5555088311024463
3013805,0.47633402817177906
3015587,0.47708020303311255
3017369,0.4808988413104913
3019151,0.7858200503035964
3020933,1.0499516297273668
3022715,0.5304817824096659
3024497,0.508178111793131
3026279,0.538928325789999
3028061,0.4919002252790747
3001332,28.297015409461842
3003114,22.87134296388268
3004896,29.75609841558124
3006678,38.622508491327785
3008460,38.61756788253747
3010242,21.71796256252334
3012024,29.24174737466127
3013806,21.330460178415024
3015588,22.42069372799938
3017370,29.180225530622785
3019152,40.10124145908898
3020934,36.41143993539843
3022716,25.523391501789277
3024498,24.29899024908815
3026280,26.185748515135863
3028062,26.346282031165654
3001333,29.587263833049928
3003115,25.313553225741764
3004897,25.671492997929636
3006679,34.216279021182196
3008461,39.92271999080748
3010243,30.539645608506582
3012025,30.38911240045634
3013807,27.848016902207704
3015589,26.780207498885034
3017371,25.99274826417811
3019153,38.73647143038006
3020935,48.40877220885111
3022717,27.373008923117858
3024499,28.787877978404577
3026281,27.798259131786168
3028063,23.364129220056522
3001334,0.08714425409554481
3003116,0.09892404422959206
3004898,0.10400992257458959
3006680,0.2256720593030312
3008462,0.2564961056203961
3010244,0.20506533311321376
3012026,0.10669539585496289
3013808,0.2019053411239861
3015590,0.23484350315590308
3017372,0.2259789399099605
3019154,0.3236973104192392
3020936,0.41079649279806796
3022718,0.1681460356117013
3024500,0.1646924530303183
3026282,0.10848175929017323
3028064,0.11564606762037544
3001335,260.17304212987915
3003117,258.9666468928483
3004899,246.56951739060108
3006681,359.57544126264054
3008463,523.9773568369305
3010245,333.3530280166614
3012027,310.50718181424503
3013809,261.62272437194554
3015591,285.69846526289393
3017373,251.3478823026507
3019155,435.96162574355344
3020937,557.330895935674
3022719,357.4662836390597
3024501,352.37544071710715
3026283,278.2269197600515
3028065,266.4708227015313
3001336,2.1513651432966028
3003118,2.3722177504668416
3004900,2.415491130406852
3006682,4.293555075624747
3008464,8.709600382149912
3010246,2.8942877309743587
3012028,2.830129221954447
3013810,2.610222964487746
3015592,2.6166478064527716
3017374,2.848783068942527
3019156,4.575694899680282
3020938,6.955932486598089
3022720,3.0750884991426286
3024502,2.2057663315431397
3026284,2.1587844124575337
3028066,2.6454551030374867
3001337,25.89597108378633
3003119,2.1608721027561426
3004901,3.019490838489836
3006683,4.888115693664501
3008465,5.419865856511031
3010247,2.834816983093083
3012029,3.802574121293553
3013811,2.3126121111898534
3015593,2.338979064564803
3017375,2.5919226000563707
3019157,3.6754713065860214
3020939,4.637648109080239
3022721,1.9250903635664591
3024503,4.119331130739066
3026285,2.1661086276920845
3028067,2.070143036028503
3001338,12.93503501428681
3003120,8.762119800837091
3004902,6.915853580506583
3006684,12.693507038891813
3008466,12.740151139531292
3010248,7.76715598510331
3012030,11.039129644335665
3013812,7.700136780414642
3015594,6.816113516281425
3017376,7.494472230244769
3019158,8.856175462492894
3020940,13.071430146629124
3022722,5.24017205897966
3024504,5.888568079444055
3026286,4.863317778927042
3028068,5.382261505072405
3001339,54.14706280984063
3003121,76.25172540030498
3004903,106.05115383605632
3006685,152.25190267437014
3008467,70.01044993813949
3010249,54.6189063401732
3012031,59.875247842406296
3013813,79.97670029863515
3015595,67.6167366537777
3017377,84.30567536317218
3019159,165.86219701055157
3020941,46.690156141559164
3022723,41.88445919248465
3024505,37.93466557335758
3026287,63.79290091783048
3028069,63.88158198496478
3001340,1.2916480973862994
3003122,1.055764138730395
3004904,1.5793435914197578
3006686,2.139181684537324
3008468,1.7897206328739728
3010250,0.7555157905770558
3012032,0.7999749579509732
3013814,0.9727255825974879
3015596,0.8842787653812281
3017378,1.186762208159871
3019160,1.6462562975083483
3020942,2.536055653894751
3022724,1.4044184982647767
3024506,1.4701923341646084
3026288,1.3285627074039819
3028070,1.5909388343750104
3001341,98.75112603819103
3003123,135.53572853787207
3004905,98.72034792033756
3006687,134.0963444294353
3008469,191.57312531487986
3010251,112.89108308512542
3012033,122.18266681433077
3013815,107.57048830235225
3015597,130.66305226924163
3017379,105.3780147495117
3019161,138.2433450476786
3020943,206.37422880867553
3022725,106.73183628414043
3024507,126.96762003863827
3026289,121.96358253676276
3028071,117.43998484208443
3001342,210.9181141525805
3003124,197.77386014282416
3004906,216.1644105675359
3006688,342.81197451079106
3008470,511.06148409262676
3010252,316.85691256839726
3012034,266.3093902753708
3013816,248.60008244594783
3015598,211.74436157576372
3017380,240.8000476003075
3019162,387.16662270313805
3020944,518.3016346735371
3022726,298.58693089554254
3024508,315.8107220924474
3026290,253.69497641202784
3028072,229.6953735012342
3001343,1.6604312675150341
3003125,1.4140410186171621
3004907,1.0847214527128055
3006689,1.4108012409896804
3008471,2.3229245626777595
3010253,1.666981233497017
3012035,1.6987153463007862
3013817,1.7742428094427045
3015599,1.6535667052147138
3017381,1.7913684320249628
3019163,2.737685211471899
3020945,4.510124752427248
3022727,2.7384079918789404
3024509,2.058992855433614
3026291,1.8909493134289765
3028073,2.1240968138917204
3001344,5.1444279814279925
3003126,4.134511198392257
3004908,4.769098680307246
3006690,5.705107789374741
3008472,5.57558151561963
3010254,4.3404358769313856
3012036,5.412250403124081
3013818,2.803306383255063
3015600,3.7001353036167064
3017382,3.990200800670592
3019164,7.730247297136971
3020946,8.870412564213394
3022728,4.627215319647416
3024510,4.776921201608886
3026292,4.532397160541237
3028074,5.335727419343202
3001345,139.39461040280804
3003127,129.33842035761649
3004909,178.47047308409932
3006691,209.52132643214364
3008473,274.84357125072216
3010255,180.1478278556384
3012037,195.0286666806418
3013819,151.31300247022384
3015601,143.39961270963454
3017383,186.41024679953864
3019165,229.5134724996364
3020947,269.43137038824386
3022729,158.6088858154202
3024511,188.6773094456777
3026293,166.13921120912872
3028075,137.51523142381703
3001346,107.61480807572966
3003128,112.80621410471267
3004910,138.33324667184147
3006692,160.56149795027562
3008474,196.39687126187735
3010256,139.6657448921851
3012038,136.4380170849336
3013820,123.34239927328466
3015602,123.93570030231197
3017384,152.48324221305165
3019166,169.1025996982321
3020948,196.02754631088985
3022730,125.54761784719406
3024512,143.19583063216461
3026294,131.43307066737037
3028076,143.85732099937192
3001347,1316.050085958503
3003129,743.6984793821011
3004911,998.9945912404884
3006693,1458.3038280163405
3008475,1608.0612619106055
3010257,1152.5381260242534
3012039,2131.5004115490447
3013821,979.0246265048944
3015603,761.73864077829
3017385,956.5288839951854
3019167,1480.6661978387801
3020949,1814.8880466370024
3022731,1090.9105807213803
3024513,1902.0320635761109
3026295,1041.6198307543566
3028077,932.597654903734
3001348,49.30760183393013
3003130,0.8771760186860051
3004912,0.7573696496476119
3006694,0.85518094138106
3008476,1.1368038349710097
3010258,0.6561308425106187
3012040,0.5298603734329126
3013822,0.3401793518533959
3015604,0.21863795098919006
3017386,0.16488740285160525
3019168,0.2039462143148503
3020950,0.2838456788619581
3022732,0.29748340968096126
3024514,0.23298167233588996
3026296,0.20201421011020396
3028078,0.20928746444787993
3001349,4.738488122044774
3003131,5.2857744228933745
3004913,4.599871563373112
3006695,12.352903915250298
3008477,9.79085804147948
3010259,6.6696468207317405
3012041,5.867578027405246
3013823,4.668452154328259
3015605,4.237779430030677
3017387,4.024168063479746
3019169,9.277717515723191
3020951,8.80959725927875
3022733,4.386390551478696
3024515,4.651974445640749
3026297,3.5447466815626356
3028079,3.402087828406196
3001350,3.5413494114242727
3003132,3.6506401277300924
3004914,4.467724226780424
3006696,6.074034096924251
3008478,4.959853498487345
3010260,3.6342799512915045
3012042,4.097046332360998
3013824,4.176877349660894
3015606,3.4779190458969387
3017388,3.686411472505129
3019170,5.446517837306399
3020952,4.595715240522009
3022734,3.1775976122660703
3024516,3.9728808113940097
3026298,3.443869264311811
3028080,3.086817424531966
3001351,0.17775081075798346
3003133,0.2210044371289491
3004915,0.18278972684212375
3006697,0.22539006122541047
3008479,0.2107386470751357
3010261,0.15014880586611526
3012043,0.15014880586611526
3013825,0.16550532668331291
3015607,0.15630225775979098
3017389,0.18531616449878557
3019171,0.17584940091819784
3020953,0.20719654305775712
3022735,0.23125109693887858
3024517,0.20623354748728842
3026299,0.0009765767868579122
3028081,0.009675481017158942
3001352,3.4706932838533904
3003134,1.0216326465052639
3004916,0.7431164369936625
3006698,0.957641062531511
3008480,1.764670609951303
3010262,0.9546057273758137
3012044,1.0710171729989848
3013826,1.016698824047396
3015608,0.8484922118844289
3017390,1.1051029244516188
3019172,2.6765033875117243
3020954,2.495985051575784
3022736,2.016434088994905
3024518,1.9339537267806048
3026300,1.1825903496939172
3028082,1.5441449332769759
3001353,1215.454259988591
3003135,1428.2399442553713
3004917,1301.0689589935532
3006699,1572.1258494430033
3008481,1697.3045066749169
3010263,1607.7188348520644
3012045,1491.910539298044
3013827,1285.7880615102342
3015609,1433.264821967326
3017391,1346.5922341087203
3019173,1783.665098274172
3020955,1661.0154387389819
3022737,1768.9699601407067
3024519,1682.6764763869858
3026301,1455.275454808573
3028083,1624.490830756662
3001354,0.0
3003136,0.0
3004918,0.0
3006700,0.0
3008482,0.0
3010264,0.0
3012046,0.0
3013828,0.0
3015610,0.0
3017392,0.0
3019174,0.0
3020956,0.0
3022738,0.0
3024520,0.0
3026302,0.0
3028084,0.0
3001355,108.14774681583741
3003137,99.96293283018123
3004919,178.16856478998204
3006701,124.4862626308482
3008483,146.85091917314412
3010265,183.38293619265085
3012047,115.80029508198636
3013829,94.59767290992134
3015611,91.81914954259004
3017393,162.27583364515925
3019175,128.74578518462866
3020957,142.47540147443985
3022739,148.41000821554434
3024521,111.58113777875691
3026303,111.96563142006687
3028085,105.94286408448161
3001356,6.557177694484245
3003138,8.14239821643765
3004920,7.229488498314689
3006702,12.195620768788952
3008484,6.327549259235503
3010266,4.88607263628084
3012048,4.7278240968785346
3013830,5.3533313662316555
3015612,5.434987335618402
3017394,5.382547516357011
3019176,10.234253050637289
3020958,8.694577540636848
3022740,7.089604885203954
3024522,4.943300137375697
3026304,4.792596886568515
3028086,4.904007059703155
3001357,439.8854141678324
3003139,493.25426062206003
3004921,496.9307375709504
3006703,636.623475966781
3008485,668.8876815282738
3010267,532.2586090228086
3012049,490.8135739198557
3013831,419.425050440208
3015613,596.255254826374
3017395,661.077327677937
3019177,761.4148959168991
3020959,628.8536287963727
3022741,648.6253234378852
3024523,582.9710388146741
3026305,619.9263097155043
3028087,589.1158519017175
3001358,277.7874877943437
3003140,231.25855315472344
3004922,240.33661194704837
3006704,276.92160532572905
3008486,274.1626046186369
3010268,296.40598440784385
3012050,287.59239415616634
3013832,292.4840594049094
3015614,254.28321555829993
3017396,281.8371152047585
3019178,327.63231831683584
3020960,297.65323759127847
3022742,295.1407130970381
3024524,243.22130939443207
3026306,270.2511715045018
3028088,230.3312436437891
3001359,139.58857934967867
3003141,134.72076438799425
3004923,141.86639291155714
3006705,146.32570576287634
3008487,157.58357011523643
3010269,154.31114423355584
3012051,131.65379607816044
3013833,118.32649137145778
3015615,114.16562383010029
3017397,135.60711927077202
3019179,139.32669978498004
3020961,146.64362238495983
3022743,142.87667721821617
3024525,141.29487723442926
3026307,136.0531075116829
3028089,117.88353706954274
3001360,42.0476506144077
3003142,36.04761203283014
3004924,50.98329001054405
3006706,58.27783109575027
3008488,67.18782888674251
3010270,77.69577900066959
3012052,45.564165200495474
3013834,40.938099788417915
3015616,33.69239383999838
3017398,61.29279534170239
3019180,40.12821135013386
3020962,37.1438373506953
3022744,51.205046175539586
3024526,34.369961749079
3026308,34.54550833213827
3028090,44.498145076187726
3001361,33.10593648124784
3003143,33.75826944919056
3004925,36.30479221440684
3006707,72.8963720231504
3008489,44.069689795726894
3010271,39.17917603607788
3012053,35.89799298623535
3013835,34.234599166609435
3015617,38.05260307141998
3017399,47.78317176640473
3019181,90.9398192447353
3020963,41.25225169509912
3022745,32.90376153735973
3024527,36.11443850147146
3026309,37.91748063254531
3028091,38.158927142030464
3001362,1531.4489608818835
3003144,1577.396803011547
3004926,1467.6344436049242
3006708,1898.6092468604913
3008490,1850.9225784959551
3010272,1846.2228353118055
3012054,1969.1657733676357
3013836,1698.5009402292476
3015618,1613.0204818532698
3017400,1788.6961278971824
3019182,2015.0595362222139
3020964,1881.570665340301
3022746,1912.069457688163
3024528,1676.9237515146567
3026310,1719.0155933421265
3028092,1781.714791048198
3001363,10.397721746151705
3003145,9.792970859014796
3004927,7.035815709983153
3006709,9.226827763997703
3008491,7.966822461020866
3010273,5.654995726735657
3012055,7.1417051144756805
3013837,5.579021088764672
3015619,5.656839294063214
3017401,6.616597600925132
3019183,11.717002302228014
3020965,9.80047207550289
3022747,5.643658051699714
3024529,5.878499361771055
3026311,5.455898642285688
3028093,5.847593977915089
3001364,0.3948680407026966
3003146,0.488857736554518
3004928,0.38964434969599215
3006710,0.6576388401671669
3008492,0.75537463797016
3010274,0.5921897718712585
3012056,0.5168936462497431
3013838,0.48623783973435525
3015620,0.6329820720351351
3017402,0.6486287314072401
3019184,0.8379081356268774
3020966,1.0298826554417966
3022748,0.6652334435299492
3024530,0.71601884317705
3026312,0.5792886847149756
3028094,0.6216178036049236
3001365,15.222687263848268
3003147,18.26552835399797
3004929,16.186210224475296
3006711,21.733754722657167
3008493,21.208998170412084
3010275,17.43659309618084
3012057,17.23872560592074
3013839,13.082411328000749
3015621,12.878016397186258
3017403,17.10503923838171
3019185,27.893261337058245
3020967,20.427387982364923
3022749,15.039222318121467
3024531,18.91342410873467
3026313,19.06540666145109
3028095,19.01771740362748
3001366,21.12472093692889
3003148,14.664867876153874
3004930,14.722199018497706
3006712,17.75394162504277
3008494,17.391388079419436
3010276,13.146589695055575
3012058,16.766496386090573
3013840,12.087464065059232
3015622,16.68103305130677
3017404,15.010156931565401
3019186,20.101677340968095
3020968,21.855647778899623
3022750,17.40366670652729
3024532,18.489512709264215
3026314,18.452125577253053
3028096,19.711139999979853
3001367,0.0
3003149,0.0
3004931,0.0
3006713,0.0
3008495,0.0009750131869763935
3010277,0.0
3012059,0.0
3013841,0.0
3015623,0.0
3017405,0.0
3019187,0.0
3020969,0.001072691680188176
3022751,0.0
3024533,0.0
3026315,0.0
3028097,0.0
3001368,141.09539778117755
3003150,126.86974152130198
3004932,155.53099485122144
3006714,201.77958552363557
3008496,201.31887063400916
3010278,167.14692924982032
3012060,171.59240507705996
3013842,148.75717284883928
3015624,139.49544889991054
3017406,159.14575425357697
3019188,190.6278666535508
3020970,208.64673254605904
3022752,171.37102045646563
3024534,178.6404147181643
3026316,180.52435996244733
3028098,153.53601876925416
3001369,1.13101984814561
3003151,0.9825886587874599
3004933,0.9565416183483515
3006715,1.2645264514055765
3008497,0.9584818533687991
3010279,0.5145797424032001
3012061,0.6539647402738129
3013843,0.6755282741087101
3015625,0.22512825424922492
3017407,0.21540832719721115
3019189,0.19082965033810487
3020971,0.1266790889270422
3022753,0.10922744275318305
3024535,0.8582123801661692
3026317,0.6489202166386101
3028099,0.7674436680303496
3001370,8.212891601237784
3003152,0.04759347126573137
3004934,0.05157453879753998
3006716,0.05615123230319911
3008498,0.03678953573385675
3010280,0.04635603327623524
3012062,0.04635603327623524
3013844,0.05054223663894486
3015626,0.04759347126573137
3017408,0.05082821497692529
3019190,0.05540166031019444
3020972,0.03605370513038186
3022754,0.04690508695600444
3024536,0.04690508695600444
3026318,0.05677159266151965
3028100,0.045808434562663036
3001371,5.984196932178317
3003153,2.492734271367619
3004935,2.1686633173815486
3006717,2.878962623312119
3008499,3.324250563276597
3010281,2.6203623333435355
3012063,2.552145934531929
3013845,2.2815771903195303
3015627,2.156493837527599
3017409,2.6017090259825553
3019191,3.604404356665569
3020973,3.8808491273350576
3022755,3.419871124436277
3024537,2.8229474089019937
3026319,2.9550236665055016
3028101,3.0102971540446477
3001372,39.316582186651246
3003154,28.19102984644134
3004936,92.87684068390094
3006718,101.68490331028481
3008500,17.7681601308846
3010282,27.417592624983826
3012064,32.11767226892174
3013846,35.58547657789448
3015628,27.48861230204813
3017410,54.85893194280727
3019192,121.31118497554665
3020974,20.619329576050315
3022756,19.581859422393745
3024538,24.938654057156576
3026320,38.73038745346616
3028102,41.192190330338136
3001373,1.7783033274982305
3003155,1.591109783303001
3004937,1.6275508754857686
3006719,1.6825460978456657
3008501,2.039902427284415
3010283,1.5969637350835
3012065,1.9545286490851508
3013847,1.5431499919672866
3015629,1.8663782397458353
3017411,1.996167881240305
3019193,2.4085098066803847
3020975,2.235697631844287
3022757,1.79714089098798
3024539,1.9087622562179098
3026321,1.7139988842776326
3028103,1.7522511962792948
3001374,89.49716143066908
3003156,123.8043574173025
3004938,96.64402533118121
3006720,90.43885894588847
3008502,96.7038451268235
3010284,124.62207653979902
3012066,95.26431405197602
3013848,74.06303489266054
3015630,97.38054138644267
3017412,90.59174020007887
3019194,75.5480155709808
3020976,84.60197128254151
3022758,64.95593642648114
3024540,70.36807620105505
3026322,84.88500561998019
3028104,107.89078243954029
3001375,108.12745390725644
3003157,110.18220974275701
3004939,122.69023177929736
3006721,162.64835016562782
3008503,191.33711354745597
3010285,189.59409994682258
3012067,145.28011663287592
3013849,140.67136426805328
3015631,125.31417150063312
3017413,154.4618527107883
3019195,165.79945677343636
3020977,181.18963132659823
3022759,151.60132419233574
3024541,144.74147285817085
3026323,158.30063476251797
3028105,126.08800237606783
3001376,1.2671167412887026
3003158,1.0283284782632456
3004940,1.1308546258785794
3006722,1.4611857219996565
3008504,1.3316574181714391
3010286,1.4547410021225464
3012068,1.1573537435919832
3013850,0.9093959341239612
3015632,1.190991468825286
3017414,1.1731953928210452
3019196,1.1570774577111753
3020978,1.0466163361419403
3022760,1.1357361057627227
3024542,1.1206958108517782
3026324,1.1269582409569834
3028106,0.9915631633699111
3001377,3.0607052987028265
3003159,4.3834736701355235
3004941,3.806276076695852
3006723,6.985785211029006
3008505,7.571999951792771
3010287,4.803666580171375
3012069,4.683917525178892
3013851,5.022836337750745
3015633,5.3329030857978434
3017415,4.947253633247314
3019197,4.9736774550602725
3020979,6.239634445470729
3022761,3.9941634350734274
3024543,4.89895573106458
3026325,4.908346189855394
3028107,4.917944444562018
3001378,77.60253411897247
3003160,80.77957279825003
3004942,217.4771550929106
3006724,106.42828083464478
3008506,120.06279593670963
3010288,129.34110373393437
3012070,85.05259147215351
3013852,85.68628356970156
3015634,73.26526993656172
3017416,153.46471654959353
3019198,81.28373970294294
3020980,131.69219743505622
3022762,87.9948205902907
3024544,120.1992145171923
3026326,128.9127695974246
3028108,89.07518209837089
3001379,28.05944524855609
3003161,25.628032102574547
3004943,27.417026397948174
3006725,34.100062788495286
3008507,32.00536422761479
3010289,20.91262110184467
3012071,22.742795734479802
3013853,20.339418079850933
3015635,20.87940247379739
3017417,28.53294884806331
3019199,28.154046852627033
3020981,27.432967693735375
3022763,23.723377070673628
3024545,25.540773454497533
3026327,20.757170431577123
3028109,24.598416281712957
3001380,574.8779969338392
3003162,390.7530598759794
3004944,618.7247529849571
3006726,475.68525126304377
3008508,429.7478398792774
3010290,597.4245116971271
3012072,641.8751795018643
3013854,385.9221144880827
3015636,405.4472195367109
3017418,673.4577154381379
3019200,446.92070912367836
3020982,467.3888331851909
3022764,499.28197940966027
3024546,594.9324976312639
3026328,391.1492448730363
3028110,409.8385230363519
3001381,47.80444505267255
3003163,13.224287067865987
3004945,12.155800031807464
3006727,23.47330405179884
3008509,14.540806289075535
3010291,15.692831507860177
3012073,8.601719346539507
3013855,5.396167041977947
3015637,5.499750131683983
3017419,15.407712309259392
3019201,18.963965101734157
3020983,17.35712401428722
3022765,5.8975945187416805
3024547,23.341967244295535
3026329,25.28854535200383
3028111,18.09005072952268
3001382,2.2236053705004823
3003164,1.9961467100957933
3004946,1.5536163540280339
3006728,6.269580734591253
3008510,0.9643985352477398
3010292,1.1786199826455963
3012074,1.3866697671338
3013856,1.1200720846170484
3015638,1.941274855442428
3017420,1.3784671472285055
3019202,1.58302973408109
3020984,1.3431092752690104
3022766,1.0712698205175055
3024548,1.0880317229085117
3026330,1.3250015105810826
3028112,1.0383741142971648
3001383,1.5001117999792024
3003165,1.4827167620093045
3004947,1.7983780583967715
3006729,2.556966396871698
3008511,3.260829015708449
3010293,1.9898808447089325
3012075,2.3504881953855077
3013857,1.7505385862824063
3015639,2.2342528833087036
3017421,1.6498010718405367
3019203,2.276425159839402
3020985,2.2438246229974665
3022767,1.6149561038826885
3024549,1.5631873741790159
3026331,2.212024201777955
3028113,1.7427196810144143
3001384,0.0536807773825474
3003166,0.05367764715502806
3004948,0.03619898756561591
3006730,0.03889355924921483
3008512,0.0577003460434207
3010294,0.046332380566133584
3012076,0.046332380566133584
3013858,0.04272529251990453
3015640,0.05367764715502806
3017422,0.03833026753658217
3019204,0.04103038148255395
3020986,0.05987585054579666
3022768,0.05515549343019637
3024550,0.05515549343019637
3026332,0.03802968077208721
3028114,0.04980278427289637
3001385,4.164111565393556
3003167,2.2736910594948996
3004949,2.127972963511096
3006731,5.061936035283725
3008513,2.3419111522296854
3010295,2.624167667796365
3012077,1.7579113057834337
3013859,2.9212067047890486
3015641,1.3065840619487519
3017423,2.2142173009565846
3019205,2.6581960320182842
3020987,3.1127591717959477
3022769,1.6980276099257545
3024551,2.518750825758331
3026333,1.6483367326301313
3028115,1.8231770982771165
3001386,1487.9316829436889
3003168,1360.2817791882046
3004950,1409.7683201535888
3006732,1820.0999699339789
3008514,2108.2332870309024
3010296,1345.694570416618
3012078,1382.7480752554839
3013860,1366.990084951246
3015642,1322.519906146428
3017424,1397.8213286553894
3019206,1718.3235396152427
3020988,1849.5763103292236
3022770,1386.0580308459887
3024552,1432.9407080702915
3026334,1364.3149067597417
3028116,1334.4221071431461
3001387,0.019889843298999028
3003169,0.018106708703941737
3004951,0.005753586957049006
3006733,0.006664842409638842
3008515,0.021266421624721598
3010297,0.013211023553235026
3012079,0.013211023553235026
3013861,0.012936133594483099
3015643,0.018106708703941737
3017425,0.14750805287074323
3019207,0.22457119394808303
3020989,0.22376197713063753
3022771,0.14999476854586746
3024553,0.14999476854586746
3026335,0.13683522601858358
3028117,0.15335123185409016
3001388,257.8802468405896
3003170,239.8279820831029
3004952,258.1448311975728
3006734,283.4807005719236
3008516,256.2810232690748
3010298,271.6366766983721
3012080,282.7912784879118
3013862,279.82534598478463
3015644,226.27593043212113
3017426,260.438757894772
3019208,284.76507636908525
3020990,272.02473181796273
3022772,270.6952515088753
3024554,253.39770888336471
3026336,288.1827350270143
3028118,249.369377731631
3001389,11.151540467059453
3003171,14.943536604190067
3004953,11.138585152308446
3006735,16.542548203025955
3008517,13.782571955518202
3010299,7.904860032235112
3012081,8.653608896256076
3013863,7.130077171329832
3015645,7.6901198193682045
3017427,8.168388825467272
3019209,12.052858694938916
3020991,9.100048725018148
3022773,5.701468759396451
3024555,6.503786884742531
3026337,5.851744706498394
3028119,7.629932508597696
3001390,576.2409326017347
3003172,479.51361991451034
3004954,535.9066146665293
3006736,626.9867827678362
3008518,629.5077430850051
3010300,532.828966608249
3012082,523.8411861294543
3013864,533.1954138248908
3015646,478.93153672268613
3017428,572.2604427351716
3019210,577.0390979562189
3020992,618.5275004923855
3022774,476.830439350183
3024556,485.2473200067792
3026338,491.60422670137797
3028120,471.32221069062905
3001391,469.0602796903996
3003173,409.1457100252183
3004955,486.55221250357613
3006737,534.5733494619438
3008519,544.247252480981
3010301,497.3911668706492
3012083,485.4575983688739
3013865,465.06056099409216
3015647,428.19312442953947
3017429,478.6599603997749
3019211,497.29512512913607
3020993,566.1332114311316
3022775,455.04846141329364
3024557,465.64894758034416
3026339,439.70758571834386
3028121,437.6104939435089
3001392,127.36440127520933
3003174,102.82344048008214
3004956,127.82571160500473
3006738,162.18569844141393
3008520,143.6827816595954
3010302,137.83467159660432
3012084,126.4255587515609
3013866,124.68378601717637
3015648,104.7561054070287
3017430,134.78142339663248
3019212,148.46819914835845
3020994,142.41550214335572
3022776,133.35633954645655
3024558,113.43513392564856
3026340,121.84704342917324
3028122,119.46233458081676
3001393,47.97246997360244
3003175,45.11637247774369
3004957,59.14683224748218
3006739,59.656602083160216
3008521,59.18692279347071
3010303,46.742594871041376
3012085,49.18589338990354
3013867,43.52146100914537
3015649,43.606977922405676
3017431,58.81252622968394
3019213,57.199557208987585
3020995,57.2264081955876
3022777,47.00780307741675
3024559,49.25282272745916
3026341,41.884274911472154
3028123,42.82110062585956
3001394,48.68195800332753
3003176,55.460778914942296
3004958,58.93398896025743
3006740,83.57237155997385
3008522,60.10501336072505
3010304,47.74820474682034
3012086,46.772647548577886
3013868,51.977943734424855
3015650,50.99559875570091
3017432,69.72903343101864
3019214,80.67827677234335
3020996,67.23921909695848
3022778,43.80244617822157
3024560,50.34775388736619
3026342,47.11864371375921
3028124,61.95837649251155
3001395,2081.7244476361357
3003177,1905.6521327047503
3004959,2050.081073615946
3006741,2541.8703375942832
3008523,2531.0496829482213
3010305,2313.0132428153224
3012087,2065.394457868672
3013869,2267.300687008693
3015651,1930.1154083030992
3017433,2219.974583463905
3019215,2402.5050857096517
3020997,2491.680539793139
3022779,2071.499319535584
3024561,2103.6642294178278
3026343,2225.1107794214804
3028125,2020.9328505034955
3001396,21.374708902030907
3003178,17.275001525143832
3004960,23.74027979483088
3006742,28.5227951173461
3008524,16.867017390613313
3010306,16.98016902029064
3012088,20.588465119278613
3013870,24.558920777194214
3015652,20.454565364298336
3017434,23.603786513178676
3019216,27.71526536142509
3020998,23.48286575339104
3022780,15.20141536443866
3024562,18.136259778674816
3026344,20.23170798083068
3028126,25.480388806089458
3001397,0.4445024777605429
3003179,0.3889842182963528
3004961,0.29261877057520386
3006743,0.42788345472764944
3008525,0.6043159931512025
3010307,0.4427009210920893
3012089,0.4414256105477982
3013871,0.5285245316738367
3015653,0.46714849688260884
3017435,0.44354802464701193
3019217,0.5179871421048639
3020999,0.604698865600807
3022781,0.4459217645128593
3024563,0.5284173005608952
3026345,0.46593518663131894
3028127,0.4931912834702773
3001398,13.19887548312727
3003180,9.586772485234746
3004962,9.158454335465736
3006744,15.740610694642303
3008526,11.236412998129335
3010308,10.87105456878592
3012090,8.437045568873986
3013872,9.171577812150112
3015654,7.224272762710587
3017436,9.870641002607865
3019218,12.947961394629578
3021000,11.10329104910189
3022782,8.981565250152855
3024564,8.163939625609958
3026346,9.533291832581147
3028128,9.376963597599952
3001399,14.614521545729238
3003181,11.327929971092273
3004963,11.025471614601695
3006745,12.997278084366265
3008527,22.11692348447721
3010309,16.490482522984312
3012091,13.456622017899551
3013873,13.666811952882238
3015655,13.329152065747136
3017437,13.20262476944744
3019219,16.94325503128346
3021001,15.87903311537989
3022783,11.182537954963442
3024565,10.033411909022712
3026347,10.852830079481349
3028129,11.440582596991318
3001400,0.09689834384199426
3003182,0.09574692972286597
3004964,0.09774912174319271
3006746,0.15823351454009135
3008528,0.20327616621764058
3010310,0.07670616107696471
3012092,0.10443155790037972
3013874,0.09412818252801254
3015656,0.1797624620035812
3017438,0.17138835794239235
3019220,0.28680732081065335
3021002,0.30035270341678955
3022784,0.23201642567769226
3024566,0.18254058196292278
3026348,0.205440509020206
3028130,0.16775018328926378
3001401,142.4502856129362
3003183,124.34864722513939
3004965,118.40188885512403
3006747,148.29542086777914
3008529,179.6641184360583
3010311,148.42709616187275
3012093,121.09583584168887
3013875,134.43227717689757
3015657,109.4825249064622
3017439,112.26784840112883
3019221,133.3766616597495
3021003,153.33024644123216
3022785,116.0675011213991
3024567,115.10703147939374
3026349,116.33088376858608
3028131,104.1471018166185
3001402,7.933429137912501
3003184,6.984002604411587
3004966,6.869796724093602
3006748,11.881462974568262
3008530,12.02698083420467
3010312,7.668456572453927
3012094,10.774356878729632
3013876,11.975675880057667
3015658,8.335157782651466
3017440,8.637853021294776
3019222,15.865435448541046
3021004,13.587719583171726
3022786,8.816533706211315
3024568,10.667474794946587
3026350,10.892878459826626
3028132,7.691221173743299
3001403,35.17899886368852
3003185,1.944825776627269
3004967,2.6841097325685364
3006749,3.8098574636117997
3008531,3.707658887630326
3010313,1.8293436059971118
3012095,1.295787186347693
3013877,0.887725354742922
3015659,1.150064773200873
3017441,1.1875083826247184
3019223,2.566034250427529
3021005,2.5902085581256675
3022787,1.4292289370766023
3024569,1.0874382525877193
3026351,2.52581859055196
3028133,1.5985013753661312
3001404,8.97749875663665
3003186,2.8457331320052073
3004968,3.329573797453935
3006750,3.496697938871776
3008532,3.8923776604402702
3010314,3.1791859956499495
3012096,3.3911601142291916
3013878,2.5620091927220563
3015660,3.826860784742145
3017442,2.7165527751578513
3019224,2.575670774296061
3021006,3.9042934222330468
3022788,3.03972047065297
3024570,6.936267791964534
3026352,3.082503592332002
3028134,4.242636249407329
3001405,52.62804617165651
3003187,47.347443176949106
3004969,77.05895298305548
3006751,100.01046128826115
3008533,57.183567970930206
3010315,35.013715993123824
3012097,34.79551107613664
3013879,37.583517431613906
3015661,36.25132234706042
3017443,52.969915009896816
3019225,89.53266001165464
3021007,28.33173918256074
3022789,36.39361076456444
3024571,35.57438614344139
3026353,40.677279837165194
3028135,48.19280365113777
3001406,4.381943901086351
3003188,3.733372296991173
3004970,3.5997765351402666
3006752,5.723953020952838
3008534,5.369260359177313
3010316,3.656126879347335
3012098,3.9222761591762207
3013880,3.4273475228447206
3015662,3.413877507465224
3017444,3.8705093446328984
3019226,5.878093251260993
3021008,6.239859924330128
3022790,4.3893057106404845
3024572,3.6290122539332943
3026354,3.446849188894234
3028136,3.4023081927222014
3001407,504.17767372904865
3003189,528.9117786759415
3004971,594.1313454259797
3006753,393.8138372091041
3008535,723.106744731105
3010317,412.71970334526856
3012099,658.1274773215503
3013881,458.90174166806844
3015663,593.8139986407589
3017445,599.9633991596228
3019227,360.2833144936301
3021009,774.8364203711246
3022791,362.18458679576077
3024573,485.55671695605514
3026355,748.6173440540084
3028137,728.0463480182677
3001408,142.88633936480775
3003190,128.11305005791277
3004972,130.3544545828876
3006754,177.32575118279038
3008536,202.2896741942793
3010318,140.12105741993273
3012100,133.31487123240936
3013882,147.3912543389842
3015664,127.66572589781003
3017446,136.6222187136764
3019228,173.98771479635565
3021010,205.0377733490751
3022792,137.13888584334265
3024574,138.1004233866315
3026356,153.59809548004964
3028138,133.07592492750928
3001409,2.9038555056524626
3003191,2.346212268108839
3004973,2.8361095209569225
3006755,5.322734636746663
3008537,4.246673560885221
3010319,3.060859659112661
3012101,3.322469490031742
3013883,2.9161784720657518
3015665,2.5294977868407007
3017447,3.480076737022105
3019229,4.135208199938523
3021011,3.564021961589251
3022793,2.2531110206668483
3024575,2.8514290756924088
3026357,3.2583919347315717
3028139,3.600981582421597
3001410,4.865531025642448
3003192,5.218579687670749
3004974,4.32155239438873
3006756,5.807494775316581
3008538,7.755464749884711
3010320,3.964115494945837
3012102,3.523756766030761
3013884,4.962865320343177
3015666,4.69441237630428
3017448,5.396362082385002
3019230,6.263508850162165
3021012,6.130915122099844
3022794,4.180135552596032
3024576,4.800671693709598
3026358,5.298483362572476
3028140,4.22351862513875
3001411,282.2121907795285
3003193,263.4223210075775
3004975,334.0313781985579
3006757,283.55437638302516
3008539,319.0338854559743
3010321,333.19689302886604
3012103,315.85573499632966
3013885,272.3904033953593
3015667,269.61694040649627
3017449,421.625984613427
3019231,231.37099528025252
3021013,285.0392823611758
3022795,278.92496737414217
3024577,326.1398759463538
3026359,305.1017584017244
3028141,288.75832407250215
3001412,33.143516446147
3003194,30.838096496456796
3004976,33.557285996838566
3006758,41.623512661631246
3008540,34.348163192806204
3010322,28.45835641605297
3012104,29.846233147682778
3013886,35.12299937752194
3015668,30.88911968419787
3017450,38.532543256916924
3019232,40.79067458831597
3021014,37.96833297410968
3022796,30.7175118534333
3024578,31.72296668669452
3026360,28.27987189468029
3028142,27.300320483778915
3001413,1575.355903299947
3003195,971.8196593724371
3004977,1166.197214852319
3006759,1251.4381745943672
3008541,1244.6178174522008
3010323,1078.6212306752097
3012105,1106.7458744126627
3013887,1507.4739054121358
3015669,890.6026744347749
3017451,1127.2028606544209
3019233,1217.5644484204051
3021015,1206.4507445303518
3022797,1020.3665704401012
3024579,996.0903243711682
3026361,1546.6132371932272
3028143,923.3864838056406
3001414,42.58173703026905
3003196,0.09010146896886126
3004978,0.05245812613849837
3006760,0.06425690859710244
3008542,0.08494675595300846
3010324,0.0729016531482203
3012106,0.07003707203998656
3013888,0.07272909680666831
3015670,0.09010146896886126
3017452,0.049871887388700915
3019234,0.06164167632477233
3021016,0.08228068186224372
3022798,0.0945595658196043
3024580,0.09163715942300402
3026362,0.06557459000905394
3028144,0.08609265874946483
3001415,5.964038630812883
3003197,5.356920803371506
3004979,11.084963876643258
3006761,9.665330738453946
3008543,7.861614954867292
3010325,5.305392555136991
3012107,7.468152413927447
3013889,6.743332077705518
3015671,8.217859342992496
3017453,10.753603161684067
3019235,7.183745615231771
3021017,5.853455642662322
3022799,5.971582776529108
3024581,8.021910043902864
3026363,8.23383460975383
3028145,5.233535827797284
3001416,2.7811522491979157
3003198,3.126054817429252
3004980,2.864345467690195
3006762,3.265961366729095
3008544,3.9909383729969816
3010326,2.824570114986259
3012108,2.281975656554721
3013890,2.683403004615084
3015672,2.777704937993394
3017454,2.779113854528868
3019236,4.058008546568254
3021018,3.6068234386599416
3022800,2.2460531642812858
3024582,2.2214587996177326
3026364,2.3915153037635934
3028146,2.2993121612707905
3001417,0.2221937685186453
3003199,0.18281694274873528
3004981,0.1516936522350218
3006763,0.1812609491907973
3008545,0.19118231627692342
3010327,0.14879741546141562
3012109,0.15517452579311433
3013891,0.11426244627226502
3015673,0.06982772402981689
3017455,0.05499503920634099
3019237,0.03848551541266853
3021019,0.08489660164241504
3022801,0.06476155742725632
3024583,0.10450171460678293
3026365,0.06491268651674617
3028147,0.0589495835628531
3001418,4.998387887253305
3003200,3.3350944029313236
3004982,3.4014565759445974
3006764,6.366013816231465
3008546,5.656160856595676
3010328,7.099166927840223
3012110,6.650390424736376
3013892,4.374634857227177
3015674,4.071833984966581
3017456,6.1406770525887
3019238,8.13904907131153
3021020,8.310735708055628
3022802,5.240826820308503
3024584,2.99162869224513
3026366,3.4173909039383146
3028148,3.720100665544125
3001419,3418.137409424164
3003201,2983.3644224201826
3004983,3598.680499502748
3006765,4180.996315552908
3008547,3907.923732435496
3010329,3590.4003201826035
3012111,3563.132241365026
3013893,3478.990491895428
3015675,3099.833499722724
3017457,3785.8654479827997
3019239,4578.3594964592485
3021021,4472.962785123684
3022803,3373.047914486517
3024585,3239.774643721985
3026367,3344.89900055484
3028149,3027.1484270481096
3001420,0.05466610780860255
3003202,0.05044950075377022
3004984,0.040256546112765315
3006766,0.02397766369025463
3008548,0.024331729435147907
3010330,0.04367653711645236
3012112,0.04105926697119071
3013894,0.04858824609196492
3015676,0.05044950075377022
3017458,0.03924607925720582
3019240,0.022983009540892448
3021022,0.023336731359375223
3022804,0.0498963709451348
3024586,0.04726350306934133
3026368,0.046959105682432216
3028150,0.03976840045510862
3001421,716.8636137524169
3003203,546.640500657133
3004985,737.0249197656354
3006767,796.2691053307211
3008549,726.9388278512449
3010331,726.590621073791
3012113,771.5908446142599
3013895,761.220436057525
3015677,578.6500883027538
3017459,771.9257258389913
3019241,923.637918887716
3021023,860.1775947029262
3022805,757.0008461232666
3024587,672.4450687720183
3026369,727.9629673593748
3028151,639.932141100993
3001422,12.908038652478446
3003204,15.684400447973193
3004986,21.06531104912007
3006768,23.072653137235175
3008550,16.75395457977543
3010332,15.476725360466176
3012114,14.055428451202623
3013896,14.416837240049116
3015678,17.725517600236454
3017460,19.4586553643013
3019242,23.469322765757525
3021024,11.414457961715271
3022806,13.9165645332745
3024588,13.741929831554085
3026370,11.497634728014228
3028152,14.23087338330978
3001423,1184.6620606144118
3003205,933.6980447104022
3004987,1144.7440547190754
3006769,1165.9070842394292
3008551,1134.0883909230558
3010333,993.4005219688758
3012115,1052.740559347206
3013897,1085.1227557948807
3015679,966.4754716106922
3017461,1113.6432910079297
3019243,1363.358529582632
3021025,1055.2544278626494
3022807,1028.539835554625
3024589,974.1058950969323
3026371,1026.9250120253778
3028153,952.6943747715225
3001424,1230.8263849617895
3003206,849.3243566891333
3004988,1212.9223021743105
3006770,1309.7082829511799
3008552,1219.0694510740677
3010334,1281.1008933125622
3012116,1234.6313125278182
3013898,1319.2596014217936
3015680,995.6196920322777
3017462,1219.9775074782249
3019244,1501.4871608410756
3021026,1342.6436437060736
3022808,1159.3913179755186
3024590,1125.900353590027
3026372,1220.8215246715552
3028154,1068.9063035129286
3001425,296.9865296825049
3003207,206.19225139604728
3004989,329.69667619892596
3006771,303.53715297529425
3008553,269.2306133025159
3010335,281.6279747966608
3012117,285.2528481289546
3013899,302.215899330398
3015681,232.3556708499822
3017463,312.3633340112234
3019245,347.94333139807816
3021027,298.12669580479906
3022809,283.40914806674573
3024591,257.2602406307754
3026373,279.4325962588132
3028155,247.27734309604094
3001426,231.21105306691635
3003208,176.1894805741253
3004990,285.24886490905413
3006772,224.84737887486193
3008554,205.24601247970887
3010336,226.91796222577346
3012118,219.45000405210249
3013900,222.61592141312212
3015682,176.66999286765844
3017464,272.4608935446437
3019246,241.78215313263723
3021028,232.87879417767684
3022810,216.87072095852233
3024592,193.1872891842145
3026374,206.512116727088
3028156,180.32663416916265
3001427,149.88011841288684
3003209,121.95777309288661
3004991,184.54931612294624
3006773,159.27707769702113
3008555,117.28891226461394
3010337,123.95619404079385
3012119,118.84289722316849
3013901,120.8196664912203
3015683,121.42974691073928
3017465,160.56918281578837
3019247,168.14607076426304
3021029,124.0672965465001
3022811,115.25668369479331
3024593,135.02454242542984
3026375,143.57515822783506
3028157,143.9000020832202
3001428,4241.5591343957085
3003210,1947.0937531303312
3004992,4312.0186620841905
3006774,4693.56891131004
3008556,4121.314811237511
3010338,4157.117142912782
3012120,4120.613416883717
3013902,4209.651623924637
3015684,3453.7998797049104
3017466,4162.969773688466
3019248,4884.975264289723
3021030,4543.107102046689
3022812,3881.9531360446995
3024594,3708.908751293958
3026376,3831.2206049892775
3028158,3384.2224269391468
3001429,30.53425882922899
3003211,30.153337418672535
3004993,30.369934981154987
3006775,31.716719111085823
3008557,35.32148478109304
3010339,33.69878520983557
3012121,30.75423307273274
3013903,34.91677767861817
3015685,35.09041395053024
3017467,26.45088027415038
3019249,43.86974248040134
3021031,42.80076013888951
3022813,30.480737298569878
3024595,28.587591119728174
3026377,26.554967680045053
3028159,33.54053428457746
3001430,1.0319046316427927
3003212,0.9313375872891727
3004994,0.8750453317614335
3006776,0.9952044990522979
3008558,0.9237960278134416
3010340,0.7122606631276682
3012122,0.6191800928530813
3013904,0.8504259685580717
3015686,0.8226567310721138
3017468,0.789741579904939
3019250,0.6959755977439286
3021032,0.9631620742216485
3022814,0.7225844597396973
3024596,0.827114832840548
3026378,0.783747203972553
3028160,0.8527656644635639
3001431,18.973241271862623
3003213,17.371408573057053
3004995,19.429016751244838
3006777,24.627905608503777
3008559,22.82716391780062
3010341,18.26404731945753
3012123,19.149074714962545
3013905,13.307602884302414
3015687,17.584295427657754
3017469,18.57088437255827
3019251,24.124058751406228
3021033,21.81218639962839
3022815,16.63908011753381
3024597,15.829694987963098
3026379,17.124915765782628
3028161,18.490277630120477
3001432,41.98947833944915
3003214,30.236332370490448
3004996,38.142137793190194
3006778,38.81929831450168
3008560,43.712270304766584
3010342,30.715000545800894
3012124,31.395424810069734
3013906,26.859780995443494
3015688,30.34748348317601
3017470,31.580868488136943
3019252,37.87171740817039
3021034,31.207078882693253
3022816,26.02335910665631
3024598,28.180113563153103
3026380,27.69347753440988
3028162,30.354632366765735
3001433,0.15759036883365746
3003215,0.15159303742095626
3004997,0.1523585319666004
3006779,0.14731424187501657
3008561,0.14496941684984524
3010343,0.17475369454516282
3012125,0.16461280777003298
3013907,0.17202425457452142
3015689,0.15159303742095626
3017471,0.15143060314755288
3019253,0.14639037493603305
3021035,0.14404743806516127
3022817,0.1646301072704815
3024599,0.1545766108587848
3026381,0.16757232095113192
3028163,0.13988349714595288
3001434,303.28663368527333
3003216,222.95841781355207
3004998,272.91381875430193
3006780,298.8697616587533
3008562,279.0668572529071
3010344,274.1057234073364
3012126,264.72164165622274
3013908,306.2267906854453
3015690,223.97313203127916
3017472,228.34922524452932
3019254,334.0877400543609
3021036,302.369927532381
3022818,227.86382753979035
3024600,234.00042254792515
3026382,266.394985594933
3028164,219.1337215051406
3001435,8.673032424751772
3003217,8.810764259648156
3004999,10.445496179610041
3006781,17.317183295336285
3008563,16.240564183577987
3010345,12.115272902793993
3012127,15.313910419583461
3013909,11.24060736270924
3015691,10.858943160548037
3017473,12.077156063237528
3019255,13.658694479034063
3021037,10.662549131815883
3022819,9.373685029015093
3024601,11.667159950923224
3026383,9.466999289350683
3028165,7.706305241358084
3001436,48.227005850820525
3003218,32.82971140782671
3005000,38.383422926606144
3006782,39.41189623513008
3008564,34.45604049255935
3010346,25.4209721476993
3012128,28.774076187360535
3013910,44.0280671294236
3015692,32.32009689339979
3017474,37.233452871150035
3019256,48.957795573333534
3021038,34.664541879188086
3022820,24.571732185918695
3024602,25.189972050377428
3026384,44.26041559335992
3028166,26.72234824521195
3001437,11.984944159158138
3003219,6.194638057727741
3005001,7.483983479060074
3006783,11.963641051460087
3008565,8.014668148175216
3010347,9.224421538381126
3012129,7.986314215242471
3013911,9.269691389671468
3015693,8.18949486955064
3017475,7.782251755173208
3019257,11.870269258276876
3021039,11.812411188211994
3022821,6.029453244687465
3024603,5.397558165360916
3026385,7.087164445746954
3028167,7.745948756083463
3001438,77.47022631180187
3003220,62.64611950873312
3005002,146.38343726679088
3006784,164.130295412332
3008566,85.09527388592494
3010348,58.42281560404007
3012130,59.62560730686396
3013912,78.17038944533006
3015694,73.81059456437416
3017476,138.37652922947404
3019258,193.3758721770558
3021040,30.423478275934478
3022822,36.60279344776331
3024604,57.16876586740699
3026386,64.23633555396015
3028168,66.43703044501002
3001439,11.915690233627807
3003221,10.825029523217955
3005003,11.568305208915442
3006785,13.35939908897222
3008567,11.402751967596876
3010349,10.024931014075863
3012131,10.67279300083918
3013913,10.100609450305129
3015695,11.577668112491839
3017477,10.660200948007924
3019259,13.717844782318105
3021041,11.635066427790807
3022823,9.12366442076313
3024605,7.861192090580241
3026387,8.865378824438968
3028169,9.265845133494759
3001440,374.07223124547926
3003222,347.51868308457585
3005004,753.6395425338891
3006786,363.1922370508987
3008568,345.1885130340349
3010350,385.1141355350965
3012132,364.0125515637273
3013914,412.51171070779344
3015696,317.61055318937
3017478,703.3198848990885
3019260,420.5624355160198
3021042,374.78461349762756
3022824,358.0028745828193
3024606,323.97405147890476
3026388,378.7150371400298
3028170,327.9923237682096
3001441,268.05803946111394
3003223,199.73449024146333
3005005,264.5768176301817
3006787,302.6916032443287
3008569,315.8492112055318
3010351,277.16725105384097
3012133,287.34182439098254
3013915,291.9608639012403
3015697,238.56237856469528
3017479,261.0101635303747
3019261,370.2570573813123
3021043,359.22249828025167
3022825,274.37235683370943
3024607,271.64474841476954
3026389,283.2950093313095
3028171,231.9088168659069
3001442,15.156298817024911
3003224,13.811721050138367
3005006,14.072950241306794
3006788,19.66883321619407
3008570,18.82189212181955
3010352,15.46124920597838
3012134,15.543460078405378
3013916,13.850238304928503
3015698,13.756843951139361
3017480,12.75003388539849
3019262,21.599508485816067
3021044,22.497906220113137
3022826,15.162767219604664
3024608,13.264050208248632
3026390,14.324830911444046
3028172,12.831188416197197
3001443,9.321488929034183
3003225,7.89988405929992
3005007,8.55378313639524
3006789,11.523701997656529
3008571,9.769668096658867
3010353,7.629432400524323
3012135,7.452353456835125
3013917,7.897525914488712
3015699,7.575962016610667
3017481,6.433615761703071
3019263,10.249245750481554
3021045,10.160362319994567
3022827,8.689477687701906
3024609,8.175710500348575
3026391,9.302506541137573
3028173,8.120307591224575
3001444,555.6419041176915
3003226,510.6256856468358
3005008,818.0663327668758
3006790,551.7455563841205
3008572,484.7365057986806
3010354,490.47170276707806
3012136,490.85890363756965
3013918,531.4149304317301
3015700,447.54995705900143
3017482,826.1565083447261
3019264,565.0883534353961
3021046,563.3160228764065
3022828,492.0825094963666
3024610,463.7513611053296
3026392,503.9042092186803
3028174,443.07981710882933
3001445,96.9644176667724
3003227,107.64899131787745
3005009,109.97855873215488
3006791,115.0587160283895
3008573,105.0486230963765
3010355,98.4117466404676
3012137,92.2776897726064
3013919,102.73970063258372
3015701,95.80264257971736
3017483,124.35738376272221
3019265,133.83639476710752
3021047,117.44661453688359
3022829,103.4658174694634
3024611,97.91467083717268
3026393,103.45553143870667
3028175,89.44349137426252
3001446,5755.213516748012
3003228,2636.9060305449725
3005010,3406.0100523345345
3006792,3427.8146085956723
3008574,3174.8653827840417
3010356,3092.7004053140963
3012138,2989.2990815480266
3013920,5535.51385103994
3015702,2842.8419706775862
3017484,3422.981556765323
3019266,4034.6279449110543
3021048,3414.683621841662
3022830,3123.626335290073
3024612,2882.0611474315133
3026394,5405.4627249463165
3028176,2886.2895874084734
3001447,87.1263537721181
3003229,0.21014832468035996
3005011,0.17431855071490082
3006793,0.17262489846740547
3008575,0.1811326793872395
3010357,0.19837626261929805
3012139,0.1863889808783922
3013921,0.19008317942909206
3015703,0.21014832468035996
3017485,0.17037536303890446
3019267,0.168687397824681
3021049,0.17716661087691837
3022831,0.22352555968828397
3024613,0.21128671112403938
3026395,0.18700011961653473
3028177,0.19363113700934473
3001448,16.060251396733754
3003230,17.131181780322645
3005012,34.118418964136445
3006794,21.682937782114227
3008576,20.476193698621184
3010358,17.869444121582465
3012140,18.365810730825224
3013922,21.454760276130607
3015704,18.986703086966635
3017486,34.760239166772436
3019268,25.738776722745648
3021050,20.38246323749634
3022832,18.49423601655055
3024614,18.134396971230238
3026396,19.304124264931218
3028178,22.3866071650816
3001449,1.8577763838334334
3003231,2.361745320473674
3005013,2.0113691983456894
3006795,3.540865523562916
3008577,3.6836789159207823
3010359,1.6715574935434478
3012141,1.6181549343049357
3013923,2.038834062534248
3015705,2.1400879129616897
3017487,2.4126120746375963
3019269,3.2877306676725864
3021051,3.289883964620681
3022833,1.5400180251816784
3024615,1.7321156816245327
3026397,1.8726604032593235
3028179,2.328728511153948
3001450,0.0
3003232,0.0
3005014,0.0
3006796,0.024054265161373545
3008578,0.052023991880826265
3010360,0.0
3012142,0.0
3013924,0.0
3015706,0.0
3017488,0.0
3019270,0.0
3021052,0.0
3022834,0.0
3024616,0.0
3026398,0.0
3028180,0.0
3001451,3.8937078655458244
3003233,1.221529354085964
3005015,2.9950174010230697
3006797,3.7085206524152703
3008579,3.6208188146223597
3010361,2.235161632443067
3012143,2.545222098742663
3013925,2.0528832858350703
3015707,3.021591152683416
3017489,3.3378515488388585
3019271,2.832003917439737
3021053,5.0244262956069194
3022835,1.8611164430874667
3024617,1.642994121399533
3026399,3.1038152810729738
3028181,1.7295036869309866
3001452,1284.6881136908476
3003234,1279.5447857542517
3005016,1666.65614546775
3006798,2415.9312111795875
3008580,2078.373500957547
3010362,1081.6061978259718
3012144,1153.870188944676
3013926,1324.1087123211817
3015708,1270.981549734152
3017490,1595.6148448399135
3019272,2054.2284195599336
3021054,1103.623376609945
3022836,791.432564890519
3024618,662.7771056143042
3026400,875.9159729881032
3028182,1292.4816660555975
3001453,0.0
3003235,0.0
3005017,0.0
3006799,0.0
3008581,0.0
3010363,0.0
3012145,0.0
3013927,0.0
3015709,0.0
3017491,0.0
3019273,0.0
3021055,0.0
3022837,0.0
3024619,0.0
3026401,0.0
3028183,0.0
3001454,229.30925444958334
3003236,201.5439548277849
3005018,314.7431147651823
3006800,370.7960827343358
3008582,379.3189705231529
3010364,218.41508967983114
3012146,198.14972221208933
3013928,266.31838030395465
3015710,213.79720396841913
3017492,278.59595631620465
3019274,346.7461286105175
3021056,314.97142930663745
3022838,237.3661583415892
3024620,210.31745604452922
3026402,269.2492286931004
3028184,242.44663231494977
3001455,3.8250979021008433
3003237,4.240047007366826
3005019,4.899910308525118
3006801,6.662314485800264
3008583,4.984959747519272
3010365,2.4739842973091637
3012147,2.9566001347496096
3013929,4.331012280260968
3015711,4.623261956025153
3017493,4.795669043739323
3019275,8.815454919571362
3021057,5.9288713995335085
3022839,3.66306665932166
3024621,3.3655926479208462
3026403,4.1080232504648935
3028185,4.2727012765079175
3001456,270.9730858431974
3003238,271.12576974074597
3005020,369.3936521658659
3006802,509.70643252521523
3008584,452.2194191696537
3010366,239.40866050008506
3012148,225.45927611919188
3013930,259.5757637777597
3015712,259.87975828439875
3017494,317.7068061787841
3019276,392.5111555827945
3021058,343.3444741005487
3022840,248.9050697395592
3024622,250.5657693531287
3026404,282.6111665443501
3028186,268.8897632474394
3001457,337.55283330835164
3003239,308.5507629183195
3005021,456.0755662192634
3006803,608.7516491772191
3008585,561.7410654022674
3010367,320.13247965542473
3012149,309.0695093644929
3013931,334.5878064799461
3015713,287.5711478360139
3017495,395.12722765022414
3019277,501.6664173801757
3021059,436.6595316888201
3022841,322.68113074652473
3024623,315.57717260515847
3026405,375.1283775398638
3028187,329.31054409972614
3001458,103.37498148110116
3003240,84.55351399692117
3005022,148.81189240987942
3006804,155.89089715638693
3008586,141.7864671541005
3010368,78.56129404197846
3012150,90.54125540108907
3013932,99.89268294041543
3015714,85.33111816468346
3017496,135.69844039422586
3019278,146.72797302323897
3021060,117.81504724876926
3022842,90.39369073705583
3024624,97.37837174688072
3026406,128.99981866605853
3028188,102.63867038839281
3001459,67.12051043427434
3003241,64.36240372474107
3005023,116.28542826222949
3006805,126.14218948374432
3008587,109.55268323990437
3010369,60.802232435739015
3012151,63.4546557033498
3013933,71.18841397184583
3015715,63.96423522717964
3017497,99.71522992155683
3019279,101.85713106805744
3021061,94.12750759841661
3022843,73.76157405320244
3024625,63.99528917774879
3026407,85.05339762614737
3028189,91.47698664017035
3001460,45.37033641337372
3003242,41.82186774769844
3005024,70.17994563550566
3006806,112.55471251125248
3008588,79.45109466857285
3010370,36.307413243010075
3012152,37.15618763527567
3013934,41.122798297067824
3015716,46.38004403909687
3017498,60.189652845551755
3019280,94.60115154543257
3021062,63.96624175263064
3022844,40.64279255538063
3024626,47.71453101859121
3026408,55.456714217868445
3028190,51.59255181229625
3001461,1065.1593169225125
3003243,1137.120501372995
3005025,1674.6707672478844
3006807,2007.9807984497152
3008589,1922.1124760249995
3010371,1060.1193081076487
3012153,1147.8091988000915
3013935,1236.6643458766468
3015717,1093.078565157223
3017499,1364.6410797976469
3019281,1679.1759707383117
3021063,1559.7812002662058
3022845,1077.6131235262055
3024627,1069.5674394136183
3026409,839.4833810791819
3028191,754.5064761051752
3001462,8.758578972064559
3003244,12.319300611875217
3005026,16.249485364634765
3006808,20.423843239803638
3008590,20.346975175894173
3010372,11.289644533360535
3012154,13.029170965657098
3013936,15.616151962085667
3015718,14.608541156083515
3017500,16.143309855776444
3019282,25.531057820639003
3021064,21.923952599839414
3022846,13.038065540348178
3024628,12.841115170893964
3026410,18.05047442519388
3028192,13.08329698599903
3001463,0.3729929399054769
3003245,0.39813018833434066
3005027,0.4156189628912112
3006809,0.6144392320578551
3008591,0.7125287109784029
3010373,0.27039222231956617
3012155,0.3048398136926511
3013937,0.5815582979177059
3015719,0.47531544729817315
3017501,0.4525491065715466
3019283,0.9126541228635439
3021065,0.6907595387406495
3022847,0.43540750413042684
3024629,0.4935782090451295
3026411,0.7499534910593719
3028193,0.6154603757566657
3001464,11.753003218923151
3003246,7.104837890351076
3005028,10.026452709979921
3006810,13.508427958728017
3008592,13.723848884202724
3010374,5.655935721727003
3012156,6.873359316752
3013938,8.274637065304328
3015720,7.695970891320959
3017502,11.80178625619475
3019284,12.156653404601123
3021066,11.213812826493122
3022848,7.963705932004867
3024630,9.107755043570139
3026412,13.936850153719787
3028194,13.560364000389981
3001465,13.872577935168803
3003247,11.916506982656827
3005029,14.3120169144106
3006811,17.43734689816271
3008593,16.66926235161284
3010375,11.004029478129615
3012157,10.570428495245046
3013939,11.838915599340316
3015721,11.153052593518256
3017503,12.604401964265758
3019285,17.153413544763115
3021067,16.8608090872118
3022849,14.027951563147262
3024631,12.046928603077156
3026413,14.981948659110378
3028195,13.173797303740425
3001466,0.0
3003248,0.0
3005030,0.0
3006812,0.0
3008594,0.0
3010376,0.0
3012158,0.0
3013940,0.0
3015722,0.0
3017504,0.0
3019286,0.0
3021068,0.0
3022850,0.0
3024632,0.0
3026414,0.0
3028196,0.0
3001467,80.6812597780669
3003249,73.67562012651308
3005031,90.59254136209066
3006813,105.17822146900053
3008595,114.27949928328243
3010377,68.7349120294223
3012159,66.37714135169055
3013941,76.82582218125117
3015723,63.100812831501415
3017505,73.18635026744866
3019287,87.58147891943781
3021069,95.60099318715025
3022851,70.82352096295514
3024633,62.42966277633586
3026415,81.28496445677952
3028197,64.58296716019785
3001468,0.05002072624003851
3003250,0.04829475699732564
3005032,0.0675396847725192
3006814,0.10204728146597052
3008596,0.10928756633471005
3010378,0.0
3012160,0.0
3013942,0.06622192791131466
3015724,0.04829475699732564
3017506,0.048692720084339565
3019288,0.08259109965393838
3021070,0.08970356033478129
3022852,0.0
3024634,0.0
3026416,0.06309828352840956
3028198,0.04067976496381259
3001469,27.087707428142032
3003251,12.968174194554885
3005033,24.206924500847954
3006815,23.306951833382705
3008597,18.041793447033807
3010379,6.127190564917356
3012161,8.515079348785381
3013943,21.027038456247258
3015725,11.246346999417655
3017507,16.088762772456782
3019289,22.467613905593154
3021071,17.39104030177862
3022853,7.625839000316544
3024635,7.58446922305364
3026417,24.937240540185446
3028199,14.48748351594932
3001470,9.701406973009362
3003252,2.0358322018415596
3005034,2.266453142501387
3006816,4.68309952216114
3008598,4.161567523643107
3010380,2.1385157052020096
3012162,2.0892337676699184
3013944,2.5892815472196085
3015726,2.5182564991754304
3017508,2.653219794353662
3019290,3.7763904069209673
3021072,6.083384840294001
3022854,2.5285848579369126
3024636,2.428946603243824
3026418,2.930088857633589
3028200,2.9641363886080536
3001471,66.43689437590733
3003253,84.53439378901027
3005035,197.89011196279517
3006817,381.21684682538233
3008599,108.86280620779861
3010381,47.83138629965603
3012163,72.628861735673
3013945,83.17743441630633
3015727,78.3548733233219
3017509,155.42664645503405
3019291,351.0678221728568
3021073,72.19253550703057
3022855,54.30167800229902
3024637,89.58570532814785
3026419,97.70571133127754
3028201,102.51604848379236
3001472,3.239305683835184
3003254,3.5229376203781326
3005036,4.6002024068371075
3006818,8.19456942357795
3008600,7.2782589141348755
3010382,3.3260505522600914
3012164,2.9905410760492948
3013946,3.544296666708596
3015728,2.920219787166158
3017510,3.7674033114019787
3019292,7.531902223783147
3021074,3.548792253426533
3022856,4.057528207957016
3024638,3.60508671799559
3026420,4.912923223083875
3028202,4.182139165866312
3001473,129.92435056792476
3003255,118.44650714012526
3005037,294.14052555510784
3006819,178.05061987148719
3008601,158.30266848557218
3010383,89.24524024553396
3012165,98.05971785151591
3013947,139.1909219531579
3015729,94.88546344459296
3017511,255.18113809751287
3019293,137.094240331287
3021075,122.9267827176851
3022857,105.03307194809176
3024639,87.76380762440343
3026421,145.17621216228687
3028203,127.43128311742788
3001474,67.72435497741638
3003256,72.85700222237107
3005038,92.53204535869176
3006820,137.03459711911287
3008602,130.0872105900112
3010384,61.67199291195602
3012166,76.89631285116947
3013948,75.18785276132814
3015730,73.04367271599511
3017512,74.70773083286214
3019294,112.00407221754064
3021076,116.61178590481188
3022858,72.72906609476485
3024640,75.65939502283281
3026422,99.23485948048032
3028204,85.26902614979714
3001475,2.732580250753251
3003257,2.624704490018959
3005039,3.119321663912247
3006821,3.9322894573892038
3008603,4.706177162682224
3010385,2.4450894638177907
3012167,2.3797396257821934
3013949,3.0639479126851095
3015731,2.9658615136875057
3017513,3.518046122347969
3019295,5.330125110925622
3021077,6.052167611921478
3022859,3.031721817732258
3024641,2.8601311632886053
3026423,3.8407575029205345
3028205,3.632124306568727
3001476,3.363489039456133
3003258,5.58976976623566
3005040,3.975199985283764
3006822,7.514516223407416
3008604,7.077667642877115
3010386,3.3980317130507585
3012168,3.658675887844945
3013950,4.11212712612202
3015732,5.018913262293102
3017514,5.48832060180642
3019296,8.455664723639991
3021078,7.864203644515339
3022860,3.5488395655702387
3024642,2.9862491422024635
3026424,3.8131331466843754
3028206,4.123033133043113
3001477,117.56125044196516
3003259,103.67115288708334
3005041,229.52947647334543
3006823,170.67874044317537
3008605,146.93382020638927
3010387,82.94780608397957
3012169,95.84582438775021
3013951,120.16326422597727
3015733,96.28664228299097
3017515,208.4164411544777
3019297,155.5478492543663
3021079,127.39198637744968
3022861,93.31483920553596
3024643,104.36041619321982
3026425,147.44843112623428
3028207,137.3406927214106
3001478,22.911989501153638
3003260,21.50805657502378
3005042,28.696219028190278
3006824,36.73953296288199
3008606,36.443389800113586
3010388,19.712882284171695
3012170,21.978688962840426
3013952,23.43333914092514
3015734,22.87489520167123
3017516,30.298177186943562
3019298,35.13790800699255
3021080,35.50147612310395
3022862,23.88343434140239
3024644,23.81833163692875
3026426,33.0615336183036
3028208,28.400791706364984
3001479,1856.8438657434492
3003261,800.2856939312359
3005043,1179.5630562589408
3006825,1585.0869833907843
3008607,1470.1886088026386
3010389,857.9806150277245
3012171,776.0578318289002
3013953,2040.8794471828696
3015735,826.4779903424406
3017517,257.4707167928069
3019299,625.4015892689396
3021081,508.1275758726327
3022863,247.0032589624036
3024645,282.04691980911974
3026427,2145.9126833473338
3028209,373.0749073463396
3001480,53.5970943135346
3003262,0.48310988310452385
3005044,0.40503850430065363
3006826,0.6710092969686954
3008608,0.4849553862831974
3010390,0.3004880161870792
3012172,0.21676485086261313
3013954,0.3269810473635409
3015736,0.2772661579368231
3017518,0.202443798486726
3019300,0.26486783011258175
3021082,0.3366465047994862
3022864,0.17379484637412654
3024646,0.25278108885176775
3026428,0.34745983495384586
3028210,0.3122994455003808
3001481,2.150730520434021
3003263,2.0933620847853995
3005045,3.8510747912229997
3006827,4.1791382403241775
3008609,3.400233281974147
3010391,1.439654992119515
3012173,1.8997951842919636
3013955,2.5750912041029257
3015737,2.2673793039785695
3017519,4.182116243921343
3019301,4.229553299697534
3021083,5.072291810125512
3022865,3.0516387273457672
3024647,3.256698489519989
3026429,5.241948487236309
3028211,2.762089964597494
3001482,3.3037811604959932
3003264,3.0476765338121874
3005046,2.922239624180899
3006828,5.379525010030914
3008610,5.145996410275491
3010392,4.463016365713034
3012174,4.047102875115873
3013956,3.775900372635008
3015738,3.002038098483281
3017520,3.1474770128416143
3019302,5.786531052784173
3021084,5.598220769775223
3022866,2.5593485934185813
3024648,2.2634257484866573
3026430,2.4423082892062133
3028212,2.0147359501474065
3001483,0.03946636022575787
3003265,0.03946327222579048
3005047,0.020986884202318687
3006829,0.0228172393701757
3008611,0.04338166376246808
3010393,0.03275255556451396
3012175,0.03275255556451396
3013957,0.028658667593300133
3015739,0.03946327222579048
3017521,0.02308687553895552
3019303,0.024920995427060114
3021085,0.04552771724132228
3022867,0.041461157656580226
3024649,0.041461157656580226
3026431,0.026895171585785357
3028213,0.03564068221283728
3001484,4.158162381082726
3003266,0.1412548769869438
3005048,2.450572494774589
3006830,3.0370153144370367
3008612,0.8264360276695135
3010394,0.3690538563506389
3012176,0.36737881456892424
3013958,0.37205394505077627
3015740,1.7996420235724129
3017522,0.4555913236527147
3019304,0.6876516222866369
3021086,0.6667360900585741
3022868,0.3530916365633593
3024650,0.3974689392817622
3026432,0.380702047933801
3028214,1.777044604087874
3001485,955.396873717926
3003267,886.1374855474096
3005049,930.366301134613
3006831,1353.324611765167
3008613,1462.2157909085106
3010395,1100.0688615918382
3012177,1228.9759677052853
3013959,919.7268720659224
3015741,689.9207234575449
3017523,767.9024896012487
3019305,1227.539245820358
3021087,1481.6847804934166
3022869,877.5337487745534
3024651,925.1715074635755
3026433,879.4293793283867
3028215,663.0376435220064
3001486,0.0
3003268,0.0
3005050,0.0
3006832,0.0
3008614,0.004472463060125822
3010396,0.0
3012178,0.0
3013960,0.0
3015742,0.0
3017524,0.0
3019306,0.0
3021088,0.005350580842866888
3022870,0.0
3024652,0.0
3026434,0.0
3028216,0.0
3001487,192.06647600618277
3003269,189.13272449426813
3005051,196.0710090480445
3006833,239.47461326414788
3008615,262.633529938811
3010397,239.72834805536314
3012179,242.89298818720312
3013961,213.2688040207082
3015743,183.99867261019884
3017525,219.0486958877098
3019307,256.6271378550258
3021089,320.9857181547747
3022871,207.86231337992436
3024653,232.48742352086242
3026435,202.767850972525
3028217,168.50692114752408
3001488,6.271266648593774
3003270,5.871211100895815
3005052,5.986010335677309
3006834,8.921792370668397
3008616,8.050678597964051
3010398,4.3845789842890035
3012180,3.831342330249507
3013962,4.590285427354558
3015744,4.632370159863063
3017526,3.579987275170529
3019308,6.377534569124346
3021090,5.618646997612119
3022872,3.2275538025899086
3024654,3.8461710818866486
3026436,3.941734102085137
3028218,4.034580156079883
3001489,383.8440421820254
3003271,381.07516090425514
3005053,422.63161425085974
3006835,487.41503200275855
3008617,646.0519915390237
3010399,509.0222636588725
3012181,400.0507226430999
3013963,373.6435887214647
3015745,272.1890222069846
3017527,339.06504476334374
3019309,433.1036705455207
3021091,477.3536564943111
3022873,328.92666779815755
3024655,323.4659724446852
3026437,267.2352324381033
3028219,254.63606764437677
3001490,240.3903264888262
3003272,200.01521813067487
3005054,212.56906929241094
3006836,249.74664947688694
3008618,341.25617123582174
3010400,293.8507235026376
3012182,264.30798048250284
3013964,233.75821464051972
3015746,171.44714376248348
3017528,211.6465060131844
3019310,298.8565551487794
3021092,377.82012167535214
3022874,238.44749977109532
3024656,218.95634136664134
3026438,222.40404814140305
3028220,172.06298183792345
3001491,92.86160458520035
3003273,63.36018025970351
3005055,104.6502705899148
3006837,105.31227028844503
3008619,122.06664044331056
3010401,109.54218521739254
3012183,78.77107697949779
3013965,81.67729768645559
3015747,63.244408307613966
3017529,97.84681844060056
3019311,107.26630158422049
3021093,134.05235527443148
3022875,81.99144493096732
3024657,83.78989933909337
3026439,74.20776338217392
3028221,56.121529829378275
3001492,31.550159587270677
3003274,28.99246124952071
3005056,40.84724672009102
3006838,40.215808939852295
3008620,50.40347090406674
3010402,41.36887830968714
3012184,36.159415686982975
3013966,33.60509629958136
3015748,30.92017280347184
3017530,42.28988156813116
3019312,44.01300337809805
3021094,49.249336112730944
3022876,32.411776579033535
3024658,30.80164133093356
3026440,24.8722164329536
3028222,25.99938796335782
3001493,25.808700845714295
3003275,31.008269600218327
3005057,35.017881712661115
3006839,41.0009807341711
3008621,36.911583259535924
3010403,26.882304086972127
3012185,25.468148211959075
3013967,20.210468752246445
3015749,33.30491565884739
3017531,31.100558197196868
3019313,37.427523075799215
3021095,43.26027570623121
3022877,20.909476106854793
3024659,24.81023148904378
3026441,25.88109110426292
3028223,28.72517146325666
3001494,1599.7299291165214
3003276,1512.7959591997164
3005058,1627.6678586695061
3006840,2085.8418422799614
3008622,2256.6914411690723
3010404,2100.343746902744
3012186,1811.6191298603992
3013968,1521.8252332967936
3015750,1149.0855733745507
3017532,1405.5550002245354
3019314,1898.7035497683994
3021096,2183.695336042239
3022878,1420.580395386681
3024660,1490.4519121461904
3026442,1331.7195343556625
3028224,1167.3653717194738
3001495,15.049986875975861
3003277,17.040769980726527
3005059,20.577681683745045
3006841,17.02330033699954
3008623,17.552061376921355
3010405,14.246850343683638
3012187,12.795888523348424
3013969,9.316330755372467
3015751,9.66446290337885
3017533,6.443745486869853
3019315,7.816318484009104
3021097,8.82753621553352
3022879,5.174297229754126
3024661,3.7625889863012256
3026443,3.3632276446658205
3028225,3.026987251968598
3001496,0.42668307845255127
3003278,0.49605992100318375
3005060,0.5256024026042365
3006842,0.4552194233047124
3008624,0.7065929226707164
3010406,0.48489408042625637
3012188,0.4775276473969196
3013970,0.5270032421431388
3015752,0.3757108343402792
3017534,0.40023710534935736
3019316,0.6556780334808083
3021098,0.43547980572494976
3022880,0.37533257929026914
3024662,0.5082284862543585
3026444,0.4297879084616208
3028226,0.43393553717215433
3001497,11.92572211350672
3003279,9.736550986195564
3005061,9.703770827304403
3006843,11.058248759853795
3008625,12.865101949224428
3010407,10.941592592274702
3012189,9.620507674499864
3013971,9.204935470890701
3015753,6.976828599921901
3017535,9.640179623384327
3019317,10.985532106468296
3021099,11.629569426516577
3022881,6.981227205358308
3024663,9.249694264906823
3026445,5.525770451698701
3028227,9.18857508811752
3001498,18.86587523666244
3003280,10.240256295587521
3005062,9.258058027547431
3006844,13.10262958395305
3008626,13.396158745864756
3010408,8.400043243023486
3012190,9.94961850914745
3013972,8.070478217147398
3015754,6.146540860498363
3017536,9.60238904685627
3019318,9.31912086400248
3021100,10.844234894996864
3022882,5.737067867438704
3024664,6.281196706705567
3026446,6.588705001289142
3028228,8.560679590044828
3001499,0.16479029614662236
3003281,0.16961827593036716
3005063,0.16109973630860094
3006845,0.26540511373700326
3008627,0.3207827881811072
3010409,0.1291079088501757
3012191,0.16559223203377324
3013973,0.20286290897021547
3015755,0.19116200889879562
3017537,0.2296200074557763
3019319,0.33981093264063117
3021101,0.4415670602439981
3022883,0.20374398156320053
3024665,0.14697184744772518
3026447,0.10860069396015176
3028229,0.10495226220389346
3001500,99.2027196909788
3003282,85.49650494656144
3005064,90.2878891840641
3006846,118.36766197157908
3008628,132.08278449695186
3010410,131.3421972086883
3012192,104.1442628670135
3013974,81.25618322771244
3015756,65.80213093722067
3017538,65.91806741959782
3019320,99.84683266661452
3021102,114.57431019434853
3022884,74.15622365310712
3024666,74.03880625131156
3026448,56.31302075666265
3028230,62.51442175513443
3001501,0.274867544113283
3003283,0.26755197209279225
3005065,0.25242854988764474
3006847,0.4659272600000493
3008629,0.5472868994350799
3010411,0.36163919591066795
3012193,0.27025519619930227
3013975,0.26578952425672575
3015757,0.2651535050034556
3017539,0.25159179324169983
3019321,0.46516042342183705
3021103,0.5499921699040631
3022885,0.0723897256286738
3024667,0.07090712592227717
3026449,0.054138713642381237
3028231,0.06680506282617853
3001502,71.23642478535675
3003284,4.1976524681719685
3005066,7.758495071774272
3006848,6.124920835211249
3008630,7.3394404115887095
3010412,4.011153769100595
3012194,4.477333300984266
3013976,7.548696302674978
3015758,5.031412823726574
3017540,7.635000037489943
3019322,10.373624461675094
3021104,8.332792936493508
3022886,4.966792767263171
3024668,3.0721850844143326
3026450,7.100364214356103
3028232,3.463196301481565
3001503,11.11465411358938
3003285,0.9087918756414943
3005067,0.9057983330987878
3006849,1.2311062701289353
3008631,1.652863272759444
3010413,1.4104563200694016
3012195,0.9961674132758775
3013977,1.1426709813970288
3015759,1.055186373945181
3017541,1.1928130171882203
3019323,1.7546319022471089
3021105,1.6140298808496283
3022887,0.9664507195775218
3024669,0.8776645023881855
3026451,0.8701779417450197
3028233,0.8011412738399621
3001504,31.204797920728673
3003286,26.253979415806093
3005068,35.90450401202306
3006850,58.252252487797236
3008632,36.57051849340744
3010414,16.237025716801153
3012196,19.01175082209568
3013978,19.49790136864581
3015760,24.95049885496169
3017542,28.95173311601102
3019324,52.79588453443895
3021106,24.42409938812926
3022888,13.486998250501467
3024670,9.7766594152919
3026452,18.468075815125292
3028234,20.32335355760945
3001505,0.34740368117081594
3003287,0.19281032313005889
3005069,0.1729001817729492
3006851,0.302541722694981
3008633,0.2949823863105112
3010415,0.17551372583356814
3012197,0.17551372583356814
3013979,0.1780385006802019
3015761,0.2731590633839324
3017543,0.28821403332964984
3019325,0.3812345008669824
3021107,0.381362953891788
3022889,0.3486944825074795
3024671,0.3622033395091234
3026453,0.3403441227269523
3028235,0.27342339875579347
3001506,229.9907596016699
3003288,214.9644154489365
3005070,420.1606055663679
3006852,282.7448825157765
3008634,330.48057730613283
3010416,312.22400768396096
3012198,272.71390748689487
3013980,219.22619926357856
3015762,209.69716017240773
3017544,387.4130503164352
3019326,268.7772254762421
3021108,337.1706297284266
3022890,231.82696863804136
3024672,232.0019870487849
3026454,219.4575079175217
3028236,192.91054270941058
3001507,129.29390350516186
3003289,119.24193459543812
3005071,160.7846692938555
3006853,152.87658153764684
3008635,198.93799242203366
3010417,172.63787678353316
3012199,149.83184364788042
3013981,123.70874279743529
3015763,109.56140957477002
3017545,103.23806649339741
3019327,139.3435366047742
3021109,161.665199156093
3022891,107.85646899779016
3024673,103.60310210029995
3026455,89.73205333318607
3028237,94.7849596680006
3001508,2.1428119339709077
3003290,1.9696402783653335
3005072,1.9812517307867248
3006854,2.9101732693659383
3008636,2.9701720331367634
3010418,1.8856655863934804
3012200,1.3056652364114605
3013982,1.1513025831108985
3015764,1.2897439722108377
3017546,1.5982916975499037
3019328,2.410823037330741
3021110,2.997853369261206
3022892,1.4837497150557915
3024674,1.5060850622517687
3026456,1.4574986191552588
3028238,1.5012690568412244
3001509,1.0639637217356097
3003291,1.1679738695703428
3005073,1.2897460845192898
3006855,4.224915041221289
3008637,1.9136257901281746
3010419,1.725354490079468
3012201,2.109698310446629
3013983,1.899815467641472
3015765,2.0660000994972947
3017547,1.8798263498144232
3019329,2.006460010894736
3021111,2.351249675606019
3022893,1.6320864466590441
3024675,1.430511867073132
3026457,1.7242249945031958
3028239,1.6028030284098755
3001510,124.71914443367824
3003292,110.02346011985561
3005074,202.13147620209853
3006856,174.9574923101873
3008638,200.2113738501356
3010420,173.3482834407598
3012202,142.57224598064437
3013984,125.51185317172053
3015766,100.72820033260595
3017548,209.25358955225965
3019330,187.01773929010125
3021112,209.88659099712288
3022894,119.62973939741363
3024676,135.48400815146567
3026458,119.34282977486292
3028240,112.47976518636975
3001511,18.077229951279232
3003293,14.593837807885524
3005075,16.005675121163016
3006857,24.726960327099736
3008639,27.176331033252595
3010421,22.028913889327228
3012203,23.016593552407
3013985,18.944069882752636
3015767,19.171261976361645
3017549,20.423346990414114
3019331,29.592184286164326
3021113,32.18390460179468
3022895,19.421399454846764
3024677,23.590921097177397
3026459,22.97040516252512
3028241,15.812778675560278
3001512,996.4367264061567
3003294,426.11065613611635
3005076,445.14325050606544
3006858,535.8466346823367
3008640,605.8274061029884
3010422,508.74296244286757
3012204,403.0567610862747
3013986,868.3020801649295
3015768,345.4631969012752
3017550,496.3287612808568
3019332,574.4656700227741
3021114,618.4463630498552
3022896,428.77485668876784
3024678,451.39586760275745
3026460,958.5273133582589
3028242,358.6575650934519
3001513,59.28342782270117
3003295,0.36660681736294215
3005077,0.4187530661658144
3006859,0.6255589470018839
3008641,0.6618629062329067
3010423,0.35129794810360687
3012205,0.35208092294508797
3013987,0.30506953378488066
3015769,0.31151162585725073
3017551,0.1654267743997624
3019333,0.36359143255754534
3021115,0.7257148630338177
3022897,0.409339508256352
3024679,0.38250656001117656
3026461,0.36783028137121077
3028243,0.36112526299877395
3001514,1.4461443878202211
3003296,1.6048970159066371
3005078,3.4017189001146013
3006860,4.04165899782068
3008642,3.446637926834108
3010424,2.4633366556364718
3012206,2.172751388864353
3013988,2.031624814446556
3015770,2.711689581747047
3017552,2.006196166660804
3019334,3.1478599178509663
3021116,3.2032274754424828
3022898,1.8034651655001759
3024680,1.1586954735109307
3026462,1.6015428408267431
3028244,1.6514716242742424
3001515,4.37766829092222
3003297,4.751146661213571
3005079,4.436886382227138
3006861,8.672490581379718
3008643,7.7945811374471
3010425,4.754315946424971
3012207,4.767658572324877
3013989,4.5266391067050025
3015771,4.497057190190282
3017553,3.99397129052357
3019335,8.5748966573733
3021117,10.284301755476877
3022899,4.323690326087918
3024681,4.507767710911073
3026463,4.561459546578556
3028245,4.098148378012229
3001516,0.1523730658252662
3003298,0.1428473695672785
3005080,0.07983999348636091
3006862,0.13548895657607474
3008644,0.187003756243653
3010426,0.08671618218133094
3012208,0.0861737216290013
3013990,0.041099935802700396
3015772,0.05044625203711572
3017554,0.25635140828308184
3019336,0.38771496068734956
3021118,0.31887348183568504
3022900,0.21008497993870626
3024682,0.20948093688004318
3026464,0.25207968757986055
3028246,0.2689197432828052
3001517,3.9830046607048226
3003299,2.967549179029159
3005081,3.188976387105451
3006863,5.3677209403322115
3008645,7.099435082102305
3010427,4.4046781113923315
3012209,2.7736957273761766
3013991,3.5813119587069497
3015773,3.6027154730709645
3017555,3.624156937205794
3019337,4.5386316517422625
3021119,5.893334748196819
3022901,3.8861413902709057
3024683,2.9525916607530545
3026465,3.310512523430586
3028247,2.2992545875486265
3001518,2920.5268606769782
3003300,2438.4992514532764
3005082,2593.0649343254786
3006864,3790.30103538085
3008646,4881.537863070844
3010428,3571.4422462176485
3012210,2963.2052599599565
3013992,2904.23386436945
3015774,2362.091021375281
3017556,2545.9191565680503
3019338,3892.119770399432
3021120,5205.95529230266
3022902,2984.0578425949593
3024684,2695.937101205438
3026466,2665.3538062375774
3028248,2428.845932646659
3001519,0.13601816922225538
3003301,0.12032393898237563
3005083,0.14486208835423134
3006865,0.14837942453437453
3008647,0.15641186134169185
3010429,0.06002027946618527
3012211,0.01856419035596439
3013993,0.024078705274456193
3015775,0.047876455368784564
3017557,0.022227791891013468
3019339,0.025369373736507855
3021121,0.07282118147328742
3022903,0.02721034330794703
3024685,0.08077386071453371
3026467,0.07164519688780388
3028249,0.0651871647711532
3001520,627.1503473236088
3003302,509.8437176613505
3005084,496.5957777963459
3006866,663.9130836661445
3008648,830.2877927675252
3010430,754.9208317926361
3012212,655.7757927853169
3013994,673.1358756185992
3015776,497.11146024428956
3017558,513.6262493133138
3019340,688.7859116662584
3021122,1017.4522538362472
3022904,646.0286501927025
3024686,590.0302084507242
3026468,607.4143946749532
3028250,478.13347449345486
3001521,10.834274768418917
3003303,14.597629849315448
3005085,13.950098655648421
3006867,25.21936438726471
3008649,17.245715391075056
3010431,11.376189758478054
3012213,9.353836615375402
3013995,11.902677610547686
3015777,11.955321170773765
3017559,11.4468033715818
3019341,22.274115534638234
3021123,17.207764282949046
3022905,10.88829758272324
3024687,12.354726283879774
3026469,10.270460641528869
3028251,12.917914250976182
3001522,924.2191260858746
3003304,721.8519183722726
3005086,743.629082962789
3006868,1071.2743028597
3008650,1165.180693607625
3010432,1024.2334388117658
3012214,847.1787696211137
3013996,875.7133270739931
3015778,599.130418750463
3017560,673.0653341772659
3019342,1032.570481229317
3021124,1192.278539068086
3022906,858.662041650786
3024688,761.7921316037583
3026470,838.3523168122663
3028252,599.3098829119483
3001523,912.3747940660174
3003305,735.9270966476258
3005087,738.5673012383068
3006869,1085.0886561732245
3008651,1309.5791535411875
3010433,1193.0484053137095
3012215,977.7737310363295
3013997,921.3662291423972
3015779,765.4021784081465
3017561,744.1442702490447
3019343,1131.530981420273
3021125,1528.173632429464
3022907,1003.0522462221079
3024689,862.5000992616372
3026471,848.5149393679274
3028253,784.4921354172377
3001524,282.0394923454943
3003306,222.41969367024177
3005088,297.76370539699474
3006870,337.3911779119864
3008652,350.3032843132642
3010434,313.98972335259094
3012216,283.1572528757649
3013998,277.3760285506671
3015780,203.1133442042334
3017562,295.89461088026366
3019344,343.8825301460709
3021126,443.4330144916818
3022908,274.8959472799405
3024690,268.1678692387184
3026472,272.2335240767979
3028254,228.03873084072123
3001525,230.3802148672887
3003307,177.31543030004102
3005089,228.69844210289708
3006871,243.04993628573627
3008653,301.9096443267565
3010435,270.803598287656
3012217,233.62971801708048
3013999,225.19588816512484
3015781,168.81264026178033
3017563,215.23571861996265
3019345,253.39469847090035
3021127,333.82572966083006
3022909,219.5086627413183
3024691,190.39350334960346
3026473,207.52664998710273
3028255,175.45647747048443
3001526,89.91301508005276
3003308,89.08170041264586
3005090,111.17810520969161
3006872,193.2485229879232
3008654,160.07964880910924
3010436,93.66438901181502
3012218,80.81515894180015
3014000,83.92764811082165
3015782,84.75267819022382
3017564,113.68273753980664
3019346,189.5627333826078
3021128,130.47024193490498
3022910,91.24483749218452
3024692,82.24742150324819
3026474,109.15690954698145
3028256,102.69369289493655
3001527,3556.7799513229274
3003309,3069.0663045563447
3005091,3248.330332996299
3006873,4373.239556236414
3008655,5384.449940514006
3010437,4701.8171030285075
3012219,3946.9585020526715
3014001,3537.8166964329757
3015783,2970.9787511787304
3017565,3179.7535805547363
3019347,4620.009171671517
3021129,6322.817368091003
3022911,3777.1117578355606
3024693,3515.2650578196435
3026475,3444.4678223432747
3028257,2957.1549829661544
3001528,15.948932130598344
3003310,15.05587575085201
3005092,23.32844371022734
3006874,32.03702504283693
3008656,37.050189939572924
3010438,26.144252095973535
3012220,26.228796573914313
3014002,25.60389702539294
3015784,19.815435364401903
3017566,25.129915593228922
3019348,39.58045378292864
3021130,43.52642964492388
3022912,24.599017578188604
3024694,26.15264883107693
3026476,30.610556874152174
3028258,28.305483780994916
3001529,1.6443213544638287
3003311,1.395300417379301
3005093,1.2057299208412964
3006875,1.825643544183499
3008657,2.141334022007841
3010439,1.4384338923496944
3012221,1.304266604564578
3014003,1.3879794768568172
3015785,1.0051411185664754
3017567,1.0285121696680366
3019349,1.3636331454727522
3021131,2.0728312662086963
3022913,1.3513207029989758
3024695,1.586391269539995
3026477,1.743031888234436
3028259,1.8799559939456918
3001530,20.55040956768636
3003312,16.22137237263827
3005094,23.46524773239038
3006876,26.61974749774287
3008658,23.665587777641495
3010440,16.709210536819473
3012222,15.047094138427344
3014004,16.395208674486728
3015786,13.540044787552828
3017568,15.411337906754103
3019350,24.44907910366096
3021132,23.1425902209061
3022914,11.694236703044712
3024696,14.803275349042554
3026478,17.421360635612782
3028260,14.93706528934426
3001531,28.17672343309953
3003313,26.73073378059613
3005095,22.67157484959611
3006877,38.4163365712438
3008659,34.559808983871854
3010441,25.93090984474476
3012223,22.778280224699678
3014005,21.497141695456044
3015787,20.956925448482565
3017569,20.677314599236794
3019351,34.22364228689937
3021133,39.32453415194622
3022915,26.74020999570636
3024697,28.262371561698867
3026479,25.831537336271396
3028261,27.828808034457772
3001532,0.28048171654149745
3003314,0.20703858719900634
3005096,0.29565578590123215
3006878,0.49801267763730034
3008660,0.5150166017849331
3010442,0.42174433408173084
3012224,0.363692703823476
3014006,0.2895780639164719
3015788,0.25740591056063056
3017570,0.24899156435537173
3019352,0.32975225048955326
3021134,0.3840034152265421
3022916,0.20836069812398744
3024698,0.11575562369814586
3026480,0.1439729630854733
3028262,0.13321814499521287
3001533,291.51087517381205
3003315,215.00165122959135
3005097,206.3227527581263
3006879,285.2039886024124
3008661,352.30479649862167
3010443,313.79215495452905
3012225,264.0830175456934
3014007,226.86218247188845
3015789,183.93938336370718
3017571,180.83732047884334
3019353,260.50821811843554
3021135,350.10182342159175
3022917,220.7135240509582
3024699,207.88663510989042
3026481,194.26245452785307
3028263,168.48490178102045
3001534,3.854902443151216
3003316,3.934755882877912
3005098,3.7584363579522275
3006880,9.264262740721655
3008662,9.989867285383719
3010444,5.602870137191286
3012226,4.752104153243899
3014008,4.031745131848086
3015790,3.811224581327658
3017572,4.768752922562409
3019354,12.782872370811353
3021136,13.043084461446526
3022918,4.545471756350436
3024700,4.5353077731296985
3026482,4.279397904240389
3028264,4.219018808650157
3001535,38.32139040802158
3003317,24.188718018146975
3005099,30.152398336292237
3006881,54.60407759055478
3008663,44.28297901464324
3010445,24.228561471207467
3012227,22.392906480105736
3014009,34.41647110036342
3015791,27.89494779099783
3017573,30.799285129968528
3019355,54.95574769984758
3021137,50.15329956975344
3022919,26.438390571032645
3024701,28.53148055848731
3026483,38.50692698212807
3028265,28.954065330409694
3001536,11.885897429123252
3003318,4.481571544880222
3005100,5.222165844849495
3006882,8.947989337975235
3008664,8.541055203924575
3010446,6.776775795466077
3012228,5.85556894755891
3014010,5.090228762642899
3015792,5.555160799195195
3017574,6.843225164141427
3019356,12.207144814496738
3021138,11.95349960488874
3022920,7.429038879673229
3024702,9.575186996543303
3026484,7.752979368265327
3028266,7.311518580755225
3001537,89.29434316518937
3003319,104.96203411796127
3005101,217.1033766893363
3006883,378.3849734209666
3008665,146.47826825035983
3010447,105.34563639525405
3012229,82.76310965192704
3014011,91.10577582600699
3015793,117.92014324044584
3017575,205.4848413208698
3019357,435.98199500627953
3021139,138.94447787234358
3022921,68.89281450697902
3024703,80.80120307421726
3026485,105.94411634086923
3028267,127.32711608175828
3001538,3.5552971156661046
3003320,3.959683442677262
3005102,3.762390778781241
3006884,6.2091838270204125
3008666,4.9010446867882775
3010448,2.7006632981835934
3012230,2.7649141005360898
3014012,2.575290832304778
3015794,2.550311287861054
3017576,2.264998396172752
3019358,5.4466677521285
3021140,4.533644271612873
3022922,3.1596999338854603
3024704,3.593937280838353
3026486,4.180680612647033
3028268,3.532582093113046
3001539,268.4280088485903
3003321,212.52448365083438
3005103,404.670649177457
3006885,288.5763177645906
3008667,342.5243447476469
3010449,321.18526943214954
3012231,274.3902007293477
3014013,267.96213376631647
3015795,201.14701304164768
3017577,428.95430129992275
3019359,326.63307051113037
3021141,353.67239510754285
3022923,286.9160341946753
3024705,268.4023284479752
3026487,266.46857533836135
3028269,227.1856555160857
3001540,216.37633599851597
3003322,179.7263034083133
3005104,178.82474166136552
3006886,301.04502771039313
3008668,320.4165382827346
3010450,299.4481697929379
3012232,245.90379787114952
3014014,219.54870795057957
3015796,163.92147481597956
3017578,188.3858029177637
3019360,311.5803043329225
3021142,392.8556245005239
3022924,258.0591911882589
3024706,233.61038539056733
3026488,227.5941116010506
3028270,186.40241509333083
3001541,6.892537968655893
3003323,7.152989506266261
3005105,8.352035940283837
3006887,12.892993542451318
3008669,14.298987934721197
3010451,10.356335060620658
3012233,8.39667422858465
3014015,9.894030604417516
3015797,8.46663984635445
3017579,7.049428030544483
3019361,12.966686472071684
3021143,17.157563830312505
3022925,8.063155691179732
3024707,7.88408623790936
3026489,8.374395007046653
3028271,8.594003526519966
3001542,7.847017079025866
3003324,6.575471265992024
3005106,8.029307125270483
3006888,12.780557223590232
3008670,12.051984077661805
3010452,8.99730761923304
3012234,7.490324490707392
3014016,8.090197876718861
3015798,6.708314200176735
3017580,9.147211415279868
3019362,10.795150514061287
3021144,14.252595402084951
3022926,7.639644578405042
3024708,8.305258974469988
3026490,7.595534651108775
3028272,7.631047246998303
3001543,350.1076765274323
3003325,310.015136169089
3005107,486.5983434916973
3006889,411.50941063894624
3008671,497.6455737883284
3010453,445.2776921184552
3012235,380.24813911815147
3014017,391.7107758013344
3015799,282.36737005509747
3017581,456.5440623288288
3019363,415.7967771699002
3021145,557.7693689903975
3022927,376.78042286231044
3024709,359.9608919938715
3026491,375.5413538142791
3028273,304.44003336011264
3001544,74.90738296253923
3003326,64.70609857074302
3005108,62.96593107329543
3006890,92.0669878617922
3008672,112.15397360483183
3010454,81.12172805010665
3012236,68.9188296608479
3014018,82.97351877273722
3015800,60.601613939359275
3017582,67.66513199335265
3019364,89.98549429405159
3021146,114.64712117043516
3022928,71.80050442022011
3024710,61.12449574950595
3026492,71.36457673862229
3028274,66.37925801772914
3001545,3874.1010984246263
3003327,1838.236874423544
3005109,2055.3557545833464
3006891,2752.16836424898
3008673,3105.843818960887
3010455,2643.9018809889035
3012237,2237.1726193093205
3014019,3776.2216573323553
3015801,1765.7998406975378
3017583,2183.5846250833342
3019365,2979.161305730842
3021147,3575.027311158751
3022929,2375.998647722966
3024711,1823.8044117057755
3026493,3682.161105521664
3028275,1909.1946899697127
3001546,53.621453941674844
3003328,0.6304039225196802
3005110,0.6329924327672221
3006892,1.1616935523190675
3008674,1.6004283079586572
3010456,1.044335693152496
3012238,0.6233814389999355
3014020,0.39708579479175526
3015802,0.576965546926046
3017584,0.42688446299214966
3019366,0.7121187110125768
3021148,1.1193800500007987
3022930,0.9367836576452786
3024712,0.9124581907044904
3026494,0.9904251126998587
3028276,0.7955280976348569
3001547,13.836922521573266
3003329,10.2736318160852
3005111,20.929635258127302
3006893,18.744450705441917
3008675,24.384672466641987
3010457,13.877881200847595
3012239,11.439233154589298
3014021,14.04926047531931
3015803,11.82813901668427
3017585,20.1435347266603
3019367,19.41632599412229
3021149,23.71656773119557
3022931,15.22735259580659
3024713,12.97678317441771
3026495,17.938733876908795
3028277,15.257891042296315
3001548,6.024642157658873
3003330,5.250699577171654
3005112,4.9461936458484255
3006894,8.881649189133377
3008676,8.82773456206299
3010458,6.272910316992353
3012240,6.391926654973541
3014022,5.9248188502444155
3015804,5.660267610960462
3017586,5.0390345580499085
3019368,7.901275941428571
3021150,10.27942728263315
3022932,4.268836600344261
3024714,5.296145508419481
3026496,3.969718364276133
3028278,4.07328983623014
3001549,0.05753939212796544
3003331,0.05924303707963928
3005113,0.04042124882481284
3006895,0.04601380690031888
3008677,0.077862319197698
3010459,0.05417082825997148
3012241,0.05417082825997148
3014023,0.04823906370555395
3015805,0.05924303707963928
3017587,0.04255501680371355
3019369,0.04815904448478092
3021151,0.08007287391768814
3022933,0.06300294776204192
3024715,0.06300294776204192
3026497,0.046379582601187616
3028279,0.05534770766972111
3001550,3.4722740083103005
3003332,3.2958880637176167
3005114,1.8409855721359216
3006896,4.951433039812148
3008678,4.160026749200551
3010460,2.1809312001228163
3012242,2.5271786662462357
3014024,1.737642070487388
3015806,1.4018792519315229
3017588,1.1659716726765241
3019370,2.237751661788146
3021152,5.10887595717981
3022934,1.8215265324175438
3024716,2.922409862844273
3026498,2.4122605173540475
3028280,1.8505724619027535
3001551,2580.6043120931695
3003333,2634.5276786043387
3005115,2587.1298981983937
3006897,3931.221259997077
3008679,4920.563013242576
3010461,3773.6293515809575
3012243,3708.7815160414257
3014025,2602.0927358684007
3015807,2776.167296003097
3017589,2859.468640324797
3019371,4245.447607590701
3021153,6137.490036581547
3022935,3448.204980777269
3024717,3526.829504959196
3026499,2757.6421004203526
3028281,3052.360389199019
3001552,0.02145747977727752
3003334,0.02310299850851875
3005116,0.011208272979846378
3006898,0.01554545514084341
3008680,0.04342341137344912
3010462,0.016302350240773734
3012244,0.016302350240773734
3014026,0.016959315151821527
3015808,0.02310299850851875
3017590,0.012086263908017033
3019372,0.016427211867507726
3021154,0.044329373393248564
3022936,0.02150326325111491
3024718,0.02150326325111491
3026500,0.01230408978431512
3028282,0.019340572832865204
3001553,530.8994957573343
3003335,493.56049189155965
3005117,458.29551826887547
3006899,673.5717427235624
3008681,958.6328049858597
3010463,760.3084502903222
3012245,721.7136982291265
3014027,562.2035683109754
3015809,493.7533398413673
3017591,460.1523823225871
3019373,694.6629849888488
3021155,1193.4209934444889
3022937,640.2319767648003
3024719,627.5508877403047
3026501,530.8594432832483
3028283,484.0397881014369
3001554,12.407681706884617
3003336,9.789313655524053
3005118,14.485234507729196
3006900,18.06792511647226
3008682,13.348069077489189
3010464,10.837530894919912
3012246,11.7929347463391
3014028,10.882945479541567
3015810,10.048243569172287
3017592,14.101123345158582
3019374,20.468055168427302
3021156,11.594118074459752
3022938,9.84502098751577
3024720,11.317901211171277
3026502,13.15649775450965
3028284,11.520723216053048
3001555,831.0446967980753
3003337,968.3322944983415
3005119,1035.1481183201224
3006901,1431.8200105078017
3008683,1729.334050734383
3010465,1484.430171756007
3012247,1230.5552587926186
3014029,936.5126636166619
3015811,941.6949056123694
3017593,1113.493968891332
3019375,1453.4554823523983
3021157,1921.7424214246103
3022939,1216.6185203581958
3024721,1326.2227368386991
3026503,896.3044775124774
3028285,1013.6111319019191
3001556,873.9269792514093
3003338,653.7091357839242
3005120,584.2403378995062
3006902,916.3539746149874
3008684,1227.1634521856831
3010466,1027.7387070149853
3012248,1048.930941814171
3014030,826.2394876766818
3015812,623.9212094055338
3017594,635.117507659169
3019376,934.6610075801798
3021158,1474.9587575845273
3022940,754.9059557791708
3024722,830.2974365830354
3026504,769.356453828671
3028286,633.3690228183523
3001557,329.9571020845467
3003339,294.4555663167452
3005121,372.23471885898323
3006903,353.7076331948897
3008685,482.28960537564063
3010467,388.70935787812795
3012249,399.9584422403336
3014031,306.4010309358739
3015813,305.7441303253212
3017595,427.75917057702003
3019377,389.09688495509283
3021159,632.2516857015719
3022941,345.3324838488475
3024723,362.58626210025625
3026505,292.1540684543767
3028287,313.31815992406973
3001558,207.95526226327001
3003340,229.24440372616905
3005122,164.98506935287742
3006904,222.57077936423414
3008686,352.16186323301815
3010468,336.26982211311645
3012250,334.8373681109182
3014032,215.91122398273353
3015814,198.70200779893997
3017596,149.31469142451223
3019378,226.1871782164488
3021160,400.1883456291869
3022942,360.3347229219935
3024724,252.13534317588767
3026506,196.36753483269788
3028288,176.40982727254058
3001559,56.49421435262544
3003341,52.38674876299929
3005123,60.41857163119844
3006905,130.72680528648237
3008687,84.52937749224635
3010469,61.72645839097123
3012251,62.04448677556681
3014033,46.06441100016737
3015815,51.32361504277927
3017597,68.7375454773604
3019379,126.29661205754824
3021161,89.5349062710573
3022943,49.713752295183596
3024725,75.01480338591864
3026507,52.972580326525204
3028289,46.55293466468481
3001560,3530.0946591974694
3003342,3446.0068626194234
3005124,3486.9984738415615
3006906,4698.608497345474
3008688,6232.95873495369
3010470,5279.969410218673
3012252,4901.015445406225
3014034,3422.7699620087888
3015816,3561.775357309943
3017598,3762.2288581900075
3019380,5384.11407717021
3021162,8157.424160142255
3022944,4405.028371452414
3024726,4854.669776823895
3026508,4047.4780659019407
3028290,4149.417035411968
3001561,7.62962786766942
3003343,10.85138431724315
3005125,10.778859155873675
3006907,13.025436434640262
3008689,14.798179284449116
3010471,10.209017430986993
3012253,13.120675023933547
3014035,12.321982618167297
3015817,14.326703225824714
3017599,12.874433141182985
3019381,15.637144772762454
3021163,20.389260262403734
3022945,12.427239972554341
3024727,14.902448828529655
3026509,12.10461870742376
3028291,11.488876125322996
3001562,0.5694435355184255
3003344,0.7203328086987859
3005126,0.6610526642177121
3006908,1.0407965358209545
3008690,1.475485217987233
3010472,0.6984081905044
3012254,0.725028892212652
3014036,0.7533393828540309
3015818,0.625731729698501
3017600,0.6915642476936663
3019382,1.1931989125581075
3021164,0.7899265607412516
3022946,0.4818581769374087
3024728,0.6264350228860336
3026510,0.4816371337085687
3028292,0.549955020319228
3001563,22.22643505919179
3003345,23.740951303206664
3005127,24.04838737990332
3006909,28.03882749640417
3008691,30.76363435707855
3010473,25.831516781770485
3012255,26.63167325576159
3014037,22.114425071662215
3015819,22.252317459036046
3017601,20.5620757965348
3019383,32.93764094844749
3021165,31.098823849619883
3022947,15.722930753744638
3024729,18.013174228153993
3026511,21.51078370676073
3028293,23.16255489897043
3001564,21.667091085226637
3003346,18.00838215897238
3005128,17.253891309259174
3006910,28.542736353802475
3008692,29.51804596766081
3010474,21.585447952169112
3012256,17.62654243466438
3014038,12.898413429082028
3015820,15.460422906211058
3017602,20.246307091603285
3019384,25.88716053238128
3021166,29.705913375536475
3022948,15.123737512300725
3024730,17.032683944886443
3026512,15.176479672007808
3028294,15.488451167932084
3001565,0.2703834757292001
3003347,0.20936430568806821
3005129,0.27685783719620755
3006911,0.5785691231846601
3008693,0.7695351692756744
3010475,0.45922725891603233
3012257,0.4398560170854288
3014039,0.44564253402841025
3015821,0.6342601714302469
3017603,0.5003369036567751
3019385,0.7978854063153398
3021167,1.1852977196099266
3022949,0.5354604278889692
3024731,0.554449524154695
3026513,0.5077176088150357
3028295,0.3506198319826985
3001566,235.8229326123323
3003348,275.2630413091341
3005130,216.91079275105963
3006912,312.7882349015374
3008694,399.8992358524441
3010476,334.9611327647551
3012258,300.04285829317524
3014040,220.82748412896152
3015822,229.292612653266
3017604,203.63665996611064
3019386,328.2028940818104
3021168,456.4952411812085
3022950,261.39117713544067
3024732,294.25025895480957
3026514,242.1645717461322
3028296,236.8598148724336
3001567,0.07696501186075369
3003349,0.07869995054884746
3005131,0.06422510535737398
3006913,0.09402219572867844
3008695,0.12618840574612195
3010477,0.07628850089175593
3012259,0.07480051105253523
3014041,0.0761971495930505
3015823,0.07869995054884746
3017605,0.06350776782737154
3019387,0.09328477356517074
3021169,0.12542930205158537
3022951,0.07946439320289345
3024733,0.07797201263062521
3026515,0.0610929773749653
3028297,0.07155819969240268
3001568,35.89495513167138
3003350,3.8835683849798546
3005132,4.458836982799792
3006914,8.224778916474296
3008696,4.570765084577355
3010478,3.5451482459903225
3012260,4.056339098652056
3014042,3.124862784155373
3015824,3.6445195351023996
3017606,3.26171922711939
3019388,4.788883634617276
3021170,5.0631342113575695
3022952,3.1109226174293356
3024734,6.173561989071282
3026516,5.470794794855867
3028298,4.589067606177782
3001569,7.48950210979503
3003351,3.69304475888974
3005133,3.7474577938941698
3006915,6.8236426495734515
3008697,6.152214211497118
3010479,4.323006770639853
3012261,4.025051895345248
3014043,3.3508876027295296
3015825,3.3026340280858415
3017607,4.0512211963577585
3019389,6.031127659036982
3021171,9.904291564161678
3022953,4.288118903873367
3024735,4.025687369840108
3026517,3.488623226607584
3028299,3.563113456883457
3001570,38.16577497654199
3003352,34.45870941513826
3005134,60.61330706640709
3006916,119.08480319078654
3008698,62.407197927933204
3010480,35.18227575838411
3012262,35.790661315170084
3014044,34.18847286531489
3015826,38.39688216614862
3017608,67.74735503473227
3019390,153.72851746817528
3021172,55.62802349485276
3022954,23.119460417260672
3024736,24.001979375602073
3026518,31.060808717794977
3028300,46.542508545221395
3001571,0.97807748615382
3003353,1.2201838604150215
3005135,1.3420889106363365
3006917,1.5265391648006386
3008699,1.612745085004902
3010481,1.1056693427071607
3012263,1.1358714242842889
3014045,1.204403208941931
3015827,1.1042787369387632
3017609,1.0056927028977793
3019391,1.4740652746083192
3021173,1.3771079694272523
3022955,0.7955882163260797
3024737,1.0474437234245504
3026519,0.998817499614415
3028301,0.8954319559023012
3001572,161.0199103054283
3003354,298.82782706834547
3005136,161.8219068252168
3006918,243.34711044847504
3008700,236.40276415659775
3010482,199.58224169325447
3012264,221.31125352870993
3014046,185.63494997742495
3015828,309.53083252284324
3017610,175.99157325154923
3019392,212.78399064687773
3021174,269.7253952147748
3022956,177.7374215407084
3024738,218.59553957534345
3026520,185.40189871769562
3028302,325.64097100336556
3001573,219.05902253050235
3003355,222.10138167831462
3005137,306.0500617636489
3006919,326.5077375880618
3008701,383.623319697194
3010483,324.6100424092039
3012265,299.38254651733183
3014047,221.83509029784193
3015829,202.65367648568525
3017611,236.48396081705621
3019393,345.99872091133386
3021175,518.7046733865645
3022957,297.01447404460384
3024739,332.761197562692
3026521,281.82262164750904
3028303,253.19498427363214
3001574,3.547897301551992
3003356,2.9286012570383915
3005138,3.1355788035260543
3006920,5.630037773264387
3008702,6.379469425313284
3010484,3.8623443423791253
3012266,4.2848507401711045
3014048,3.767792037251205
3015830,3.4181018074851135
3017612,4.274642391682136
3019394,6.993547878977393
3021176,6.922282804763124
3022958,3.802692870945566
3024740,3.680756414797142
3026522,3.6283250052650633
3028304,3.4724753955559455
3001575,3.203561131634509
3003357,2.712979276127895
3005139,3.040988690939587
3006921,5.605978144538873
3008703,5.7374284105203595
3010485,4.168410021729322
3012267,3.7895189954771373
3014049,3.305246665889677
3015831,3.9289961574687746
3017613,3.9711595142819425
3019395,7.5536102952773785
3021177,9.353684976166706
3022959,3.3694567105868094
3024741,4.1320947500295215
3026523,3.468316250034839
3028305,4.427151501220112
3001576,160.00238340286856
3003358,185.60798199073477
3005140,223.0183818981867
3006922,271.74689522558253
3008704,303.7140178770752
3010486,247.93456407498363
3012268,254.67097079939307
3014050,172.1340587813446
3015832,185.66979281648256
3017614,227.22638509442933
3019396,274.4558404143937
3021178,354.0132923569639
3022960,205.58576584683973
3024742,262.4653295489933
3026524,173.6569650367907
3028306,192.33043952419
3001577,66.78126512771598
3003359,69.12055552361522
3005141,79.46316114542778
3006923,88.03781546823927
3008705,88.49010158126289
3010487,87.54624845375336
3012269,86.19317964301598
3014051,69.82638298908083
3015833,70.89831316422186
3017615,73.22549646958589
3019397,81.94788601095041
3021179,112.26999223922928
3022961,70.16112675731118
3024743,87.5424754772512
3026525,64.2366218297245
3028307,68.24637977545052
3001578,1680.830910577737
3003360,1338.5698603868536
3005142,923.1223030426695
3006924,1685.1123836119523
3008706,1907.1682165936754
3010488,1492.0727668595312
3012270,2657.123398612116
3014052,1102.0399438331906
3015834,1251.0498812204198
3017616,986.2696454731714
3019398,1504.3901499738597
3021180,2302.667448978649
3022962,1276.1931669049845
3024744,2844.201323912425
3026526,1157.386216288973
3028308,1280.9656003309992
3001579,93.85415395299641
3003361,1.7490076603373588
3005143,1.4472538444995915
3006925,2.792155372695861
3008707,3.210464289937682
3010489,1.8023152632274755
3012271,1.3571793318158196
3014053,1.4093895374161338
3015835,1.4734410079101155
3017617,1.5373613783516995
3019399,2.2158350836690555
3021181,3.3304260795703984
3022963,1.5217911554750145
3024745,1.2178552546115053
3026527,1.3025279846534992
3028309,1.212385801955696
3001580,2.3863801600682746
3003362,2.982363673311205
3005144,2.9216011173601855
3006926,8.341343710002953
3008708,4.789574797071457
3010490,3.3442062048836876
3012272,4.23355609275684
3014054,2.959897024504558
3015836,2.844081078907375
3017618,2.7006431446069956
3019400,7.199475571844447
3021182,7.953380691894758
3022964,3.355005872521934
3024746,3.1657030622566538
3026528,2.488324068945901
3028310,2.877493872115025
3001581,5.822120510157092
3003363,5.726976173710295
3005145,4.429982019279999
3006927,7.549827240285094
3008709,8.312012072898687
3010491,5.853236912862677
3012273,4.566442574157791
3014055,5.271352333771726
3015837,5.0269127868453305
3017619,4.574626675707563
3019401,9.347999977659681
3021183,10.068464538821392
3022965,4.943022108073161
3024747,4.797120605513341
3026529,3.6530727238012934
3028311,4.574227932284855
3001582,0.37324104805998715
3003364,0.4022797951313525
3005146,0.3379296186083181
3006928,0.49874547277521275
3008710,0.5363530244038237
3010492,0.34966268143471263
3012274,0.32619800014258
3014056,0.2854177030562623
3015838,0.23845569519777834
3017620,0.22218069822004838
3019402,0.3468058349411811
3021184,0.4524449680661873
3022966,0.3650268830228613
3024748,0.28326769165879284
3026530,0.31495591997216316
3028312,0.23811094890980566
3001583,3.3387927304893017
3003365,2.285929785951624
3005147,2.222550825522347
3006929,3.1192623494762453
3008711,3.5542568150754894
3010493,2.3496417230707856
3012275,3.3022611025809576
3014057,2.7618882087905514
3015839,1.8314013879649975
3017621,2.7091888473990435
3019403,2.8949140034563303
3021185,3.623001971290398
3022967,2.1185872812678834
3024749,2.114080936815598
3026531,1.8921331013696414
3028313,1.9327025209736393
3001584,2521.5981679297424
3003366,2649.838154682358
3005148,2261.601777804734
3006930,3388.4165051987447
3008712,4141.052551365081
3010494,3539.932468405987
3012276,3249.8091267982377
3014058,2722.709270428175
3015840,2798.380454549395
3017622,2874.2617773849156
3019404,3861.662043564669
3021186,5474.030507358319
3022968,3079.693705789848
3024750,3525.906331127872
3026532,2795.502756486625
3028314,2878.9799857859102
3001585,0.00947465631186045
3003367,0.011100871292474876
3005149,0.0
3006931,0.0
3008713,0.012086902293175113
3010495,0.004380002133754106
3012277,0.004380002133754106
3014059,0.005029260121402819
3015841,0.011100871292474876
3017623,0.00021337514633538377
3019405,0.0
3021187,0.01296565609936698
3022969,0.009519902695025452
3024751,0.009519902695025452
3026533,0.00042864568472312023
3028315,0.007382583022015068
3001586,533.333600991984
3003368,497.1611591382815
3005150,476.88880039421673
3006932,643.5611493301487
3008714,794.5693536805549
3010496,755.2010383230333
3012278,688.3942623392683
3014060,537.1499436017597
3015842,559.2491810066495
3017624,505.03549427442954
3019406,711.5125510220987
3021188,1231.7734106789817
3022970,644.6169448130636
3024752,705.2595877462602
3026534,530.2048555620902
3028316,535.069981199381
3001587,6.52900141568975
3003369,8.308111063060622
3005151,8.990274945768627
3006933,13.411873372716034
3008715,11.279431338201547
3010497,7.015319594187121
3012279,10.47779121111361
3014061,8.113082185758104
3015843,10.523714250954615
3017625,10.642222639746093
3019407,18.78523629686407
3021189,11.488804237115668
3022971,9.354045634887148
3024753,10.144790989282273
3026535,9.258676285376461
3028317,10.71559734993784
3001588,766.4727472207383
3003370,879.6227465804504
3005152,825.1835481365375
3006934,1129.4034714039929
3008716,1350.590569637465
3010498,1071.6568702829088
3012280,1000.2460546999569
3014062,798.990288797254
3015844,854.120932004479
3017626,890.2168904721838
3019408,1293.1185121104022
3021190,1648.3875971565496
3022972,885.3567923140191
3024754,1022.2461261306561
3026536,781.1043059630297
3028318,812.9193432823915
3001589,710.7229213640364
3003371,504.24771545459294
3005153,523.8226534629441
3006935,727.1806555431077
3008717,926.3311962822048
3010499,824.3054541695906
3012281,759.8466351895562
3014063,759.829519464284
3015845,498.1306804200991
3017627,520.1053489963023
3019409,825.0315022342528
3021191,1222.3388325287146
3022973,671.5345246693595
3024755,708.2024063911146
3026537,713.384201066216
3028319,533.3205419008757
3001590,216.7561898069335
3003372,223.44539002180355
3005154,246.56375461855612
3006936,296.8689424792342
3008718,366.8640003430921
3010500,301.02904525627207
3012282,279.2631238610849
3014064,232.13326629490695
3015846,237.64051737675362
3017628,262.55663165511623
3019410,328.2015627706588
3021192,452.29255399514244
3022974,235.7793005850989
3024756,295.43451582730836
3026538,226.52494838918076
3028320,263.55522778876474
3001591,168.1109565996337
3003373,160.83974459636767
3005155,157.70889748056015
3006937,217.3504396999123
3008719,284.0338499138078
3010501,417.06331362190525
3012283,217.84916469074858
3014065,173.87275961359893
3015847,180.20179746777347
3017629,147.46449701442623
3019411,213.83714599926572
3021193,316.6678676754942
3022975,405.34234398291875
3024757,236.18588302228795
3026539,156.31098221252557
3028321,170.5497234953761
3001592,56.08196183274197
3003374,49.91877920295968
3005156,63.3753128813393
3006938,149.46960799552582
3008720,83.81396409735565
3010502,59.76524478858554
3012284,61.15431835859761
3014066,50.975448319395824
3015848,40.8421058325619
3017630,72.61697108842681
3019412,175.69585050043372
3021194,98.21510408857476
3022976,47.20172689594261
3024758,57.59563277180338
3026540,46.96623915292245
3028322,63.31453435157374
3001593,3408.7767263495502
3003375,3353.927460557154
3005157,3041.111802196479
3006939,4446.110985829737
3008721,5043.678099584451
3010503,4440.899890627574
3012285,4019.396087807211
3014067,3261.854388450571
3015849,3496.058277854603
3017631,3260.41691922642
3019413,4769.505213330433
3021195,6414.1682977668315
3022977,3978.8311025221774
3024759,4283.475132369194
3026541,3492.3570461620143
3028323,3793.277920613168
3001594,9.652581349888044
3003376,9.92319861174034
3005158,10.423023911535395
3006940,21.666263760682615
3008722,26.38059909575284
3010504,12.909724909831908
3012286,15.867744179070936
3014068,9.235815854893028
3015850,10.699022075981173
3017632,12.141900874186296
3019414,16.58384612916113
3021196,25.860289405854754
3022978,12.393572253578578
3024760,14.495125647183862
3026542,12.33663713840667
3028324,13.829519944695205
3001595,0.6377316115201255
3003377,0.6134128771940082
3005159,0.530139149170473
3006941,0.9108909420546141
3008723,1.2087412966067403
3010505,0.7783492015125328
3012287,0.6544646650647572
3014069,0.6250340076515966
3015851,0.7201166232441008
3017633,0.7190224049908611
3019415,1.370084906945614
3021197,1.345459518039429
3022979,0.7626707448723871
3024761,0.9119031536927853
3026543,0.8312305270605498
3028325,0.8901909409527873
3001596,17.242555919734546
3003378,14.879422960148942
3005160,18.704698945455913
3006942,24.018839004990276
3008724,28.44634411620243
3010506,19.374650400726956
3012288,19.245193022657627
3014070,16.321790953464543
3015852,17.33544253488451
3017634,16.24741096601036
3019416,23.999251112722867
3021198,24.401068157986906
3022980,20.027979390714084
3024762,21.10689296348142
3026544,17.989351985492288
3028326,23.082215406960188
3001597,21.476348760256442
3003379,17.121768034962543
3005161,14.005101001456717
3006943,24.77939194956969
3008725,25.309405959976438
3010507,15.510586684437001
3012289,16.063765958911635
3014071,18.928171534167525
3015853,16.826350309955433
3017635,18.139815694903188
3019417,24.023286676623798
3021199,30.72803644946886
3022981,15.420998572727761
3024763,18.117152691778422
3026545,17.43525965904356
3028327,17.454626021604945
3001598,0.05684046393674649
3003380,0.05700169725223915
3005162,0.055040230527677925
3006944,0.0700299569962569
3008726,0.0914439219741079
3010508,0.07212740815785229
3012290,0.07074522038172042
3014072,0.0716170451727324
3015854,0.05700169725223915
3017636,0.055143184885816855
3019418,0.0701343741020927
3021200,0.0915504287263436
3022982,0.06199850692697304
3024764,0.06062937734090367
3026546,0.06424677441160143
3028328,0.05311461029154344
3001599,215.49389613227623
3003381,232.45667771335206
3005163,198.79467317714406
3006945,271.46881711818895
3008727,328.4653797726336
3010509,302.84133829377316
3012291,260.666491188182
3014073,208.0057674800029
3015855,222.4434263922231
3017637,201.05784732081938
3019419,290.8022876222205
3021201,422.28237573897536
3022983,232.99810858687835
3024765,259.93244927830534
3026547,204.19787409267883
3028329,214.93400078338388
3001600,0.065471461884866
3003382,0.06718788501832505
3005164,0.052867517785530976
3006946,0.07640288918831835
3008728,0.09404324866618986
3010510,0.06480217075360278
3012292,0.06333006098977204
3014074,0.06471179437117176
3015856,0.06718788501832505
3017638,0.052157835801121794
3019420,0.07567734326205629
3021202,0.0933058123120169
3022984,0.06794416941304857
3024766,0.06646771577480476
3026548,0.04976881639460881
3028330,0.06012235211648413
3001601,79.79322526917218
3003383,4.311445846081348
3005165,4.661801733677155
3006947,8.001716866614103
3008729,7.5084680088007065
3010511,4.431312587518405
3012293,7.301823528952788
3014075,4.242359785376074
3015857,3.642728872838127
3017639,5.178743837258187
3019421,10.689293551331462
3021203,9.601039371037047
3022985,3.539467390362698
3024767,7.4983214362548924
3026549,4.148787769170998
3028331,3.794781970401603
3001602,7.719966436963661
3003384,3.3186578662819644
3005166,3.212640110800982
3006948,5.733652992572832
3008730,5.032232833068205
3010512,3.4675373563280356
3012294,3.0517551471994366
3014076,2.851197309723658
3015858,3.2791748426428224
3017640,3.8505054161448493
3019422,7.226232192226016
3021204,7.1960704984589
3022986,4.858026592560517
3024768,4.186965764377607
3026550,4.448716792519739
3028332,4.006939253698188
3001603,82.8110698029403
3003385,60.891081579853164
3005167,109.01982941478349
3006949,188.8522418142686
3008731,103.16813651411277
3010513,43.61320847253484
3012295,37.996160343854726
3014077,49.97716204803755
3015859,52.94019896598338
3017641,91.82287343213754
3019423,195.6559457023698
3021205,70.8774656688731
3022987,39.83898386034661
3024769,39.38072411504605
3026551,46.43312493860454
3028333,81.07526384536702
3001604,1.00645505481083
3003386,0.8648118620181646
3005168,1.0612311839160484
3006950,1.9295585694206028
3008732,1.4051386935556596
3010514,0.9353454305834807
3012296,0.9817020229237983
3014078,0.8322111016224789
3015860,1.162237522978073
3017642,1.1746309587561137
3019424,1.4111033872705288
3021206,1.602435580565186
3022988,0.8461011466415742
3024770,1.2164896963697984
3026552,1.0385899647562513
3028334,1.1185096496742322
3001605,102.60311476764842
3003387,146.32800816170504
3005169,103.03067985631783
3006951,126.11751476600008
3008733,134.44456083653117
3010515,130.22642804301077
3012297,132.55426773058343
3014079,108.50166807042095
3015861,160.4574380435772
3017643,102.37835647250351
3019425,134.07790196137657
3021207,166.99298241949458
3022989,123.49951912819671
3024771,130.72610502557652
3026553,109.27193448221668
3028335,168.60311413492605
3001606,202.64035927651886
3003388,200.63632333900776
3005170,199.52295533591123
3006952,263.66181099398193
3008734,329.15387169971603
3010516,354.0972303330585
3012298,228.32606187554373
3014080,194.49263199806327
3015862,195.2158485691056
3017644,184.02674543961908
3019426,311.04690881946783
3021208,414.4609299913255
3022990,237.38724411484
3024772,258.5202434370429
3026554,198.44531188486263
3028336,186.39436313904082
3001607,4.28629288063154
3003389,3.859904319029468
3005171,3.344976131975204
3006953,5.240458487865219
3008735,6.573914257776861
3010517,4.164238095229191
3012299,5.560932012436404
3014081,3.5644409034402997
3015863,3.617602539389406
3017645,3.4378829854492343
3019427,6.421028689032522
3021209,4.888440125530626
3022991,3.965864890612706
3024773,3.3955739487982504
3026555,2.998040899781016
3028337,2.714716558367407
3001608,2.779897719673503
3003390,2.985931389818466
3005172,3.3771724811958714
3006954,5.439779471864181
3008736,4.696000307673279
3010518,4.102068964947176
3012300,4.016077138247785
3014082,3.2993351788655225
3015864,3.882826718585311
3017646,2.936531569845863
3019428,5.071272776301343
3021210,6.3187948557728495
3022992,4.539870204707127
3024774,4.327257719464226
3026556,4.527964593581402
3028338,3.666141988837343
3001609,163.30587255919988
3003391,175.39885535355148
3005173,219.08244421412135
3006955,209.62147826986978
3008737,241.24995756432153
3010519,207.16765546468642
3012301,229.3578373152163
3014083,177.2519192446699
3015865,182.95855691413854
3017647,231.0522850051309
3019429,227.2576631785183
3021211,300.2920048992718
3022993,200.3290705390901
3024775,222.99373911423322
3026557,155.90035170463221
3028339,164.31371230551312
3001610,55.5659695143391
3003392,51.20745440566675
3005174,55.0147296489964
3006956,67.38702074458975
3008738,69.5710787790573
3010520,66.3617713859721
3012302,58.53173257148774
3014084,52.41276940848724
3015866,46.293410331342926
3017648,57.87770390530836
3019430,72.37850461297904
3021212,91.11317061854326
3022994,61.843740637806675
3024776,60.02528522564762
3026558,52.70716782348766
3028340,50.826964533077025
3001611,1166.6325812947505
3003393,923.0579473369015
3005175,756.383386854962
3006957,1193.9937781721494
3008739,1372.9454462260187
3010521,1070.6679658333082
3012303,2122.597986567854
3014085,871.5302302208911
3015867,833.8381001119667
3017649,757.4118332272211
3019431,1276.488586633132
3021213,1555.4490764727336
3022995,978.3672152216985
3024777,2073.5631935370375
3026559,892.1381705742998
3028341,959.570124208113
3001612,40.84547105588775
3003394,1.3180748870246122
3005176,1.1897578310804136
3006958,1.7228617434738136
3008740,2.8645123141169004
3010522,1.5734692237073915
3012304,1.0646966517168797
3014086,0.8678749017006635
3015868,1.1598344571152666
3017650,1.0150439702113836
3019432,1.2761789919081359
3021214,1.8730582308717825
3022996,1.341337246158564
3024778,1.114236865949279
3026560,1.1710957385379643
3028342,1.1283659716831722
3001613,4.222287345878245
3003395,4.311932470858088
3005177,4.770538148587598
3006959,11.549827207189477
3008741,8.44790341929549
3010523,5.450858665515348
3012305,5.2455557213131465
3014087,4.261602291687697
3015869,3.9438220374255275
3017651,4.454177845843555
3019433,8.712363695095185
3021215,8.96442745233751
3022997,3.9647244409987152
3024779,4.585181100489694
3026561,4.733233765564012
3028343,4.6285440954149
3001647,2.584158465076359
3003429,3.0936061956898815
3005211,3.2626393853104796
3006993,3.982967204247629
3008775,3.3342417961130657
3010557,2.3140595387043708
3012339,2.0202139986986536
3014121,1.8155820832974112
3015903,1.9086416016361563
3017685,2.6034718100020235
3019467,4.245569264864662
3021249,3.860380127121446
3023031,2.284402369270437
3024813,2.7368350457967043
3026595,2.2081715512709934
3028377,2.9001872144829948
3001648,0.32096235181584776
3003430,0.3335714461670762
3005212,0.28763066242275187
3006994,0.31631605763029413
3008776,0.4100690198232026
3010558,0.32990528588059614
3012340,0.2932673805902649
3014122,0.16276369195061552
3015904,0.12837912821182726
3017686,0.10935399295591372
3019468,0.09985505782808461
3021250,0.04818619828933401
3023032,0.1552492313363244
3024814,0.2664799069976173
3026596,0.1600008475263101
3028378,0.17155511028941006
3001649,3.049492580905988
3003431,0.4767770493698184
3005213,0.6659688657862506
3006995,0.5676965033771912
3008777,0.5649719997137621
3010559,0.45570013828488215
3012341,0.6443609104563512
3014123,0.5386750665489228
3015905,0.4909830117744019
3017687,0.5953576479125895
3019469,0.7377111001580829
3021251,0.6400311647824184
3023033,0.48862467548563887
3024815,0.33385885308484575
3026597,0.3011819959268731
3028379,0.20119943763810114
3001650,1274.6517731423555
3003432,1521.3941561158847
3005214,1368.5894593438113
3006996,1973.9248799825398
3008778,1609.3019308039181
3010560,1512.7053850622826
3012342,1501.5042190130278
3014124,1311.2287676652713
3015906,1488.00845090882
3017688,1305.9577874982963
3019470,1628.7407817374053
3021252,1822.04592278619
3023034,1581.2398371717268
3024816,1557.5486118788674
3026598,1417.0571174327436
3028380,1470.3495926369237
3001651,0.010660740946593028
3003433,0.008893742144821684
3005215,0.0
3006997,0.0
3008779,0.0038777555258153714
3010561,0.0038238704987950743
3012343,0.0038238704987950743
3014125,0.003769956173640627
3015907,0.008893742144821684
3017689,0.0
3019471,0.0
3021253,0.004755353410519803
3023035,0.009015113078602645
3024817,0.009015113078602645
3026599,4.3896429556947705e-05
3028381,0.005183570514999976
3001652,137.6998974958373
3003434,150.30838235793368
3005216,123.57871472107617
3006998,167.706158095416
3008780,188.46591489590242
3010562,170.5992403512434
3012344,203.29100772761245
3014126,161.6074870162638
3015908,163.52947710318094
3017690,139.04204798166862
3019472,175.74373182075115
3021254,245.0482437903698
3023036,158.42765650100029
3024818,172.71785447704588
3026600,149.01408644823422
3028382,158.29334361376954
3001653,2.2095721681436853
3003435,2.6873995402701505
3005217,3.1283625038654392
3006999,5.42958086403393
3008781,4.901045431846382
3010563,3.1187360021221995
3012345,3.618981775050295
3014127,3.5531561707975996
3015909,3.5851621494093795
3017691,4.092554110474526
3019473,4.4225512731632195
3021255,4.080733582253955
3023037,2.706683976604888
3024819,3.426717956084911
3026601,4.194357509931581
3028383,5.085906361168483
3001654,443.16346485950027
3003436,685.2049093259931
3005218,636.8102001983688
3007000,729.5137040427742
3008782,610.4606127565963
3010564,528.3603838511724
3012346,706.9500689499775
3014128,478.3584293652569
3015910,781.069599710146
3017692,645.189576961946
3019474,710.6030139600981
3021256,599.6194486390358
3023038,463.29012142350547
3024820,710.6048444672341
3026602,509.0843069194452
3028384,639.2896991373015
3001655,285.1072159609733
3003437,241.40596164304688
3005219,228.02697733056428
3007001,287.3103746681528
3008783,300.38582885167926
3010565,295.24309315242715
3012347,320.0326319323813
3014129,335.5953901191339
3015911,220.1240428611649
3017693,221.9903693976764
3019475,274.3479964502836
3021257,337.30983915412514
3023039,255.49234363567666
3024821,266.1462925838146
3026603,318.9203978158648
3028385,216.1032558564415
3001656,109.75047430352625
3003438,104.95913826803414
3005220,132.75597144750313
3007002,123.91108921515924
3008784,143.13330818357306
3010566,123.0094286144935
3012348,117.49467320129865
3014130,106.36194822252081
3015912,95.38349885344378
3017694,128.39566794376546
3019476,128.72818534992425
3021258,128.43789658563873
3023040,116.4930580823746
3024822,104.33472267307054
3026604,110.6626731584607
3028386,108.52404812605891
3001657,92.28832785871559
3003439,150.02561385441092
3005221,133.1174498442044
3007003,141.91829139883657
3008785,147.4126346609215
3010567,174.11789049351717
3012349,116.03018594237618
3014131,100.13774535179758
3015913,116.59386722209969
3017695,139.52432122668796
3019477,146.51772336537252
3021259,159.8923408544414
3023041,195.1671442320134
3024823,108.72295507521652
3026605,102.97075424124237
3028387,94.15315675433604
3001658,34.76270643279744
3003440,35.5282909641082
3005222,38.201111102655005
3007004,74.6092312817231
3008786,42.85472380666969
3010568,32.52457239226754
3012350,36.96540805440355
3014132,35.07228220882014
3015914,35.52319030149424
3017696,39.05542955953685
3019478,78.84746613266651
3021260,47.058776586407376
3023042,29.933845375700447
3024824,39.69746682454702
3026606,36.09558903620783
3028388,38.57794435238241
3001659,2161.373296950221
3003441,1803.461574789423
3005223,1881.4648504705458
3007005,2523.316229246212
3008787,1987.7450942116845
3010569,2008.9949685275974
3012351,2116.768867822204
3014133,2127.7361751695853
3015915,2959.022267626364
3017697,1776.3896890791893
3019479,2136.7839356946515
3021261,2283.0611031909566
3023043,2129.5616944028125
3024825,2239.7909275081743
3026607,2056.3397473195237
3028389,2435.717012660456
3001660,2.256596008136049
3003442,2.421653517121119
3005224,3.4025600286405853
3007006,5.2546742664772035
3008788,6.684480209111206
3010570,3.3605486464140624
3012352,4.155076666579924
3014134,4.124620858461501
3015916,4.208713917382579
3017698,3.3572814162371536
3019480,4.935009802668346
3021262,7.973540922390136
3023044,4.14930500476149
3024826,3.4748159699364116
3026608,4.703952813046235
3028390,3.86301207789289
3001661,0.39428413389185313
3003443,0.38975404051790086
3005225,0.3148810968798721
3007007,0.3817126092688464
3008789,0.5067650143833886
3010571,0.32604622464912286
3012353,0.19131489102076293
3014135,0.190451928217645
3015917,0.19944146358715256
3017699,0.18288753100940489
3019481,0.2026426685076753
3021263,0.2659951120871465
3023045,0.3632325694615947
3024827,0.38290865444459116
3026609,0.37949496198145716
3028391,0.3870777330112232
3001662,11.311896493501344
3003444,11.660665426629006
3005226,10.130673337913013
3007008,13.608833766538993
3008790,11.619705601981519
3010572,10.447108068029582
3012354,11.982408963778044
3014136,9.860669773688315
3015918,11.9740914871768
3017700,13.686338188000327
3019482,13.897807853138302
3021264,12.142997234743994
3023046,7.651422609776057
3024828,8.824821162810682
3026610,9.614319548820086
3028392,10.50905938357636
3001663,17.03657930765789
3003445,10.049273005238186
3005227,11.045705883225722
3007009,10.608624592209226
3008791,11.774306248220004
3010573,9.626536581411225
3012355,9.169675850536976
3014137,5.697532148688552
3015919,6.65016610612806
3017701,6.271156603923191
3019483,9.8219322039578
3021265,10.115415896052257
3023047,6.221682295272763
3024829,6.60734755369126
3026611,6.391891718708918
3028393,9.0999744603697
3001664,0.2506263591783097
3003446,0.2546997968997157
3005228,0.18202927798441745
3007010,0.24964994986255457
3008792,0.2666349561445562
3010574,0.2060273622928069
3012356,0.1311869649776192
3014138,0.1551865463449844
3015920,0.060570227945540886
3017702,0.07951215712690843
3019484,0.07014969455421273
3021266,0.10612584044258161
3023048,0.06552139944445794
3024830,0.08506140134531731
3026612,0.0678971153282417
3028394,0.05667001783739625
3001665,152.9777545720511
3003447,144.666689346653
3005229,121.12992534031854
3007011,202.68376411940147
3008793,141.1468701617044
3010575,135.58871350669972
3012357,269.308970178478
3014139,115.50359940845351
3015921,190.56927497225013
3017703,101.54968687559429
3019485,127.47932289780846
3021267,150.1912303485277
3023049,138.92544519485315
3024831,155.24504694731027
3026613,134.80851850072727
3028395,184.04448112408218
3001666,0.38706206171497287
3003448,0.3743526452591768
3005230,0.3662328542823165
3007012,0.5107206678332779
3008794,0.4734596985397688
3010576,0.29550100706020693
3012358,0.05699751834718276
3014140,0.05926209372511586
3015922,0.39331473355467067
3017704,0.34071649164929363
3019486,0.410923116625852
3021268,0.5126261805949792
3023050,0.4162152062889337
3024832,0.8053092188785849
3026614,0.6194881713091609
3028396,0.5299172607941844
3001667,7.789046703109966
3003449,0.05296401263792348
3005231,0.05435215422462948
3007013,0.0592274969151596
3008795,0.04517919205986579
3010577,0.04911986461013167
3012359,0.04911986461013167
3014141,0.053317125356423856
3015923,0.05296401263792348
3017705,0.05360385907389862
3019487,0.05847574163464303
3021269,0.04443740714679919
3023051,0.05227209929091564
3024833,0.05227209929091564
3026615,0.0595629355196712
3028397,0.04909177412189573
3001668,6.824213753496886
3003450,2.6697343990573175
3005232,2.379960017044169
3007014,4.410372903921865
3008796,3.434399064716273
3010578,2.6187464559985667
3012360,2.3018204438020895
3014142,2.70067877071148
3015924,2.0407013637574267
3017706,2.1058111806973687
3019488,1.9565450764456243
3021270,2.854160681347116
3023052,1.6749737945558127
3024834,1.825433197979578
3026616,1.4964554919452637
3028398,2.126046965152786
3001669,28.452382796187763
3003451,32.69239127025415
3005233,45.76804962753822
3007015,52.69523018119138
3008797,28.890529190654508
3010579,18.64771114990417
3012361,21.518190777505275
3014143,24.782380825378212
3015925,22.164017960397768
3017707,25.720057502817923
3019489,43.03750157622702
3021271,17.493392146730145
3023053,22.806596826181323
3024835,17.489575538170246
3026617,21.126739688041507
3028399,20.353318006876528
3001670,0.5964447701581013
3003452,0.6787191754314261
3005234,0.6115251437522631
3007016,0.568598238179431
3008798,0.4810751148615492
3010580,0.5577696145732385
3012362,0.5855568491198802
3014144,0.5033948054699433
3015926,0.5509905643710549
3017708,0.46719905724176153
3019490,0.8554687954559252
3021272,0.938084226540228
3023054,0.9942053161008151
3024836,0.6318800829686861
3026618,0.6027534858887369
3028400,0.6750575971958872
3001671,51.47895576520925
3003453,142.0615940647798
3005235,55.156575928598365
3007017,67.09671333681705
3008799,65.58624441477205
3010581,62.30505203336244
3012363,75.03164705876398
3014145,62.917239678555916
3015927,131.80910067449528
3017709,58.63054856704948
3019491,65.38292758473965
3021273,61.046625480686984
3023055,54.04072841062788
3024837,63.74120748520569
3026619,56.281593396850056
3028401,144.56069220589853
3001672,95.05231462366405
3003454,101.66948249980565
3005236,99.04729048949022
3007018,103.11909411587656
3008800,104.83966167112368
3010582,92.94202454128897
3012364,89.73237473469484
3014146,77.15036990849666
3015928,89.41816590348596
3017710,76.92599518563536
3019492,106.60198169276883
3021274,115.46273255884432
3023056,94.68529557598146
3024838,89.8520817803449
3026620,75.12931752843723
3028402,80.939627141557
3001673,1.4236262818073735
3003455,1.3177639136241428
3005237,1.5621164574059718
3007019,1.840592843694099
3008801,2.5812375024383547
3010583,1.8053205674298787
3012365,1.3965090428476756
3014147,1.337635354554028
3015929,1.271860118521313
3017711,1.417191701219453
3019493,1.751111593286848
3021275,1.3726029183624915
3023057,1.055469275783989
3024839,1.048300520302297
3026621,1.1682640183957056
3028403,1.1603793324725076
3001674,3.120358250777371
3003456,3.3889004397194675
3005238,2.819094876873188
3007020,4.879995896681598
3008802,3.9091009968575863
3010584,3.3588829682917263
3012366,4.301042590573674
3014148,2.8033171547810203
3015930,3.2666330930035468
3017712,3.313807660590528
3019494,4.933975023609483
3021276,4.098047139171577
3023058,2.621780013759849
3024840,2.9255263681428674
3026622,2.724346555056264
3028404,3.54187720651191
3001675,82.10558696716352
3003457,99.32494928948333
3005239,128.56787786816443
3007021,117.23020848010519
3008803,109.79216602173796
3010585,93.54667157702869
3012367,104.84384278087582
3014149,106.75815321041479
3015931,94.48155259901222
3017713,126.76391740652994
3019495,136.22296881819076
3021277,136.59328657404106
3023059,87.38054349852538
3024841,96.73005083486736
3026623,90.28762418329718
3028405,104.15956433541855
3001676,15.63397208855206
3003458,18.128215795725463
3005240,17.37309891662328
3007022,23.87441430843203
3008804,20.688525738237658
3010586,18.871949637569152
3012368,21.166202154700198
3014150,18.630017314365375
3015932,19.030626164054603
3017714,17.741053952029937
3019496,22.903922012204884
3021278,25.352503648856707
3023060,18.467525305108765
3024842,20.832926268635283
3026624,15.97576515827059
3028406,25.371281304806043
3001677,581.6978229882834
3003459,482.1225415819558
3005241,396.6691871815107
3007023,450.5286864928896
3008805,455.56081689968454
3010587,434.3896218488401
3012369,1063.8345697894565
3014151,456.76770624667466
3015933,494.53237339534905
3017715,436.6289925779471
3019497,527.7111392001086
3021279,626.6703733257323
3023061,474.46030896540503
3024843,1062.5620036495097
3026625,460.4411787193344
3028407,486.55551776952166
3001678,48.447858175593424
3003460,0.07301194294303377
3005242,0.034708636926702466
3007024,0.20760522220631186
3008806,0.2634717708987106
3010588,0.167789898015242
3012370,0.16340938681964487
3014152,0.16326428634288842
3015934,0.19666593878323876
3017716,0.15560503126823352
3019498,0.1754235420054832
3021280,0.21267097471099575
3023062,0.19007173357090537
3024844,0.1868943155890922
3026626,0.15874306587151957
3028408,0.10665059498930021
3001679,2.8185689664476437
3003461,3.836731648966463
3005243,3.0156440588407003
3007025,5.341763419147027
3008807,3.7943625126878704
3010589,3.663885835764588
3012371,3.056579978182352
3014153,2.8753153372046536
3015935,2.5997543856105416
3017717,3.0762078438370226
3019499,3.8850093902842184
3021281,3.7167436876988997
3023063,3.577465698760302
3024845,2.4655816136713624
3026627,2.2004660204040607
3028409,2.7235633685469725
3001680,5.599403201819765
3003462,6.0359157102489425
3005244,5.638965748747099
3007026,10.130607451200287
3008808,10.662660282419509
3010590,6.342546996474854
3012372,7.5789979906651315
3014154,6.632894410414627
3015936,6.425266627001531
3017718,7.971345102072707
3019500,11.882561543649773
3021282,12.152558788547871
3023064,6.452751326316653
3024846,5.822056245809401
3026628,5.467595879130627
3028410,7.053883981037162
3001681,0.1433934386097697
3003463,0.28252949611942907
3005245,0.300509442003657
3007027,0.39450865199081425
3008809,0.5196760779175704
3010591,0.3963133419438452
3012373,0.3431156218061618
3014155,0.29166655118521406
3015937,0.20740670187349675
3017719,0.1152426700378984
3019501,0.16990127187676202
3021283,0.08588655966362092
3023065,0.13416335818419292
3024847,0.1532962957938192
3026629,0.11806450581237998
3028411,0.08929388536279675
3001682,3.4548537853260637
3003464,1.8799876325253164
3005246,2.0302469960507636
3007028,3.4526844753101695
3008810,4.440441379275065
3010592,2.0514261332998807
3012374,1.3995877455365848
3014156,1.4402830814922787
3015938,1.1332903221946613
3017720,1.29995012794561
3019502,1.9333951810001393
3021284,2.741114648344562
3023066,1.606432432073488
3024848,1.5727853680775814
3026630,1.292734827079359
3028412,1.0236603706950635
3001683,2476.303701534367
3003465,2761.1885267939892
3005247,2788.738999140159
3007029,3529.784076435153
3008811,4398.597291029386
3010593,3068.2823046279937
3012375,4046.053891133958
3014157,2854.0578845991718
3015939,2690.0168879637276
3017721,3098.923718138276
3019503,4175.2061425801585
3021285,5448.427660667103
3023067,3184.435084034104
3024849,3651.5817275911195
3026631,3104.576166561058
3028413,2927.043943171343
3001684,0.03261623013234306
3003466,0.03550601811761898
3005248,0.02550201717583629
3007030,0.015896764588135427
3008812,0.029703938942869428
3010594,0.029193246385998115
3012376,0.029193246385998115
3014158,0.030258431910811928
3015940,0.03550601811761898
3017722,0.02542548416398665
3019504,0.015820948414378557
3021286,0.02962709234243293
3023068,0.03323507392087715
3024850,0.03323507392087715
3026632,0.02336284538105142
3028414,0.031208019401628578
3001685,450.2267351034175
3003467,436.7998754713965
3005249,492.3398092277995
3007031,606.1171750943327
3008813,809.342982010166
3010595,547.7481669550587
3012377,644.0094401372877
3014159,469.3640922433457
3015941,475.58513711675334
3017723,513.1457763452534
3019505,619.8106773342867
3021287,869.4052489036791
3023069,525.1249415504816
3024851,602.1498947199232
3026633,458.0175246929251
3028415,518.2652833758694
3001686,7.278583781160755
3003468,9.046594554244354
3005250,10.648133992199066
3007032,13.757468340735684
3008814,8.060170724604996
3010596,7.972688535248629
3012378,6.547855112010876
3014160,6.133212979260457
3015942,8.193796861677797
3017724,9.41369644327033
3019506,14.621122205227577
3021288,9.357379143437914
3023070,6.942572855326916
3024852,8.377188311486565
3026634,7.790824124287317
3028416,8.666084379776638
3001687,1080.5436444366958
3003469,1446.7758587805527
3005251,1343.5592843637958
3007033,1863.114261308841
3008815,1839.481936761369
3010597,1344.190531221071
3012379,1350.174787603731
3014161,1194.1820926970129
3015943,1723.3975324367957
3017725,1156.2730837578297
3019507,1791.4628450222938
3021289,1837.392575078353
3023071,1120.8646677909696
3024853,1292.6878849439702
3026635,1135.9102602932965
3028417,1073.7675563773323
3001688,718.6449252402704
3003470,499.47211833158735
3005252,552.5856337828685
3007034,781.5416491320287
3008816,991.9292840869879
3010598,674.1517840080354
3012380,718.668713497332
3014162,695.810517336348
3015944,480.9412197334321
3017726,522.1218935786397
3019508,752.7961253001138
3021290,986.2243909302489
3023072,621.134591188178
3024854,664.0188952610796
3026636,703.9237457044575
3028418,506.94487958093316
3001689,204.6248819812266
3003471,209.18375666373686
3005253,323.08013072664716
3007035,314.939036548579
3008817,325.46594392812455
3010599,238.8841369744251
3012381,255.6893755707718
3014163,206.7953164634616
3015945,189.20794400355922
3017727,278.0451770765054
3019509,305.37836883318266
3021291,357.51292899770186
3023073,223.02792998755905
3024855,250.03952127936455
3026637,206.93858319389003
3028419,198.26799634854828
3001690,199.7345154807483
3003472,214.87174207457483
3005254,270.52343112442736
3007036,254.14427929111602
3008818,416.84318320876537
3010600,497.2259884555172
3012382,343.3378494209576
3014164,205.29400329281512
3015946,232.84976211018005
3017728,265.45507377640155
3019510,290.44358395645196
3021292,406.20563043247614
3023074,394.98066328596485
3024856,341.95024256422107
3026638,226.10253958352155
3028420,233.15548682117728
3001691,58.89689653363019
3003473,72.72622318225046
3005255,77.8419466423129
3007037,144.59175871674
3008819,75.24414950718659
3010601,56.516796558185106
3012383,67.49977905153148
3014165,46.73467771164083
3015947,61.74290503889829
3017729,69.11331730761022
3019511,142.72246206785084
3021293,70.85220911129679
3023075,54.950466286169245
3024857,76.1248862561035
3026639,65.70199588443367
3028421,68.60868834845492
3001692,3822.8274226421026
3003474,4009.262763350917
3005256,3992.958415789119
3007038,5115.488402764397
3008820,6463.3682666663435
3010602,4528.186930098018
3012384,4664.551921191365
3014166,3808.72416404176
3015948,4133.478933637648
3017730,4434.562599929877
3019512,5680.520971752696
3021294,6485.876209478278
3023076,4567.794720786262
3024858,5066.555986249021
3026640,4540.033726539479
3028422,4151.50953056038
3001693,11.07796013162033
3003475,12.219398336892942
3005257,11.423432954466582
3007039,19.652711170775454
3008821,22.857940678118247
3010603,12.147363680035077
3012385,11.698182224736508
3014167,8.899928028635767
3015949,10.65317975503672
3017731,14.394653100407501
3019513,14.513657121186602
3021295,17.73144566389943
3023077,12.312816533374908
3024859,11.852841238637385
3026641,9.658625196991064
3028423,10.765886436082564
3001694,0.26991680700185255
3003476,0.273470683286272
3005258,0.2550493388711334
3007040,0.6589242391628651
3008822,0.7560877852297871
3010604,0.4272712008678902
3012386,0.4279867003556212
3014168,0.42521018507001906
3015950,0.43990317911456844
3017732,0.4213072853233436
3019514,0.2972376242076149
3021296,0.5333056202623194
3023078,0.33692693364980536
3024860,0.39196519691250964
3026642,0.3956666948846107
3028424,0.6354566250233611
3001695,23.12190992329548
3003477,15.508600102516887
3005259,22.44990085133616
3007041,24.257382103882577
3008823,27.033557485415432
3010605,16.827688871070496
3012387,17.603394594619758
3014169,15.866320083362886
3015951,17.636394431326817
3017733,20.761792596993253
3019515,26.989958937886954
3021297,23.509885826315877
3023079,14.10248140438733
3024861,15.346375866084376
3026643,16.25904632410403
3028425,15.993870238259614
3001696,22.612507996004
3003478,19.06632893042663
3005260,16.922065602086146
3007042,26.795545706992606
3008824,27.358413836957027
3010606,21.876123954937473
3012388,21.3789939170143
3014170,22.7777250508263
3015952,17.48497718301966
3017734,17.754058662618068
3019516,24.55552236882522
3021298,26.958679483539377
3023080,16.46331322470124
3024862,19.0770974316687
3026644,17.485174610667386
3028426,17.815085539597447
3001697,0.09800238762112995
3003479,0.11623506803750774
3005261,0.12287843139840664
3007043,0.11255202941992476
3008825,0.1516500894425772
3010607,0.11571377626096027
3012389,0.11427539689347489
3014171,0.11743738771229509
3015953,0.09947194505548784
3017735,0.10140815933643726
3019517,0.11266059597195836
3021299,0.12962968184624477
3023081,0.10113500592539001
3024863,0.09971542152387186
3026645,0.10843775947675598
3028427,0.09490844766828171
3001698,253.24856696239468
3003480,252.40381745374955
3005262,256.61121480483433
3007044,331.62940089523795
3008826,407.39914130750776
3010608,307.32554618805995
3012390,259.1306624644428
3014172,238.1981370445972
3015954,241.96416714147227
3017736,239.49059896364392
3019518,372.96491401853393
3021300,464.45196454729506
3023082,272.6273602567566
3024864,327.639855680611
3026646,249.68933524858227
3028428,252.94425417945567
3001699,0.9600334347451356
3003481,0.9467510714159397
3005263,0.8346255084676077
3007045,1.7274559588487142
3008827,2.1936986445215476
3010609,0.9554200456116246
3012391,0.8393864431682339
3014173,0.6867146953196064
3015955,0.8615910651570775
3017737,0.9325480762367435
3019519,1.213209824115093
3021301,1.762462809153499
3023083,0.9085057631094489
3024865,0.8332675738272233
3026647,0.8711998226653976
3028429,0.9467648450682329
3001700,83.94468968081163
3003482,4.9749151041057305
3005264,4.673470356655431
3007046,4.330822018103178
3008828,4.489553344185572
3010610,1.472284522805428
3012392,3.6792293583410434
3014174,3.6289228573539676
3015956,4.485202772946064
3017738,4.006955713044075
3019520,7.716046782364936
3021302,6.944322050305765
3023084,5.319036732855233
3024866,5.059435728118748
3026648,5.034506396589809
3028430,4.171030189916969
3001701,14.717673944762353
3003483,8.501974289590011
3005265,6.542742890550384
3007047,13.84115705114348
3008829,13.196130309338699
3010611,8.444226953353988
3012393,9.635851109694135
3014175,6.633663378873328
3015957,7.237708804468928
3017739,7.836813513621111
3019521,10.021116455017886
3021303,10.31259311758
3023085,5.300876991987255
3024867,9.080081899219287
3026649,4.5827139951946005
3028431,6.821505888352824
3001702,21.529253618478403
3003484,19.71983393705508
3005266,23.479693869200094
3007048,46.35425060169387
3008830,18.30191086015972
3010612,12.011371239215267
3012394,15.348692212099017
3014176,15.826937917197391
3015958,15.727066952390391
3017740,26.250348089653084
3019522,42.79586422091523
3021304,19.41300907499627
3023086,10.651413371141915
3024868,17.388104792797073
3026650,15.135446409796245
3028432,18.890309137578114
3001703,0.9640004412092955
3003485,1.1789550632874892
3005267,1.22202811779501
3007049,1.4504833433848248
3008831,1.2728342657490836
3010613,0.8516011136004191
3012395,1.0827739182633667
3014177,1.2208234554737456
3015959,1.4896228394414446
3017741,1.2611122540285362
3019523,1.9536224350970186
3021305,1.5518274230692906
3023087,1.0830157228147224
3024869,1.3554349243209223
3026651,1.1377243200335996
3028433,1.1792430708116286
3001704,297.13020048236956
3003486,604.1474182869097
3005268,328.9638933414737
3007050,361.1055973460291
3008832,441.68883986852313
3010614,372.5477685557312
3012396,344.09613898834283
3014178,318.0009048081
3015960,647.894598566756
3017742,342.64618582406735
3019524,402.87438210131063
3021306,445.3165404482143
3023088,325.4944368011977
3024870,342.55810432155675
3026652,305.40760947862856
3028434,601.8605026672516
3001705,226.1387223474052
3003487,231.1318085385866
3005269,226.63406452168303
3007051,327.8278284098622
3008833,409.13344209454647
3010615,278.11722860108904
3012397,243.87584222287313
3014179,235.47363822171658
3015961,227.2592606955484
3017743,233.30415414292898
3019525,368.57753865715523
3021307,437.5217045501446
3023089,257.9523013783284
3024871,270.8510393075223
3026653,222.23094184585585
3028435,222.82051954076013
3001706,3.0801182445879123
3003488,2.3908579000408716
3005270,2.364390180307172
3007052,4.080878832567242
3008834,3.932295974165389
3010616,3.320602313841423
3012398,3.2213084769423244
3014180,3.337727219005653
3015962,2.7195083786063665
3017744,2.491969275402045
3019526,3.5831735221755405
3021308,4.962038342491065
3023090,3.2462504193523554
3024872,3.156973234258971
3026654,3.177670234388197
3028436,3.0249328837199307
3001707,5.782832763262118
3003489,6.1474871053276585
3005271,5.87531516921952
3007053,8.811183953790913
3008835,11.020616820227865
3010617,5.690790445393476
3012399,7.19011916554609
3014181,5.766424110915054
3015963,6.264315884043938
3017745,6.07916716147856
3019527,9.1307940154583
3021309,9.717811221867372
3023091,5.360042235624077
3024873,6.092834246147975
3026655,4.785520043247907
3028437,4.512260790126361
3001708,115.13906092705501
3003490,147.73835094962797
3005272,175.491600675954
3007054,159.54216166088858
3008836,191.69483744892915
3010618,130.45100705237124
3012400,152.03479307324065
3014182,118.99217118278251
3015964,136.14085851854878
3017746,153.02907960031231
3019528,188.62862169134004
3021310,178.82450720931746
3023092,130.84700448903772
3024874,158.4528780706587
3026656,112.02389679836291
3028438,128.76167773931147
3001709,61.345366063826454
3003491,49.85392858953187
3005273,58.37344443640409
3007055,66.48662188262172
3008837,79.63241550587942
3010619,56.61172491159072
3012401,52.269332873503174
3014183,72.37819258806601
3015965,54.47712101843309
3017747,57.44496951815652
3019529,78.99426658297023
3021311,97.56109472738802
3023093,56.276787705598686
3024875,56.21387752957726
3026657,61.04090825007685
3028439,54.281759370342954
3001710,1363.7510721491687
3003492,996.9438181019285
3005274,1020.7317799710896
3007056,1296.2810497330395
3008838,1447.0979926455695
3010620,1046.608070804087
3012402,2393.9005798717026
3014184,879.9548120520171
3015966,975.8032230079203
3017748,929.6403495550096
3019530,1372.434355252457
3021312,1553.5477306667306
3023094,992.141315598291
3024876,2307.6694746773846
3026658,927.1899215113012
3028440,989.9226586742083
3001711,68.99077863074788
3003493,1.1443005926107532
3005275,0.8590710228659078
3007057,1.1063969821587412
3008839,2.3799318770090068
3010621,1.182037908328787
3012403,1.2599780363987554
3014185,1.398861699272791
3015967,1.049637141640789
3017749,1.0100758608913645
3019531,1.210024316990094
3021313,1.532717848431548
3023095,1.044647134133211
3024877,1.2444482503793144
3026659,0.6011631683483503
3028441,0.7346035688988006
3001712,4.172628889876835
3003494,4.378627292887813
3005276,5.025137788286996
3007058,9.330397218412584
3008840,5.9548750699012105
3010622,5.07446555891801
3012404,5.431800644759946
3014186,4.249726172213265
3015968,3.7650062666854254
3017750,3.6069847255857823
3019532,6.4119292062277475
3021314,4.713428000535714
3023096,4.707453432930458
3024878,4.134531378405404
3026660,5.198477722738014
3028442,3.8292289684154497
3001713,1.099098494160963
3003495,1.2070647561659626
3005277,1.19620442844885
3007059,1.805244913291574
3008841,1.9787756527780958
3010623,1.3184617876821512
3012405,1.3996177181277538
3014187,1.1630375469401861
3015969,1.2208487030251591
3017751,1.1285822672395573
3019533,1.9842046108566218
3021315,1.9168976555514683
3023097,1.3942129927790337
3024879,1.3288418208719683
3026661,1.6476558324386001
3028443,1.6239396720493127
3001714,0.04558632273457501
3003496,0.04711099210010666
3005278,0.0298957566551009
3007060,0.027289664186121214
3008842,0.041638175085669415
3010624,0.040141367738766184
3012406,0.040141367738766184
3014188,0.03580373004748773
3015970,0.04711099210010666
3017752,0.03061410814088976
3019534,0.028006197924448688
3021316,0.04236471689914134
3023098,0.049233087752894686
3024880,0.049233087752894686
3026662,0.030259095204702872
3028444,0.043260277863436676
3001715,2.634367181480215
3003497,0.38263794647493204
3005279,0.49446180436595
3007061,0.6894068713219428
3008843,0.801775291347822
3010625,0.46759078929765896
3012407,0.41499107662988327
3014189,0.41508988828237764
3015971,0.4590721487200985
3017753,0.40775647404940507
3019535,0.5937302419235011
3021317,0.8019283945857159
3023099,1.1641346377190973
3024881,0.43762224198237165
3026663,0.40314392811938315
3028445,0.4048017521021588
3001716,761.8258708132338
3003498,953.5876213014718
3005280,933.3521858362188
3007062,1396.7553690014217
3008844,1183.7815430058465
3010626,1162.0455537985927
3012408,1130.36009198499
3014190,857.7569203311322
3015972,1062.8365233081774
3017754,965.5492426937641
3019536,1612.7840275622978
3021318,1429.6786295408133
3023100,1147.363991233178
3024882,1281.1597331576452
3026664,987.7902675920171
3028446,960.720295937376
3001717,0.004076043078643534
3003499,0.0037851181151689586
3005281,0.0
3007063,0.0
3008845,0.0
3010627,0.0
3012409,0.0
3014191,0.0
3015973,0.0037851181151689586
3017755,0.0
3019537,0.0
3021319,0.0
3023101,0.002441136872111606
3024883,0.002441136872111606
3026665,0.0
3028447,9.373327244925248e-05
3001718,113.51516113669298
3003500,116.12321425239347
3005282,105.98284279529598
3007064,130.9598572656117
3008846,182.45882587615787
3010628,151.92548162496286
3012410,121.7528655206234
3014192,114.77211348569142
3015974,125.80202778868237
3017756,108.85596794694632
3019538,128.88314637467928
3021320,203.24370041909737
3023102,144.70960246874913
3024884,113.50400512760436
3026666,111.97909414981142
3028448,141.53410832445218
3001719,2.150010284439627
3003501,2.8525689583413394
3005283,2.7700214847764606
3007065,3.494413114067508
3008847,3.683362832063408
3010629,2.840644133149606
3012411,2.94386326341009
3014193,2.9428624844560685
3015975,3.2500319919751623
3017757,3.7256140247385217
3019539,5.699453267008455
3021321,3.8323939359802903
3023103,3.079833161356003
3024885,3.86876047891689
3026667,3.2355544219005568
3028449,3.183814092856501
3001720,516.353919305973
3003502,591.7950463150676
3005284,648.6764654182062
3007066,819.5527637421403
3008848,525.6521095848369
3010630,915.5236284321613
3012412,663.6720215071022
3014194,660.5531733957171
3015976,791.498256328709
3017758,582.2139185749645
3019540,1122.8578715862911
3021322,531.7653089803151
3023104,512.3504443333761
3024886,526.0487064446004
3026668,591.4448690539188
3028450,649.4883245123796
3001721,186.4740695984415
3003503,141.48821580009965
3005285,140.15163303412822
3007067,200.32107429420628
3008849,203.41540940981258
3010631,193.653067274089
3012413,170.2746507361017
3014195,177.29484187020296
3015977,133.9449796530097
3017759,124.64356776772446
3019541,133.27377815468458
3021323,231.43425837418465
3023105,171.45661993021855
3024887,146.04264498440102
3026669,181.39982212239536
3028451,118.50542278259945
3001722,105.04882132948647
3003504,76.76580889521874
3005286,102.93528123115321
3007068,92.10666711063732
3008850,99.29406649708814
3010632,98.45587257924888
3012414,95.89443734912166
3014196,94.00145420955603
3015978,77.61908681966015
3017760,99.3254489688822
3019542,89.12137917631038
3021324,117.18813240996525
3023106,84.58744539672693
3024888,74.3746365083739
3026670,76.38701472871476
3028452,84.60833601273079
3001723,182.01823788831337
3003505,183.39108453988635
3005287,146.42949327108198
3007069,127.85732792922491
3008851,165.84750908317758
3010633,301.33100545899924
3012415,165.15069233649655
3014197,169.93434504947442
3015979,158.65917434849848
3017761,137.1253219968708
3019543,128.76362838467097
3021325,156.36709368250183
3023107,407.78768276353674
3024889,179.90375788545794
3026671,146.6575796058316
3028453,176.84708793313794
3001724,16.33378087788699
3003506,16.881655038895058
3005288,16.927649368315592
3007070,34.25765478526261
3008852,23.275147352649075
3010634,17.007844344256593
3012416,15.275935686886825
3014198,11.903651915094596
3015980,16.622079642069952
3017762,19.313252873770526
3019544,33.251783567862404
3021326,24.65722944507148
3023108,14.545715076477176
3024890,15.982631713253522
3026672,17.591637805270746
3028454,14.779442143075913
3001725,1486.8496858757835
3003507,1596.0826586945514
3005289,1574.050708873285
3007071,2114.4832593435135
3008853,2011.6879786508127
3010635,1928.3111409473536
3012417,1862.9355046840149
3014199,1628.9601785387363
3015981,1796.182592836968
3017763,1780.4016816628289
3019545,2597.26595843018
3021327,2420.8658727189095
3023109,1834.130394611678
3024891,1973.2732082501998
3026673,1608.2371240434873
3028455,1851.1410478197533
3001726,1.6348152477544322
3003508,1.2883589928378094
3005290,1.4595215521811213
3007072,2.0468027056711677
3008854,8.856738508252187
3010636,1.5038647317860212
3012418,1.319030263054271
3014200,1.1267277900259245
3015982,1.2477748842168355
3017764,1.2824611851425542
3019546,1.1170743893642494
3021328,2.4383035907068
3023110,1.3541753694908292
3024892,1.3521031298159034
3026674,1.484544701460997
3028456,1.3724785471750764
3001727,0.3378776728489154
3003509,0.2857369825172138
3005291,0.26674434952939885
3007073,0.25267106387107724
3008855,0.2778372593210922
3010637,0.27126454909788106
3012419,0.14277013305912636
3014201,0.14229821814325636
3015983,0.35731396339990823
3017765,0.29034376220300706
3019547,0.3501724197714076
3021329,0.5116145103044032
3023111,0.38403719819225757
3024893,0.38514973027058186
3026675,0.3667507636542638
3028457,0.2903647036704876
3001728,11.177735765336983
3003510,7.7505305923682215
3005292,9.182782584245546
3007074,13.59535116274745
3008856,9.638083290849176
3010638,6.993620672273415
3012420,6.528818866673897
3014202,7.95014215175112
3015984,5.903183666265093
3017766,8.05312563971302
3019548,10.00562036603267
3021330,10.538957892106804
3023112,4.712385823483048
3024894,4.691297570081378
3026676,7.454623689678211
3028458,5.7305871687449494
3001729,13.412297303866513
3003511,3.510344286463398
3005293,3.4346653686337634
3007075,4.855489049668318
3008857,4.881157262850334
3010639,3.6673420187590136
3012421,3.2253588156450412
3014203,3.3946066128593504
3015985,2.7031976714884838
3017767,2.392545057462128
3019549,4.261675709279965
3021331,3.831759409320423
3023113,3.733579414515331
3024895,2.815106694552494
3026677,3.9920977992525204
3028459,4.179158920469401
3001730,0.0551999059666249
3003512,0.055199935391145045
3005294,0.05342779944351009
3007076,0.06481500337016353
3008858,0.07939841372999663
3010640,0.06829142963127684
3012422,0.06691418720267421
3014204,0.06809145990898302
3015986,0.08564807872961648
3017768,0.11364181366240914
3019550,0.2116963194833372
3021332,0.21265970362918463
3023114,0.13767068856961082
3024896,0.1339057795825063
3026678,0.13868721799043213
3028460,0.09585567665443828
3001731,90.98049507450915
3003513,85.89143308447508
3005295,76.50296566333566
3007077,107.73531580578471
3008859,107.62295590655889
3010641,98.77459875022419
3012423,95.11345640709943
3014205,87.3770958036887
3015987,78.92911219595983
3017769,67.97465236975191
3019551,109.10410196951771
3021333,111.95767663759341
3023115,90.42221986182668
3024897,90.80916764484803
3026679,83.85855386826975
3028461,78.73700436049239
3001732,0.0
3003514,0.0
3005296,0.0
3007078,0.003973016184617077
3008860,0.014424230092571263
3010642,0.0
3012424,0.0
3014206,0.0
3015988,0.0
3017770,0.0
3019552,0.00014734298442418172
3021334,0.01055873218761781
3023116,0.0
3024898,0.0
3026680,0.0
3028462,0.0
3001733,7.627665420190645
3003515,0.03582685327543034
3005297,0.03737555580683103
3007079,0.04217239841114738
3008861,0.028350291633055386
3010643,0.02954141901179269
3012425,0.02954141901179269
3014207,0.03384288085952532
3015989,0.03582685327543034
3017771,0.03645628610732299
3019553,0.041248877992567726
3021335,0.02743901966574621
3023117,0.032950661244207854
3024899,0.032950661244207854
3026681,0.043079711263251226
3028463,0.032017636066628954
3001734,8.549963259920991
3003516,0.6738786696006269
3005298,0.6670398640599959
3007080,0.8686087037053809
3008862,0.660565948595143
3010644,0.3543577682398278
3012426,0.3507417166983792
3014208,0.3068628940126393
3015990,0.30220780173159345
3017772,0.43590198258968194
3019554,0.5701714173211732
3021336,0.7302871619260227
3023118,0.6164759560960085
3024900,0.7196355441101798
3026682,0.8319703887038452
3028464,0.8792298108147971
3001735,26.077767066889738
3003517,23.807152357957982
3005299,32.57805615664257
3007081,48.47537539957139
3008863,30.81230465500357
3010645,19.17326123123044
3012427,16.189689723712863
3014209,14.100597612196376
3015991,22.388200579002618
3017773,67.00156682346127
3019555,55.92071869591645
3021337,18.12421671756868
3023119,10.792997691836606
3024901,12.795986589676607
3026683,9.29706217062888
3028465,16.827356195560384
3001736,0.2992337935152641
3003518,0.2845482844590871
3005300,0.2941982479642767
3007082,0.3871139588556505
3008864,0.2507771759224025
3010646,0.27450485724126417
3012428,0.2026612313380623
3014210,0.2968624700250886
3015992,0.21195232222806884
3017774,0.24663337554130035
3019556,0.21239740136859167
3021338,0.28909384376513503
3023120,0.2864885652689333
3024902,0.26313062694241046
3026684,0.34634274556821715
3028466,0.2940532145344457
3001737,64.59596404520171
3003519,125.36937645650129
3005301,63.85294487138492
3007083,74.07438049236467
3008865,79.51578048885493
3010647,70.87807653295788
3012429,72.0555406812126
3014211,63.6558295478834
3015993,109.39643341902527
3017775,68.02864515826427
3019557,79.53653074553581
3021339,81.32992019558057
3023121,72.38674774465227
3024903,75.38198081253157
3026685,62.29632670252694
3028467,100.87031740374653
3001738,72.5605103357781
3003520,73.93049190336009
3005302,73.29474336177883
3007084,101.46640142817456
3008866,101.02472770563207
3010648,95.05610539153274
3012430,81.46080582865852
3014212,81.63871718433283
3015994,66.1955107058194
3017776,76.74111468921724
3019558,99.23528637579965
3021340,97.03807494197994
3023122,86.48990801422353
3024904,80.51907401241066
3026686,81.0599415154202
3028468,78.3717959142887
3001739,0.24935508854320082
3003521,0.38144644308554093
3005303,0.4175329098121067
3007085,0.44266755086492093
3008867,0.4379762489344652
3010649,0.4365852875941247
3012431,0.409021328203268
3014213,0.3222792385858878
3015995,0.3095751461537119
3017777,0.4336428600144831
3019559,0.497569369180247
3021341,0.4796191171168463
3023123,0.47084222966724926
3024905,0.5982192815007963
3026687,0.5430720736609573
3028469,0.3527967385014901
3001740,1.1723221698990458
3003522,1.0540523513452706
3005304,1.0581134047063951
3007086,1.2108722454694947
3008868,0.9474195395635332
3010650,0.9370209381508747
3012432,1.1259713923062211
3014214,0.8837227645067725
3015996,0.9406330063914827
3017778,0.9816444272459486
3019560,1.0841631885374445
3021342,1.1792091198791672
3023124,1.297161787325511
3024906,1.1598269628524633
3026688,1.1241670748936965
3028470,1.072145676809706
3001741,49.149719615014156
3003523,57.619840649856975
3005305,66.88776515284415
3007087,69.48806641176246
3008869,64.55574354734483
3010651,63.154881148760694
3012433,61.272689755127686
3014215,48.09043245564003
3015997,43.54291494733892
3017779,62.81079166584756
3019561,58.52554576141269
3021343,69.01766993710271
3023125,60.669787811679576
3024907,67.50997569993964
3026689,46.087182863793004
3028471,41.48831524158971
3001742,10.686993533373375
3003524,12.846997762530977
3005306,11.585919008727197
3007088,16.361801089420627
3008870,12.310346871833229
3010652,9.960569791953768
3012434,9.56451048912517
3014216,8.41803826203834
3015998,7.959483766766779
3017780,9.085210942296284
3019562,12.03758598225794
3021344,12.636731173336862
3023126,10.440687840403811
3024908,9.71102370924455
3026690,9.497252585346443
3028472,10.49362791746327
3001743,256.7816900517855
3003525,156.97738867797054
3005307,169.1236914006142
3007089,222.93757525370458
3008871,199.7370645894449
3010653,200.82016285687524
3012435,341.3482147610248
3014217,159.62948109510293
3015999,157.9114826916028
3017781,167.393973243859
3019563,238.13163873533315
3021345,217.45748550373062
3023127,181.73598587135746
3024909,352.4045576416357
3026691,148.6605373056112
3028473,156.16755703855662
3001744,48.294367256935686
3003526,0.07124419726013188
3005308,0.034407204671333326
3007090,0.039397910767612995
3008872,0.05177843706089212
3010654,0.05526115575377426
3012436,0.05244367368339519
3014218,0.05374185120456391
3016000,0.07124419726013188
3017782,0.030465560964576706
3019564,0.035437249806154536
3021346,0.04777059968444943
3023128,0.07689224148081174
3024910,0.07401700574834962
3026692,0.040455411442511
3028474,0.06730473400125957
3001745,1.0575531792789157
3003527,1.4408331630994837
3005309,1.7121724481844822
3007091,1.8765333272006623
3008873,1.3601426134650771
3010655,1.529249089234347
3012437,1.1165609453481289
3014219,1.0440912931888158
3016001,1.0163896950076268
3017783,1.1926635546796138
3019565,3.0115931809189016
3021347,1.2395493162214506
3023129,1.2867701669612939
3024911,1.0075746114713007
3026693,1.0311946561918939
3028475,1.1707669122389968
3001746,5.925856889958365
3003528,6.132964453759471
3005310,6.981942312734809
3007092,11.299611413609414
3008874,9.725666050805092
3010656,6.122815788152078
3012438,6.853014291142171
3014220,5.260353770266024
3016002,5.263714562697201
3017784,5.397943195640617
3019566,8.255097262333548
3021348,9.054514313922535
3023130,6.219217199427442
3024912,5.613145127055475
3026694,4.8747338127367446
3028476,11.867305388421505
3001747,0.06045650809683816
3003529,0.06012911467960047
3005311,0.0428166282186078
3007093,0.04178662496770543
3008875,0.06537279954969574
3010657,0.05707736808827552
3012439,0.05707736808827552
3014221,0.051525400388134406
3016003,0.06012911467960047
3017785,0.04256089938557707
3019567,0.0415311487212966
3021349,0.06511153929031827
3023131,0.06631712314659391
3024913,0.06631712314659391
3026695,0.04491129883795607
3028477,0.05572891468659625
3001748,2.463618083738095
3003530,1.5086366640200701
3005312,0.7468709147633419
3007094,1.236543167135181
3008876,1.4820738004001526
3010658,0.8471095030345654
3012440,0.9453539824674244
3014222,0.7013922122547627
3016004,0.8066691621640609
3017786,1.7567364438472466
3019568,1.0864948105469048
3021350,2.199347937544747
3023132,0.8956423793869019
3024914,1.0535786983202224
3026696,1.0258152473856947
3028478,2.2296290772488088
3001749,1636.0462258956416
3003531,1730.7805530749704
3005313,2210.954830270294
3007095,2334.002588129403
3008877,2635.1703266091954
3010659,2254.618213382651
3012441,2186.7978100163564
3014223,1799.3284404688434
3016005,1697.5712799390317
3017787,1751.1026370910768
3019569,2097.5103607145934
3021351,2750.221303399697
3023133,2227.8851398784227
3024915,2387.4044516839313
3026697,2002.0326162673773
3028479,2094.750049229365
3001750,0.001690114693588387
3003532,0.0
3005314,0.0
3007096,0.0
3008878,0.0038253655776846556
3010660,0.0
3012442,0.0
3014224,0.0
3016006,0.0
3017788,0.0
3019570,0.0
3021352,0.0035791985312842345
3023134,0.002090859207220722
3024916,0.002090859207220722
3026698,0.0
3028480,0.0
3001751,200.4354181471164
3003533,221.09201872276054
3005315,188.72590080593568
3007097,273.14039047297234
3008879,341.12449257851324
3010661,263.02319014541024
3012443,272.02358448459233
3014225,218.5271708704305
3016007,186.7640179255765
3017789,183.5873449503388
3019571,269.8984949261487
3021353,364.9923727605953
3023135,224.95912166574067
3024917,264.2316429329734
3026699,188.44341664238758
3028481,207.17976167352572
3001752,5.222970208856189
3003534,10.429665972184427
3005316,6.873633202914909
3007098,7.149807072246283
3008880,7.6054870483711845
3010662,4.651023211595921
3012444,4.940500069398691
3014226,5.001166366604437
3016008,4.713337861334543
3017790,6.343254733465027
3019572,8.646740291596872
3021354,6.977297966386643
3023136,4.640987345671302
3024918,6.058770629480057
3026700,5.6602115186926545
3028482,16.06249511769973
3001753,745.5981417143119
3003535,833.6540114981178
3005317,799.553940768301
3007099,1224.451838711718
3008881,1363.4050906738105
3010663,1075.3038195986237
3012445,1078.1479493324932
3014227,891.2942025248254
3016009,868.5152986417446
3017791,821.2512019905483
3019573,1198.3456494489951
3021355,1387.0968888885216
3023137,1018.1865909527124
3024919,1151.4558852769
3026701,900.1289293153842
3028483,1028.0846962936557
3001754,419.5044328118401
3003536,314.89131520517543
3005318,334.72102260240393
3007100,496.97476150529167
3008882,542.7203066194853
3010664,417.1357701494433
3012446,407.79873267705096
3014228,474.2006945599746
3016010,297.1657130402902
3017792,309.0503129174167
3019574,358.1096531061945
3021356,559.5555156011934
3023138,383.6720216380654
3024920,385.27720437129864
3026702,525.9835384613428
3028484,372.82171058745797
3001755,144.2412703896593
3003537,166.27444879830355
3005319,195.85399974924604
3007101,222.58257483111058
3008883,216.4746172295788
3010665,174.72358533510518
3012447,197.31310677500613
3014229,157.02223848725995
3016011,154.5739318487916
3017793,218.39440537678445
3019575,210.22043220127716
3021357,215.24879963662428
3023139,176.6180284646306
3024921,193.67433218661822
3026703,173.17279632627196
3028485,179.5519500034896
3001756,126.21908551158864
3003538,131.8095052000025
3005320,90.60953349240741
3007102,186.92235367522716
3008884,171.4310372859794
3010666,301.05402953333225
3012448,112.73512539611518
3014230,144.26153950664695
3016012,113.54695483003609
3017794,109.4324004654234
3019576,199.16501265630515
3021358,183.92833783516892
3023140,374.2623977889917
3024922,129.6375517457119
3026704,129.97482806346244
3028486,130.73462250361837
3001757,37.598220823013634
3003539,41.530663485100746
3005321,64.56620293598182
3007103,136.83308618993513
3008885,51.009768476880595
3010667,38.79373502409665
3012449,45.97237593428036
3014231,40.16085765138662
3016013,35.53106540519556
3017795,68.43049376736914
3019577,140.5340496963122
3021359,62.89572853353657
3023141,39.13135551157513
3024923,45.044115525137784
3026705,46.534391811579155
3028487,63.394263457508686
3001758,2467.5809065972253
3003540,2632.7925204955714
3005322,2654.488727360112
3007104,3713.4960884761795
3008886,4105.158295102108
3010668,3402.3250091082955
3012450,3188.97645442153
3014232,2705.3097983914445
3016014,2588.857007823304
3017796,2821.768951611066
3019578,3722.8164446498035
3021360,4099.925062359942
3023142,3166.161024381336
3024924,3440.4981689172228
3026706,2743.6280527929084
3028488,3157.644612410074
3001759,2.9431311736089527
3003541,3.0293314648968117
3005323,3.5997553894326018
3007105,4.415455687410234
3008887,6.403202851354187
3010669,2.91471156891464
3012451,4.002969709280609
3014233,3.5333152539362827
3016015,3.255819989330763
3017797,2.898030321523225
3019579,4.16061262003852
3021361,5.0509631455874535
3023143,3.493453666746679
3024925,3.1899132250758564
3026707,3.4580272651648443
3028489,4.048955114970309
3001760,0.5305572974429789
3003542,0.5721575594640727
3005324,0.48035170613298317
3007106,0.8202400885065468
3008888,0.8881071559611469
3010670,0.5351587482229407
3012452,0.5516002571365912
3014234,0.5146887713103774
3016016,0.5701354371930705
3017798,0.486914152388157
3019580,0.5966206955065492
3021362,0.798235522702323
3023144,0.5815870491998607
3024926,0.4952525800421246
3026708,0.5317086939057991
3028490,0.46071330491012236
3001761,21.18196550788621
3003543,16.55401630305808
3005325,25.29025027599057
3007107,26.384585533024534
3008889,23.810172607040716
3010671,19.07369728384233
3012453,20.364916774663055
3014235,16.25652970508957
3016017,15.243523368147759
3017799,16.631271824057634
3019581,27.256552625163238
3021363,22.602539897910287
3023145,22.142560882663915
3024927,24.423766844903405
3026709,27.032663456495705
3028491,44.88852296118605
3001762,21.517822214234286
3003544,14.26209400380955
3005326,11.807836288137713
3007108,23.336274962406545
3008890,19.99067560944925
3010672,16.51857221235942
3012454,13.083461154477451
3014236,14.209425073298284
3016018,13.306808462476004
3017800,15.739737146480966
3019582,21.180700739996702
3021364,26.776779258847828
3023146,16.663259184445103
3024928,14.654340752370892
3026710,11.295438392529796
3028492,20.702301472740565
3001763,0.0466562614985521
3003545,0.04480962100902993
3005327,0.06952575662709301
3007109,0.20774096330413072
3008891,0.21219541759215074
3010673,0.13245844844008678
3012455,0.12648348661722245
3014237,0.1368730854590518
3016019,0.17496104292578604
3017801,0.1744343931131957
3019583,0.18990398334538947
3021365,0.25111408990730744
3023147,0.1589869031455662
3024929,0.1551514521214431
3026711,0.16511860905429662
3028493,0.07557531255271982
3001764,182.58360051229107
3003546,180.78714114573017
3005328,180.2101926397526
3007110,337.87339028451413
3008892,292.3151247308731
3010674,212.45578430408608
3012456,213.9617541882983
3014238,206.3710722994523
3016020,179.53314616083628
3017802,172.2495496646511
3019584,264.29038029157385
3021366,323.7114877637582
3023148,246.43267876159908
3024930,254.68658957008094
3026712,205.5264794132011
3028494,219.40595423799266
3001765,0.03748430899349491
3003547,0.035353747484050645
3005329,0.027216389270813903
3007111,0.06268973574603616
3008893,0.0871371540528256
3010675,0.03741039766092194
3012457,0.035976157557508805
3014239,0.03974634411349227
3016021,0.035353747484050645
3017803,0.02330214640981892
3019585,0.05864032049619834
3021367,0.08299458108707065
3023149,0.03827221828318642
3024931,0.036836786695958176
3026713,0.026145314986893865
3028495,0.02184306951498595
3001766,8.402307137028723
3003548,0.06387338741934835
3005330,0.06961458298955324
3007112,0.07908057085952523
3008894,0.06789758601364793
3010676,0.06261671927305301
3012458,0.06261671927305301
3014240,0.06705637093962034
3016022,0.06387338741934835
3017804,0.06866674469628495
3019586,0.07812434428703052
3021368,0.06695126923617517
3023150,0.06349947985102407
3024932,0.06349947985102407
3026714,0.07658994602347668
3028496,0.05945764634870068
3001767,12.89615501648947
3003549,8.88026709427322
3005331,9.97143330315197
3007113,16.18194351823813
3008895,15.671840729157193
3010677,9.079415453517372
3012459,12.586784111289917
3014241,8.60361504991069
3016023,8.161367203509084
3017805,9.234972597255023
3019587,11.919870708949976
3021369,14.634393066428844
3023151,8.895097841569022
3024933,9.365787381839278
3026715,9.980584929557459
3028497,21.875621574096144
3001768,30.676149060018684
3003550,19.495176316167303
3005332,40.0792618799964
3007114,60.2468244396567
3008896,20.767271209856453
3010678,11.58035151454258
3012460,14.291999162106572
3014242,23.678512761703267
3016024,19.97986106109039
3017806,26.118031923932126
3019588,44.692568753955356
3021370,15.755696448501649
3023152,23.921411094961982
3024934,22.409099705058576
3026716,31.073343651554147
3028498,46.47273852688455
3001769,1.014742137366751
3003551,0.9609754280969449
3005333,0.7613959431107347
3007115,1.0033499620561197
3008897,1.4541823799046867
3010679,1.008025504733408
3012461,1.2119173285678246
3014243,0.9444179012859175
3016025,1.008396902430948
3017807,0.8547107878603155
3019589,1.489329032119998
3021371,1.2744999285619003
3023153,1.2061033736859912
3024935,1.0872746544131973
3026717,0.9086632709245006
3028499,2.96997997736382
3001770,222.25812752231255
3003552,382.86763670024
3005334,211.2284428418527
3007116,300.78126606200664
3008898,331.05766321007656
3010680,240.37909424187535
3012462,248.33732243057443
3014244,268.7646652423387
3016026,339.5387870503845
3017808,206.21815682988046
3019590,287.0583899860034
3021372,325.163735716287
3023154,208.71491560452793
3024936,171.72888725187417
3026718,260.8862857113384
3028500,334.6245363025202
3001771,170.99108528699998
3003553,188.63931622329488
3005335,174.43147025200233
3007117,243.76948273968424
3008899,305.49853792962085
3010681,221.3435322291631
3012463,211.9666889301641
3014245,205.69993949390144
3016027,171.0887952219838
3017809,172.4457630430234
3019591,279.77618873251396
3021373,332.6588394409684
3023155,232.8643752278891
3024937,251.91615848799776
3026719,191.76419569658842
3028501,194.04436146231134
3001772,0.822585280073524
3003554,0.8327911379856336
3005336,1.0423839392606284
3007118,1.492049619342898
3008900,1.4022242796852482
3010682,1.0837773178539236
3012464,1.2539453571599255
3014246,1.05753275880225
3016028,1.321168011265775
3017810,1.25091469306737
3019592,1.4173953017692522
3021374,2.327454165617086
3023156,1.3885740573791225
3024938,1.1532336974379467
3026720,1.4456913588884808
3028502,3.4898256660526137
3001773,3.4560045604120155
3003555,3.6898048112277815
3005337,2.964842374080098
3007119,4.294152072696003
3008901,6.254259821334683
3010683,4.1385963296403165
3012465,3.681923482570724
3014247,3.050928367307738
3016029,3.8873969294517847
3017811,3.213567993576018
3019593,5.8190581488159046
3021375,5.1701396508090625
3023157,3.0565496773330763
3024939,2.6292760697522133
3026721,2.9269308630256377
3028503,3.8255108061692127
3001774,176.05685949127084
3003556,201.50634993710005
3005338,233.1809364591572
3007120,176.47669410182527
3008902,219.10998411753664
3010684,167.76486463112826
3012466,193.23384581970646
3014248,220.53655685640308
3016030,186.0467428499779
3017812,290.25167698493595
3019594,178.74161337026925
3021376,277.02449804194833
3023158,200.40665079992118
3024940,271.13696175868057
3026722,237.3737728002545
3028504,213.55561253474303
3001775,23.868497825520482
3003557,22.1166764530795
3005339,30.432235479800152
3007121,32.18240201870646
3008903,29.406425875267715
3010685,23.812209286145876
3012467,22.463958573515388
3014249,22.27669331631623
3016031,17.890007379444963
3017813,25.93444124600191
3019595,32.987712754614925
3021377,34.26347158080556
3023159,29.074514496446852
3024941,32.59926774568834
3026723,27.444970087001824
3028505,29.309317553802263
3001776,1321.1569443740352
3003558,988.1793740562982
3005340,974.2135327118643
3007122,1341.0222257323762
3008904,1324.9302996922083
3010686,1130.2931705648468
3012468,1937.2820944953398
3014250,931.3740692051691
3016032,976.1016012550724
3017814,947.8692674229458
3019596,1358.893937273041
3021378,1367.3299569700591
3023160,1068.9742039226921
3024942,1926.0938391557318
3026724,958.8146368624629
3028506,1385.6477232300833
3001777,53.068288084313494
3003559,0.09780164201771624
3005341,0.05917137928921092
3007123,0.0659633356460039
3008905,0.0886702314238688
3010687,0.08493315183170855
3012469,0.08203644736554042
3014251,0.08177402124455359
3016033,0.09780164201771624
3017815,0.05513537085587974
3019597,0.061901446232813476
3021379,0.08452181661483953
3023161,0.10717246376640507
3024943,0.10421638171176803
3026725,0.06813412893792332
3028507,0.0932450774345557
3001778,0.6198407048007122
3003560,0.7661986654033262
3005342,0.6532858493364588
3007124,2.2249836425744176
3008906,0.8487260204037275
3010688,0.6735107466565575
3012470,0.5653290402370721
3014252,0.5382720679549065
3016034,0.577338075780301
3017816,0.4724078097774844
3019598,2.5161903613232344
3021380,0.794396522454458
3023162,0.7147808380692835
3024944,0.6753418110488478
3026726,0.485463574883792
3028508,2.0274379548055235
3001779,3.329623657734845
3003561,2.663211195564837
3005343,2.86470793821739
3007125,3.845701044998057
3008907,4.277596924002991
3010689,3.322362353752741
3012471,3.227988843953706
3014253,3.0755097348457587
3016035,3.1677980519595312
3017817,3.5231796682185186
3019599,5.058255560210623
3021381,4.651338036406919
3023163,2.761814492771593
3024945,2.8161382099608634
3026727,2.33342289146552
3028509,2.807037826931733
3001780,0.2827782000556916
3003562,0.23912974508987364
3005344,0.2766866208037965
3007126,0.35926812161850435
3008908,0.6188234056778321
3010690,0.3200604344534119
3012472,0.2688901209078421
3014254,0.2871588459844731
3016036,0.28707931340520254
3017818,0.20693820211636332
3019600,0.45434890810187545
3021382,0.44447192251355866
3023164,0.3708185497331988
3024946,0.31498230648626296
3026728,0.28490780022832574
3028510,0.25179871261733155
3001781,3.1392285200961814
3003563,2.6792513902753257
3005345,2.7282651686647217
3007127,2.819603769116893
3008909,3.055029506984119
3010691,1.8971569583834316
3012473,2.0605343992715484
3014255,2.545517352420939
3016037,1.475930639575274
3017819,1.3269042593415379
3019601,4.58403382982768
3021383,2.5639098027761116
3023165,1.6689446160046018
3024947,1.895593427505856
3026729,1.4051669207301352
3028511,1.506799442759076
3001782,1992.7404202286668
3003564,2130.6993784016095
3005346,2331.136679532355
3007128,3116.554735770061
3008910,3037.699611456479
3010692,2534.944851627199
3012474,2260.1620135051853
3014256,2048.4889104129334
3016038,2232.479926153974
3017820,2442.829557126096
3019602,3334.223109370043
3021384,3391.5718136846895
3023166,2621.0228383845647
3024948,2440.328753847457
3026730,2341.5410735151568
3028512,2576.325783140805
3001783,0.04673757104289664
3003565,0.04925627753952716
3005347,0.037318237058879815
3007129,0.025436928300349975
3008911,0.031051886196715433
3010693,0.04173183455105967
3012475,0.0412118290191501
3014257,0.04433729256198455
3016039,0.04925627753952716
3017821,0.036121501006664045
3019603,0.024253899507903534
3021385,0.02986237952476568
3023167,0.04696296728690379
3024949,0.04644035050911445
3026731,0.043616017749567026
3028513,0.04201883873465376
3001784,558.3958578126236
3003566,580.3605228905514
3005348,610.313286098069
3007130,696.1990872042921
3008912,734.3111258617583
3010694,667.4332165938979
3012476,697.1769450969366
3014258,587.3590396692749
3016040,558.3685212433161
3017822,649.2960106780398
3019604,788.4858007754195
3021386,902.8055297304884
3023168,722.9768237151739
3024950,642.1210618791054
3026732,623.9724773280416
3028514,606.7304171354908
3001785,7.12796371876925
3003567,6.2374993576842686
3005349,7.0472661643094465
3007131,10.567486318248665
3008913,7.237170800094985
3010695,5.423306693983529
3012477,5.814498472622436
3014259,5.467128566231056
3016041,6.721982015256534
3017823,8.223422391848105
3019605,10.38646547564923
3021387,8.504996202573038
3023169,7.778278961482753
3024951,6.897933844752149
3026733,7.901441852686469
3028515,9.202169501162349
3001786,696.8463300444862
3003568,816.5066900051486
3005350,940.8843233465897
3007132,942.5551123118131
3008914,977.3358731786278
3010696,973.9915683191489
3012478,827.6862085177328
3014260,700.5046689989389
3016042,723.6456141117264
3017824,1049.4713661294963
3019606,1043.6718457404265
3021388,1116.9107193744996
3023170,1037.7799521293878
3024952,868.4000010019815
3026734,792.7250787092456
3028516,872.4598679480869
3001787,647.32470848997
3003569,511.27450231590694
3005351,549.8638011788523
3007133,724.1015476218482
3008915,649.7416237041857
3010697,679.3709333251526
3012479,586.8138712707083
3014261,646.5620177140592
3016043,501.27920465349246
3017825,543.3725655228989
3019607,717.5625084369975
3021389,730.7504090370845
3023171,597.8877410339275
3024953,552.2623813452619
3026735,714.4381734920795
3028517,568.4106775398601
3001788,200.8734597657821
3003570,212.8869855902548
3005352,251.6543843148465
3007134,244.63966035146868
3008916,261.94074815326167
3010698,252.60474306442183
3012480,222.7716316677869
3014262,210.9226972895162
3016044,200.39333668951696
3017826,249.54920834151247
3019608,257.25077025584045
3021390,259.7032096935214
3023172,228.95283625388694
3024954,231.86313138125684
3026736,211.2615985441913
3028518,213.13385243671257
3001789,98.08303791218161
3003571,80.08216635758765
3005353,124.96901938372798
3007135,129.35529832170155
3008917,119.75598141644994
3010699,165.2417641705404
3012481,115.268158579832
3014263,79.89816560313304
3016045,71.15232590775038
3017827,106.86157220639058
3019609,121.03940438044904
3021391,160.73837299371425
3023173,149.36636635224568
3024955,124.06234599997042
3026737,110.41223916884081
3028519,98.77012442074589
3001790,48.401977481897944
3003572,49.31863756538371
3005354,66.78449160013395
3007136,111.29687210919988
3008918,63.232298523932755
3010700,55.40533211708077
3012482,55.99074335393935
3014264,54.26345401908621
3016046,57.87028674196644
3017828,68.67257334122141
3019610,104.23354460497369
3021392,74.40840512990418
3023174,52.76593206306889
3024956,55.065671240710614
3026738,60.37780689560786
3028520,62.118789654099864
3001791,3419.010865672821
3003573,3545.8541275262046
3005355,3935.1004978543883
3007137,4817.755253057724
3008919,4657.719529242169
3010701,4164.80918903951
3012483,3764.943468982851
3014265,3459.5179877705573
3016047,3710.1165688293245
3017829,4030.4622127990174
3019611,5388.336604174642
3021393,5174.387650727143
3023175,4234.176540578714
3024957,4177.610365086407
3026739,3670.966062633939
3028521,4179.233902762405
3001792,5.200543146144437
3003574,5.717761663319296
3005356,5.8788486939181395
3007138,8.706369692485307
3008920,9.653004442188283
3010702,6.231345432075218
3012484,6.616765458251618
3014266,6.194897501428448
3016048,5.862806144804415
3017830,5.49993467935036
3019612,10.425414686953227
3021394,9.304127930855483
3023176,6.58142720135135
3024958,6.903127776443715
3026740,5.5269505065337174
3028522,6.382110650443403
3001793,2.2475309145285536
3003575,2.1951888780642035
3005357,2.288789812681778
3007139,3.835677744676941
3008921,2.775763776994029
3010703,1.9282182260851388
3012485,1.7120163638227277
3014267,1.5468047046442184
3016049,1.6555352489147288
3017831,1.7916163740922397
3019613,3.4164680017596956
3021395,2.9120976308087525
3023177,1.914580654639892
3024959,2.1132910404412026
3026741,1.9654297758093806
3028523,1.5413057517928737
3001794,28.27593862916837
3003576,26.2529407789426
3005358,32.27953595919895
3007140,36.873282563296634
3008922,33.30373696088481
3010704,23.35066241769429
3012486,24.31575131379898
3014268,25.620846959920172
3016050,19.756372836570204
3017832,27.225318608033128
3019614,32.19637970239066
3021396,28.18891445481812
3023178,18.434970954967653
3024960,19.67467984986245
3026742,20.77396193850996
3028524,18.30192217671195
3001795,37.130542394608156
3003577,33.73412663751315
3005359,34.54906527510884
3007141,48.06227076778452
3008923,48.62228174410241
3010705,37.64595091241901
3012487,39.57263023057989
3014269,32.867584937685926
3016051,32.14887854716665
3017833,34.204039319373216
3019615,44.596246974767794
3021397,39.97682043667299
3023179,32.36070424659948
3024961,28.32645383295251
3026743,30.654802833651242
3028525,34.65972840617
3001796,0.1364686351434629
3003578,0.13754452587237842
3005360,0.1845269426040549
3007142,0.2878884050445928
3008924,0.2938196465693564
3010706,0.21200605847481202
3012488,0.19156908231919575
3014270,0.19246541465277867
3016052,0.17813633274578802
3017834,0.1308909481641343
3019616,0.13349827026811092
3021398,0.14358441342697043
3023180,0.14291523755972554
3024962,0.13953624894348923
3026744,0.16762201654407324
3028526,0.1296981025818495
3001797,191.57913949771657
3003579,202.187013611333
3005361,200.37421354789254
3007143,263.12597107095263
3008925,229.26225265700072
3010707,229.51668068108128
3012489,220.37837422225132
3014271,171.88596237034082
3016053,190.8195987486143
3017835,205.7188765776009
3019617,258.2364436931934
3021399,243.21742078910626
3023181,198.73532952739987
3024963,208.35118787165766
3026745,189.53692248628485
3028527,205.1683580617582
3001798,2.1726212371554303
3003580,2.0868694378230273
3005362,2.0036401371616326
3007144,2.5254561701994724
3008926,3.0900483645907535
3010708,1.9269959565777466
3012490,1.5570538767880646
3014272,0.9488476176097642
3016054,0.8742250138229484
3017836,1.3165346005571141
3019618,2.155504822954792
3021400,2.8929959679986643
3023182,1.995360897689885
3024964,1.5926665055544942
3026746,1.5028057646650863
3028528,1.5412834725767097
3001799,31.10981145040317
3003581,5.129046053478631
3005363,5.539586408857094
3007145,9.51269578335255
3008927,6.130854856340006
3010709,4.6085807090840145
3012491,7.127614608660837
3014273,3.8687186994387117
3016055,4.039332070825542
3017837,4.868014230432929
3019619,7.771453381647834
3021401,5.220724117563022
3023183,3.1545971180877563
3024965,4.581408533016346
3026747,3.200375570063085
3028529,3.5378098746369435
3001800,12.25824088552074
3003582,2.455674914593978
3005364,2.8685877086184797
3007146,4.791484964595568
3008928,3.827927530525902
3010710,3.44841638563771
3012492,3.3586279362734786
3014274,2.923302654460509
3016056,3.0789851706939757
3017838,2.9740424335415305
3019620,4.8796083732830615
3021402,5.022999271880964
3023184,2.9922120170198974
3024966,3.0566712932912337
3026748,3.6022377707763873
3028530,3.611331065756241
3001801,38.48975975459503
3003583,33.46017152879245
3005365,56.004523744804295
3007147,72.60755234101471
3008929,40.64840019612238
3010711,20.612876271472274
3012493,27.52519480945125
3014275,33.9973645561707
3016057,33.85468124662516
3017839,43.552939601287065
3019621,70.17600646315941
3021403,37.93223339846136
3023185,20.14874096853422
3024967,15.640641197150217
3026749,20.29514033144947
3028531,27.546402975830038
3001802,1.5681111148553253
3003584,1.8552487031539964
3005366,2.5666318985394043
3007148,3.432010759767288
3008930,2.014775351058706
3010712,1.6041385919526427
3012494,1.592127615117755
3014276,1.3716848107043162
3016058,1.7837900850265545
3017840,1.9077600653364892
3019622,2.168563236072172
3021404,2.215630719376905
3023186,1.460510039402355
3024968,1.318147220463941
3026750,2.010905579525215
3028532,1.9173729063086182
3001803,159.159677268042
3003585,255.8299509710804
3005367,176.84860644204915
3007149,190.22999568822883
3008931,186.37383368021239
3010713,167.51224133531622
3012495,171.04569688847502
3014277,193.65619557795299
3016059,243.56724383792033
3017841,164.95392894339875
3019623,191.661893372093
3021405,194.04150665218782
3023187,167.85129403487466
3024969,166.63102506134533
3026751,170.64552002073378
3028533,237.55907907228217
3001804,242.11230361369374
3003586,234.6072409529026
3005368,246.15139378593534
3007150,291.884606303249
3008932,278.1230478919763
3010714,291.6766814766325
3012496,259.0777159152162
3014278,223.77084498820545
3016060,223.6640015741749
3017842,236.11356305970978
3019624,320.7874666825317
3021406,292.8351585976858
3023188,306.0257858229406
3024970,271.7928956764443
3026752,249.27985363373176
3028534,240.7732680962256
3001805,2.2894639733735245
3003587,2.717025019102419
3005369,3.0412890063523994
3007151,4.293269751578825
3008933,3.0632975331428973
3010715,3.3552339146801406
3012497,2.885154860616986
3014279,2.34299782217434
3016061,2.8523598632715603
3017843,2.383664069677252
3019625,3.289822102282704
3021407,3.3776398703307393
3023189,1.9658001534730665
3024971,2.009883017924461
3026753,2.6840632196316587
3028535,2.314951218643729
3001806,4.630964344664682
3003588,4.435972411774072
3005370,5.3397039388381735
3007152,6.862630223572067
3008934,9.630214011520533
3010716,6.856039524442339
3012498,5.663464119278719
3014280,5.101468265008645
3016062,5.293978120905051
3017844,4.997332355782609
3019626,7.765374805716881
3021408,7.799727346589657
3023190,5.3651377211283044
3024972,4.44511859618916
3026754,4.784055795228227
3028536,6.116457496514875
3001807,136.0832122999322
3003589,142.7881650135336
3005371,179.92085195498882
3007153,160.26238456733657
3008935,150.70853445247437
3010717,151.0756275182951
3012499,152.21351119350828
3014281,159.50012737858427
3016063,133.55242705069486
3017845,193.67235931828375
3019627,159.17803177440973
3021409,167.64185549628303
3023191,145.30338048824498
3024973,151.42599879298993
3026755,155.1198421862606
3028537,137.9381665820922
3001808,28.395285202849056
3003590,34.970147169311154
3005372,36.44223897211978
3007154,39.46082831427678
3008936,37.37536683650223
3010718,29.200498200000165
3012500,25.28200151427853
3014282,24.16795361378909
3016064,21.644244462437836
3017846,24.655708539048312
3019628,29.073343212640683
3021410,29.052718496914498
3023192,29.5874780622613
3024974,29.245280055487214
3026756,23.83327392830306
3028538,26.084025758717544
3001809,755.2257978238739
3003591,573.8810817153536
3005373,591.4297061165848
3007155,659.2202300818659
3008937,613.2613422631206
3010719,576.7226429141513
3012501,1035.3468172326325
3014283,520.5806729118997
3016065,547.2829278987938
3017847,618.2742216708984
3019629,646.5849021551302
3021411,637.9216385840318
3023193,597.8325307541111
3024975,1116.9922306012734
3026757,586.1180908008972
3028539,560.0539911821019
3001810,72.65354028614907
3003592,2.0122696238986455
3005374,1.629716318495781
3007156,3.211638781436818
3008938,3.6988897745819163
3010720,2.3705170031228895
3012502,2.4383641571517667
3014284,2.093932190899054
3016066,1.8305798542607974
3017848,1.8678824967407976
3019630,2.969873172970064
3021412,4.686931928718752
3023194,3.0639779883940816
3024976,2.7115138899436
3026758,2.3875517261292485
3028540,2.3022227507653183
3001811,2.7656324540557917
3003593,2.6161274614534245
3005375,2.442258996097682
3007157,5.400611937321715
3008939,4.137330986591966
3010721,3.643079148203184
3012503,2.555735112352279
3014285,2.3886890675146866
3016067,1.9160684747292716
3017849,1.9474059164398523
3019631,4.12832047991358
3021413,3.3108233653857733
3023195,1.6353705909834715
3024977,1.4187430315336464
3026759,2.16649568466624
3028541,1.9163590722884352
3001812,2.7291375861031772
3003594,2.8361957789749055
3005376,2.1126144379075673
3007158,4.698303921368614
3008940,4.724705002301182
3010722,3.332158842135051
3012504,3.0183617355418813
3014286,3.500078262433137
3016068,2.829139531223408
3017850,3.189139046702807
3019632,4.90766606845006
3021414,5.318365041807353
3023196,3.0153111763409886
3024978,2.8476996067179057
3026760,2.3371229908292745
3028542,2.859295675378686
3001813,0.015687674351121925
3003595,0.01537410236017929
3005377,0.0
3007159,0.007132910698700147
3008941,0.026798161345958655
3010723,0.01039841840315228
3012505,0.01039841840315228
3014287,0.006184815907559143
3016069,0.01537410236017929
3017851,0.0
3019633,0.007835385117215104
3021415,0.027514352261439046
3023197,0.01923015974886025
3024979,0.01923015974886025
3026761,0.0007987304680846533
3028543,0.014734641145021496
3001814,3.1883665388243143
3003596,0.08979115739607618
3005378,0.0930912453705779
3007160,0.180336757275999
3008942,0.4302588566100979
3010724,0.1951584534615397
3012506,0.2810888625109569
3014288,0.2464312038568124
3016070,0.23627719636887382
3017852,0.2690961646716907
3019634,0.49090122884483883
3021416,0.5026263305903256
3023198,1.008512415046313
3024980,0.27822006528472093
3026762,0.2192948443517461
3028544,1.0007085336642056
3001815,1178.1103524138257
3003597,1162.8178834370383
3005379,1172.941615420348
3007161,1708.9115720713194
3008943,1720.0103371737848
3010725,1616.1735077954522
3012507,1312.9730748918528
3014289,1267.8084387101876
3016071,1218.075714459105
3017853,1305.7131503503729
3019635,1799.4412852436942
3021417,1838.5236049854282
3023199,1585.8339503972245
3024981,1340.740877322964
3026763,1204.362679536134
3028545,1444.9169827967928
3001816,0.0
3003598,0.0
3005380,0.0
3007162,0.0
3008944,0.0
3010726,0.0
3012508,0.0
3014290,0.0
3016072,0.0
3017854,0.0
3019636,0.0
3021418,0.0
3023200,0.0
3024982,0.0
3026764,0.0
3028546,0.0
3001817,87.99850122468334
3003599,81.6077303459974
3005381,93.40855548373584
3007163,114.92543736760537
3008945,157.94293754083
3010727,99.3736596778578
3012509,113.73961246587353
3014291,91.41738099721027
3016073,72.61997697169981
3017855,87.8672587287461
3019637,104.96677833918706
3021419,157.78198303321906
3023201,102.86342997133056
3024983,155.7358517786673
3026765,99.28532595740862
3028547,93.77920431975419
3001818,2.295558871484044
3003600,2.8401981879495555
3005382,3.134534956405889
3007164,4.347781168929726
3008946,3.6191591516987085
3010728,2.411458951715123
3012510,1.9775243757132803
3014292,2.9363179033358984
3016074,2.493204459427219
3017856,2.431197263840667
3019638,3.0640899240002586
3021420,2.2805180952990853
3023202,1.7352558573963464
3024984,1.750954569869429
3026766,1.5684196900733336
3028548,1.652440114899692
3001819,416.4169773979289
3003601,348.0597686276439
3005383,433.0736160924681
3007165,560.5416211174314
3008947,665.7983123347484
3010729,536.761961922043
3012511,420.32937221330616
3014293,472.6652087806232
3016075,347.817393667926
3017857,381.60219551451974
3019639,561.9309482618607
3021421,614.568014630105
3023203,522.1085270842765
3024985,422.7256273674836
3026767,413.4552409260317
3028549,441.6915830517073
3001820,186.78878496034204
3003602,154.3420606191218
3005384,128.96374802217701
3007166,214.27471937528037
3008948,267.58327987047915
3010730,200.5831649484093
3012512,161.89732227513548
3014294,193.95376573714927
3016076,131.77674545154682
3017858,140.5282856557635
3019640,216.26375484456025
3021422,236.23766123890357
3023204,185.2091536768859
3024986,164.9140167518802
3026768,186.68946969440196
3028550,146.7717050513152
3001821,86.55253715532781
3003603,81.80143329137226
3005385,98.18820251752177
3007167,103.95092062734484
3008949,114.13513894049973
3010731,96.20921155535623
3012513,75.09453858655341
3014295,84.69135861642181
3016077,65.19355704278561
3017859,95.83540878028788
3019641,106.91454047490072
3021423,112.73924459722859
3023205,99.95478394922073
3024987,92.7294071192035
3026769,76.2192353507556
3028551,77.91079972453274
3001822,104.8559869281924
3003604,85.30800137325247
3005386,117.07997845731832
3007168,143.11982526260198
3008950,177.7507398783731
3010732,223.3384837828175
3012514,98.01659010302353
3014296,107.02624026953167
3016078,101.83885556048672
3017860,98.70176824408038
3019642,158.84640844211287
3021424,175.95219514786467
3023206,251.13120558254386
3024988,100.50303039079822
3026770,131.33255915322474
3028552,91.91087177302661
3001823,29.12867053588876
3003605,29.16110178250824
3005387,32.18566409260973
3007169,69.2560943631697
3008951,50.386314961936705
3010733,30.79633477595741
3012515,27.577309340520028
3014297,27.249838286812857
3016079,28.21410682769288
3017861,35.09873317642729
3019643,79.11254390915676
3021425,47.90403850958262
3023207,32.348521777086525
3024989,40.24255272539426
3026771,38.38874279116279
3028553,32.67066936851121
3001824,1747.499589407944
3003606,1557.335915656702
3005388,1626.0611497690838
3007170,2233.7816410934065
3008952,2790.145904667194
3010734,2195.0123570716323
3012516,1923.5861459113605
3014298,1934.6986295359582
3016080,1670.7030669248206
3017862,1679.5138625063194
3019644,2228.0052100116272
3021426,2594.0359538546227
3023208,2268.57212008195
3024990,2102.2336727472352
3026772,1645.0776239799302
3028554,1988.4360316643963
3001825,3.4386417719446216
3003607,3.939261187585088
3005389,6.194422570542734
3007171,8.648063374143172
3008953,12.035824865863908
3010735,6.113720950231327
3012517,4.321594118465461
3014299,4.934059846744705
3016081,4.8629842557259115
3017863,4.8956575316718745
3019645,8.063039533485664
3021427,10.406224444123302
3023209,3.7851246392579716
3024991,3.2804364727930198
3026773,3.0672083045712855
3028555,3.1669227757325595
3001826,0.35556958428027824
3003608,0.36675791268151975
3005390,0.33968991242492275
3007172,0.43581087971494104
3008954,0.4897767851849548
3010736,0.31019495928115914
3012518,0.30418433504449477
3014300,0.3139189859039736
3016082,0.32480870184360383
3017864,0.33763043755068245
3019646,0.6196557859915464
3021428,0.6363547834431984
3023210,0.4688158563871104
3024992,0.4306230676695241
3026774,0.4623041572180797
3028556,0.43873975395463477
3001827,7.938297543858246
3003609,8.757747769518181
3005391,6.719278514141277
3007173,10.719157987772201
3008955,13.208417333846786
3010737,7.267514173828321
3012519,5.907305303749197
3014301,6.441313824730223
3016083,5.718501792431381
3017865,6.465514800519768
3019647,13.302071849527008
3021429,9.780348030678784
3023211,8.02104224034563
3024993,5.173839621831587
3026775,4.883331806026497
3028557,8.792709613729592
3001828,14.185408991994693
3003610,5.96996701162642
3005392,7.500076291003259
3007174,9.014871639657553
3008956,11.908650325914012
3010738,6.484207334115626
3012520,4.8918599978281065
3014302,5.472652747875987
3016084,4.4666301501947965
3017866,4.182037962228018
3019648,7.913006690928153
3021430,9.943818968009174
3023212,5.002041726545427
3024994,4.156162244633611
3026776,3.7233861408126128
3028558,3.8686794934733904
3001829,0.014023988523840496
3003611,0.03220341340271494
3005393,0.028443958806808903
3007175,0.12384156615313288
3008957,0.13994663823155493
3010739,0.09497674076679931
3012521,0.04936020091928061
3014303,0.04839319975487273
3016085,0.03495299263381349
3017867,0.013624811919798379
3019649,0.03836950526234183
3021431,0.05836108792094536
3023213,0.017271484454538764
3024995,0.015960016992629077
3026777,0.043685392090158405
3028559,0.03530431579273946
3001830,97.03305160682294
3003612,81.35763633227326
3005394,85.14420468796527
3007176,117.16632631535963
3008958,142.4435563044577
3010740,106.76701503805697
3012522,112.0404255541734
3014304,96.7042645852407
3016086,85.9172964506786
3017868,77.00408322792433
3019650,108.73604558487666
3021432,114.17740898041025
3023214,99.3669036950458
3024996,89.18088366830985
3026778,77.24570050553619
3028560,91.352034707589
3001831,0.0
3003613,0.0
3005395,0.0
3007177,0.0
3008959,0.011296789950207647
3010741,0.0
3012523,0.0
3014305,0.0
3016087,0.0
3017869,0.0
3019651,0.0
3021433,0.006401529039478032
3023215,0.0
3024997,0.0
3026779,0.0
3028561,0.0
3001832,6.926494463793759
3003614,0.009030797939647216
3005396,0.014938817733609262
3007178,0.027553263116909036
3008960,0.016185240981299694
3010742,0.00783891093749402
3012524,0.00783891093749402
3014306,0.012049698909695435
3016088,0.009030797939647216
3017870,0.01403943033550211
3019652,0.026642697435920615
3021434,0.015284749066011715
3023216,0.008676165277073437
3024998,0.008676165277073437
3026780,0.021091818947509094
3028562,0.00839533160395647
3001833,8.796408497636254
3003615,0.4694552615681282
3005397,0.4518054200800111
3007179,0.4322782660657135
3008961,0.45968044994559776
3010743,0.6725400018158494
3012525,0.5558507627340994
3014307,0.3609017520503635
3016089,0.35399373563909514
3017871,0.39236796380669503
3019653,0.5530905180664385
3021435,0.5837333525343713
3023217,0.4540541657511603
3024999,0.41506661289355007
3026781,0.3893782705645874
3028563,0.38727006540637393
3001834,35.13964726032675
3003616,22.126928630394694
3005398,29.207481369897817
3007180,68.01874760385041
3008962,34.93399227830361
3010744,16.53385872881567
3012526,22.253621882016652
3014308,16.135136199234665
3016090,22.21161405343274
3017872,36.194199931151225
3019654,77.93796546870546
3021436,27.596566054601585
3023218,14.995629558481506
3025000,13.413189706566216
3026782,19.55516835502412
3028564,32.03912393241179
3001835,0.4104418313985668
3003617,0.3687450303922324
3005399,0.505259117262165
3007181,0.4975394182902648
3008963,0.41851440658675576
3010745,0.3313018573478111
3012527,0.5586012125354824
3014309,0.30313519991291965
3016091,0.22210440395631037
3017873,0.3028390612652141
3019655,0.39728117963895465
3021437,0.7004755850111697
3023219,0.6598961901077831
3025001,0.6647073510201802
3026783,0.5557939482497352
3028565,0.637426535027275
3001836,173.3419630009153
3003618,297.10003015480874
3005400,147.16274251385866
3007182,161.14872685622223
3008964,227.14647916263826
3010746,187.4101120603173
3012528,180.7156389737384
3014310,171.99886897597915
3016092,287.28139181790357
3017874,139.90747414025003
3019656,190.58145623423815
3021438,215.48526512939745
3023220,171.71300541695484
3025002,190.10235473335214
3026784,127.24777790380153
3028566,290.619516823047
3001837,82.13656630891028
3003619,69.19283303379784
3005401,71.37247237355675
3007183,116.61759475249069
3008965,147.59108630994177
3010747,105.05875783818308
3012529,100.69317041031113
3014311,90.36644049103506
3016093,70.98290050456094
3017875,76.66023671272453
3019657,109.7658397806771
3021439,110.68801237280516
3023221,91.6158591299929
3025003,84.7914952556507
3026785,73.04892285104799
3028567,73.7475071893542
3001838,0.7515994916522191
3003620,0.7139606554394842
3005402,0.5700185082292102
3007184,0.7275448258824944
3008966,0.7872227926637234
3010748,0.7958391130265545
3012530,0.5780297406660075
3014312,0.6631445089201238
3016094,0.6429732183352308
3017876,0.5907019781581242
3019658,0.9360852770551795
3021440,1.2049169872480046
3023222,0.5902672378423734
3025004,0.5689821732550597
3026786,0.3981710007531836
3028568,0.48772208504348963
3001839,1.2783043935271392
3003621,0.8482246328376508
3005403,0.7345468844171235
3007185,0.8805543542994714
3008967,1.3640195043470418
3010749,1.127771289252788
3012531,1.1361059943108014
3014313,1.2162201799900587
3016095,1.2276128218731035
3017877,1.2646609102600719
3019659,1.37915436095619
3021441,1.2132918947997116
3023223,1.1076124496792752
3025005,1.8903692499257456
3026787,0.7884292403271973
3028569,0.9419639005719309
3001840,38.72118070565844
3003622,49.78575855239464
3005404,59.57901440282326
3007186,55.87826496629688
3008968,77.36300052722386
3010750,52.66242937330457
3012532,52.359557724668434
3014314,44.237644855876724
3016096,48.08659656860889
3017878,70.61325009247442
3019660,60.94223041065252
3021442,74.87582597499626
3023224,55.32836462878837
3025006,46.14632106884027
3026788,36.33169345126912
3028570,64.62287356056211
3001841,17.80324646222187
3003623,15.973708427195113
3005405,17.97880531632039
3007187,23.519544308838036
3008969,29.02433863560456
3010751,18.464176954219763
3012533,15.89835697655107
3014315,15.246737742868657
3016097,13.660791236547583
3017879,17.3691409643441
3019661,19.47377147978243
3021443,22.830854415331217
3023225,19.000304306871865
3025007,17.29252885697442
3026789,14.599144571148031
3028571,15.026316268505497
3001842,420.6098305855874
3003624,308.66833337507023
3005406,309.983808244122
3007188,391.9696692471285
3008970,392.3029455061528
3010752,347.5426210697469
3012534,608.0235197237005
3014316,336.3483169038358
3016098,336.67790527823377
3017880,280.725952466205
3019662,343.8485001336552
3021444,414.9323235496321
3023226,326.3144518227415
3025008,617.4544870913923
3026790,321.97428554057245
3028572,357.9296605559396
3001843,47.088546870517646
3003625,0.09217864643454153
3005407,0.05189077797614677
3007189,0.09806374528624946
3008971,0.06112785133757007
3010753,0.044456190133774366
3012535,0.07625149305738327
3014317,0.07818274733697246
3016099,0.09336392796017925
3017881,0.05954605769135237
3019663,0.09387953617432596
3021445,0.12320427356216916
3023227,0.09675777759849152
3025009,0.0644916768738028
3026791,0.03122773634961417
3028573,0.060747182554274574
3001844,0.2203488998453766
3003626,0.24721621568462826
3005408,0.48353959163740073
3007190,1.7879850136129676
3008972,0.4732554178862269
3010754,0.4036116029894019
3012536,0.3723051974771285
3014318,0.5741770251522622
3016100,0.5351866760338904
3017882,0.25681821821977685
3019664,0.28487621236093214
3021446,0.7674451650813026
3023228,0.48309855188496115
3025010,0.676625952606267
3026792,0.9041508602095396
3028574,0.6846533279998441
3001845,3.824494529032429
3003627,4.280862167940086
3005409,3.9789189435128547
3007191,5.903301879704145
3008973,6.312711595773873
3010755,4.346941212318635
3012537,3.8070385902385206
3014319,3.5630210745539443
3016101,3.613389724360789
3017883,4.835610787950604
3019665,6.3659250070181645
3021447,6.80169701503857
3023229,4.020891236249414
3025011,3.9490139419955197
3026793,6.014996102815013
3028575,4.146582578037525
3001846,0.05040199581091523
3003628,0.05718112044846616
3005410,0.039806505137865385
3007192,0.026996097092166202
3008974,0.04880519665389583
3010756,0.05211878516240298
3012538,0.05211878516240298
3014320,0.04761970078159158
3016102,0.05718112044846616
3017884,0.04052558498041151
3019666,0.027706317876652047
3021448,0.049530499555873186
3023230,0.058792790213399365
3025012,0.058792790213399365
3026794,0.03952910705316017
3028576,0.05329337366520975
3001847,4.073762163581371
3003629,1.573180035793171
3005411,0.6570005031977753
3007193,0.8154361380380457
3008975,0.9385155573888542
3010757,0.5806890760220083
3012539,0.6493898593761707
3014321,0.7040554016247373
3016103,0.7914699577237869
3017885,0.5975256004996556
3019667,2.436089432808363
3021449,0.8915922785909245
3023231,0.8204676366604668
3025013,0.8943578960223821
3026795,1.5993081394601636
3028577,0.6699838433056109
3001848,2687.9546727835773
3003630,2891.093726864353
3005412,2865.5914325568515
3007194,3527.2702564333063
3008976,3970.9856686335243
3010758,3592.9395522843565
3012540,3319.144151817841
3014322,3019.8599959681565
3016104,3075.5462930129443
3017886,3610.855765230412
3019668,4216.469730035354
3021450,4834.349803371599
3023232,3557.3008546528185
3025014,3835.0468084420995
3026796,4231.782053958333
3028578,3247.2272626819367
3001849,0.007130788653854755
3003631,0.013630647917096733
3005413,0.0020229606591660437
3007195,0.0
3008977,0.006695385921645123
3010759,0.0068929631288204805
3012541,0.0068929631288204805
3014323,0.007721763228350592
3016105,0.013630647917096733
3017887,0.0027159112314293497
3019669,0.0
3021451,0.007391567717030659
3023233,0.0100034558463003
3025015,0.0100034558463003
3026797,0.0037679171182005747
3028579,0.009903056481129645
3001850,384.36841251999357
3003632,458.72724743580636
3005414,424.35458668631605
3007196,548.5269328485242
3008978,655.3556828218119
3010760,538.0556672769574
3012542,548.6322975220421
3014324,435.33877539746436
3016106,409.82948932004683
3017888,481.10057492279304
3019670,545.6047988180625
3021452,755.5431598044908
3023234,515.681751215372
3025016,554.4848790541839
3026798,490.43125109448374
3028580,464.07065757628163
3001851,5.291507410764415
3003633,6.943163968729611
3005415,6.864940672851709
3007197,13.08451317140773
3008979,6.826950687532714
3010761,6.19698615494615
3012543,6.0291010961895815
3014325,6.343127423491489
3016107,7.023274546202634
3017889,9.197918864307235
3019671,14.367121241946437
3021453,9.112035705415083
3023235,6.627088810892708
3025017,7.262339652406029
3026799,11.021068677186383
3028581,9.668827740947023
3001852,757.4686767209187
3003634,832.6916379472509
3005416,799.0725400257791
3007198,1114.633242886975
3008980,1103.0045616207708
3010762,864.5448303260865
3012544,924.0633501410147
3014326,789.3934077186096
3016108,708.0836548947658
3017890,880.277938950755
3019672,1212.3318174988362
3021454,1229.8606496140897
3023236,843.4995299535382
3025018,1009.4069329693618
3026800,928.2687128249146
3028582,768.2317625357208
3001853,578.0026080317753
3003635,466.5788833699018
3005417,473.3128342041204
3007199,642.8891873038905
3008981,811.7578885652778
3010763,601.0566515121369
3012545,669.2843700166309
3014327,617.356707912201
3016109,434.9192963754426
3017891,469.4401381802986
3019673,606.428937317371
3021455,770.8592912930402
3023237,535.6116188601396
3025019,650.5108217098661
3026801,635.7062731707248
3028583,488.11339853633274
3001854,186.43682036629872
3003636,164.77351046750272
3005418,212.07716787243223
3007200,225.55057963203456
3008982,266.0503649347447
3010764,205.00514912833083
3012546,215.10691181740498
3014328,206.46765415191348
3016110,169.08101952840286
3017892,225.98277338416787
3019674,239.0338143803386
3021456,276.9456399855042
3023238,191.9575894485686
3025020,234.58976526273682
3026802,211.3852709792393
3028584,186.62107904115817
3001855,98.65712453646304
3003637,136.1852533321023
3005419,103.93832981225714
3007201,125.39294825538694
3008983,155.16825367562302
3010765,175.0344048137521
3012547,128.46056001865287
3014329,98.20608336366372
3016111,152.94006928758006
3017893,112.593956017686
3019675,164.00011775665658
3021457,145.16504586062825
3023239,189.10689996704144
3025021,153.66633720319228
3026803,111.4526230331037
3028585,159.91987897762982
3001856,60.83287892921619
3003638,50.28390393513722
3005420,80.94487287328928
3007202,142.69356834679417
3008984,87.17350757555967
3010766,53.37535043969918
3012548,58.3662009728785
3014330,60.61539266272684
3016112,52.61765889452513
3017894,83.4191525996318
3019676,154.42045894031318
3021458,85.83184761258178
3023240,57.2612192586754
3025022,72.73070293866337
3026804,88.8813939975282
3028586,62.94830272253571
3001857,3368.0391043945165
3003639,3615.2345763312633
3005421,3326.236152862203
3007203,4107.793712952641
3008985,4632.972407670034
3010767,4046.388323433082
3012549,4068.1814729922917
3014331,3314.2572587871095
3016113,3384.7573172536386
3017895,3718.211735887855
3019677,4773.78967003743
3021459,5056.489853115706
3023241,3972.419445284924
3025023,4552.744878838505
3026805,4266.668880928634
3028587,3566.2221880579555
3001858,4.697120649611511
3003640,6.156905605998174
3005422,7.64747072991991
3007204,11.61577359980064
3008986,10.305578124387745
3010768,6.122055993802067
3012550,5.937623896913088
3014332,5.944678767364066
3016114,5.182926731750825
3017896,6.761089238946465
3019678,9.595292594464288
3021460,11.49663918435852
3023242,5.446421399113624
3025024,8.769441586220939
3026806,11.706010095999705
3028588,7.057849165036346
3001859,0.2785808532585249
3003641,0.2817669444441739
3005423,0.3489693203972332
3007205,0.2849115669243216
3008987,0.3882659350797713
3010769,0.3266837653071843
3012551,0.2723867033843641
3014333,0.4676578514203156
3016115,0.41892746676376486
3017897,0.39818847166985905
3019679,0.5658364783746292
3021461,0.5532157245911227
3023243,0.4784727274888443
3025025,0.4756661026930555
3026807,0.4079217580049693
3028589,0.42941817193505777
3001860,18.43389597232022
3003642,12.139739867336443
3005424,17.78892774384837
3007206,20.743920311311864
3008988,17.86574997497305
3010770,16.974187675928018
3012552,15.867556842970288
3014334,15.523017505306445
3016116,19.066858909537423
3017898,18.529766849672068
3019680,26.288962484193746
3021462,23.871085701763036
3023244,24.97687333938534
3025026,16.657831935902152
3026808,43.507789622532
3028590,19.61234009906141
3001861,17.547552497166926
3003643,11.469104648819025
3005425,14.404740237166676
3007207,12.073435725275521
3008989,15.025631188188019
3010771,12.717284261976305
3012553,13.793017339935
3014335,10.781567689594802
3016117,11.930800315391684
3017899,11.965492068428944
3019681,14.76896068247469
3021463,16.435023654354524
3023245,9.696756548370143
3025027,10.108304122891965
3026809,15.535023228690054
3028591,10.782865512916729
3001862,0.20072839504732082
3003644,0.19116162515657678
3005426,0.21256427762970376
3007208,0.26906700191515964
3008990,0.27345742681687446
3010772,0.21657297330307204
3012554,0.2150045661532528
3014336,0.13526701388848406
3016118,0.09664577070087682
3017900,0.09471755267461394
3019682,0.0881362865754948
3021464,0.10912608494516599
3023246,0.1388438179462229
3025028,0.11650996106956568
3026810,0.1050831810910854
3028592,0.09261289403958582
3001863,183.96248554148656
3003645,205.14423153261689
3005427,202.62721471881105
3007209,246.89353337758192
3008991,260.8440161278683
3010773,237.50227217307554
3012555,220.73066857590754
3014337,199.46061994919273
3016119,200.86627366614735
3017901,209.42083963516856
3019683,257.8173592715071
3021465,300.35862388469053
3023247,212.86345637666972
3025029,242.10794343287233
3026811,221.0449972566581
3028593,183.12386530088403
3001864,0.06022846966581358
3003646,0.06707101277674485
3005428,0.05607306459797377
3007210,0.06833829438369321
3008992,0.08699056701637137
3010774,0.06321361123475505
3012556,0.06321361123475505
3014338,0.06795340211475118
3016120,0.06707101277674485
3017902,0.05204260956355617
3019684,0.06426102965514055
3021466,0.08284211673384917
3023248,0.06419906879163474
3025030,0.06419906879163474
3026812,0.04603166862093395
3028594,0.06000625365118064
3001865,28.03630770636992
3003647,16.492863571637127
3005429,24.849084571433817
3007211,31.489999543401417
3008993,14.819750244442355
3010775,10.17885394177061
3012557,18.053245903087902
3014339,14.900047393391448
3016121,16.171626752147116
3017903,18.460951467829478
3019685,27.445297198896274
3021467,25.346521207393035
3023249,8.800555251644303
3025031,18.80976265853299
3026813,25.708513054166463
3028595,19.83516077027483
3001866,12.75067776951318
3003648,1.360072845372335
3005430,1.7475171981856996
3007212,2.0102221225304366
3008994,1.8894395490252527
3010776,2.790316891102739
3012558,2.25108188456855
3014340,2.381807804698681
3016122,2.265573919054335
3017904,2.583709694994079
3019686,4.023174819391761
3021468,3.9575126197971855
3023250,2.610216133679342
3025032,2.7916877125229664
3026814,8.82967980004778
3028596,2.7801128674659816
3001867,40.115391601947636
3003649,35.11155878368789
3005431,52.32070061032113
3007213,92.0139532629617
3008995,54.15672325565477
3010777,28.67910152567569
3012559,48.01657249521861
3014341,34.990564491162964
3016123,29.220222719442088
3017905,60.87756014209847
3019687,105.6079302539722
3021469,44.20584088058418
3023251,32.544556633906026
3025033,29.957408888227274
3026815,55.821463992656575
3028597,46.977999242794716
3001868,0.4439903424363369
3003650,0.45368387997264403
3005432,0.5295647083504078
3007214,0.7848622884104455
3008996,1.0993074291499139
3010778,0.45612414278292346
3012560,0.5096765739619196
3014342,0.5989090738265312
3016124,0.7909267099131243
3017906,0.8985877982827268
3019688,0.9691316316534078
3021470,1.0079354290747395
3023252,0.8993608627979133
3025034,0.9854886146524879
3026816,2.778572840835461
3028598,1.2636484872146
3001869,191.5855307927426
3003651,402.9474153316663
3005433,197.00384849482933
3007215,243.78989009491366
3008997,232.90929616919507
3010779,216.64155881669924
3012561,245.51140742390928
3014343,225.04091730376751
3016125,394.5478253117339
3017907,218.40764665202886
3019689,224.1960572211863
3021471,225.82626876869372
3023253,222.5389572551868
3025035,271.12337272671056
3026817,283.1255340090707
3028599,439.24338574186334
3001870,184.20866167313002
3003652,199.62956138035153
3005434,200.9764064183849
3007216,247.7544450105223
3008998,271.3876592495584
3010780,241.0344772830342
3012562,215.45924040554019
3014344,185.57164394667225
3016126,176.6416926831793
3017908,206.37283460384782
3019690,310.2287316937306
3021472,317.2059416815907
3023254,223.9718885077258
3025036,241.03759071353758
3026818,245.77364887756303
3028600,175.88053213755515
3001871,1.5545916102831483
3003653,1.3063610221151452
3005435,1.0732919110590156
3007217,1.217267501052933
3008999,1.6046589607409203
3010781,1.7720152393329833
3012563,2.6113775391213787
3014345,1.8754589438865388
3016127,1.697708289955743
3017909,2.4212001080004923
3019691,3.639662524994322
3021473,3.4635545813179496
3023255,2.647977269570337
3025037,2.535548454789211
3026819,4.162963592199059
3028601,2.89536167492405
3001872,3.260913564173797
3003654,3.7755219189662492
3005436,3.3213978782324363
3007218,4.810379435556896
3009000,5.036292059034027
3010782,4.14937604234519
3012564,3.904680827822225
3014346,2.8842460196427684
3016128,2.6180087671672276
3017910,2.837943772234692
3019692,4.516721114336836
3021474,5.307848325998969
3023256,3.438140281803431
3025038,3.217400362079114
3026820,9.287543351552308
3028602,2.8449814187097417
3001873,98.94648169177079
3003655,106.0942211773736
3005437,122.87144137603347
3007219,130.20694639566423
3009001,146.63493126314552
3010783,124.8262604559044
3012565,146.37180972280004
3014347,107.97780971257934
3016129,129.02707886717994
3017911,136.9006768970738
3019693,136.94014919669232
3021475,149.6592635933943
3023257,117.25374688761055
3025039,136.9981180688117
3026821,121.58367829532958
3028603,134.15818751955328
3001874,41.87562670206577
3003656,37.857659611742605
3005438,43.6837501068776
3007220,49.641381125349604
3009002,51.477399162795194
3010784,46.13401845750758
3012566,40.86493676342097
3014348,44.130125709029905
3016130,35.21988580475942
3017912,41.98992002103508
3019694,48.49287496482846
3021476,46.76931369905997
3023258,39.94426250951227
3025040,38.988138460610884
3026822,49.402045387143694
3028604,42.91114881587807
3001875,1267.5718248924156
3003657,1081.763317670951
3005439,1019.0261842336466
3007221,1338.305030813178
3009003,1240.2229285645606
3010785,1104.6551160232605
3012567,2317.243593332901
3014349,897.6239736889933
3016131,989.1126267707664
3017913,1055.2345376593648
3019695,1355.801609806749
3021477,1343.0914360674503
3023259,1040.120854792267
3025041,2506.8183086449785
3026823,1428.7460993293435
3028605,1124.8418494642508
3001876,61.202832120586905
3003658,0.9016336343096087
3005440,0.7783658105182887
3007222,0.8218004065607796
3009004,1.3121789190656594
3010786,0.69663506398337
3012568,0.6644018509791891
3014350,0.4666481904018658
3016132,0.4011800504240105
3017914,0.4011249498286071
3019696,0.5827282747870461
3021478,0.6284020832810997
3023260,0.6778219211713634
3025042,0.7171380151595885
3026824,0.5328911683672233
3028606,0.7955876564584927
3001877,0.4820392533463913
3003659,0.7021107315035768
3005441,0.6207645249564546
3007223,0.9243735498839343
3009005,1.2190482021147377
3010787,0.925964602006726
3012569,0.8445668470224128
3014351,0.7480330371106403
3016133,0.7289892142406211
3017915,1.0192321191024534
3019697,3.9104812697827267
3021479,1.2203148313903558
3023261,1.027013027339244
3025043,1.2689087199511824
3026825,0.925348791611529
3028607,0.921553855400197
3001878,3.0470102727280635
3003660,3.1125306744704675
3005442,2.9769123828215784
3007224,3.805830320316659
3009006,4.0645063268969315
3010788,3.3228892914778703
3012570,4.066835977945822
3014352,3.245804572712651
3016134,2.9053370666013385
3017916,3.276834680221034
3019698,4.338853157040815
3021480,4.622737848088265
3023262,3.704237084803651
3025044,4.177410541774737
3026826,3.1345849421193073
3028608,2.942252703254832
3001879,0.06832091457651202
3003661,0.0679910931908548
3005443,0.051318202023998526
3007225,0.04000010730147383
3009007,0.033262163590156414
3010789,0.05895516284100603
3012571,0.05895516284100603
3014353,0.05832561515535501
3016135,0.0679910931908548
3017917,0.05205149564869861
3019699,0.040725506563945794
3021481,0.03398286314215292
3023263,0.06821133142220241
3025045,0.06821133142220241
3026827,0.052660421151339266
3028609,0.06355826106152755
3001880,4.6125922653082005
3003662,5.397318889657375
3005444,5.83937791592053
3007226,9.39296293106901
3009008,9.144286144973753
3010790,8.107983206562938
3012572,7.6041201039718995
3014354,8.397929357045886
3016136,6.673646742968346
3017918,7.885413303463283
3019700,7.760719981760824
3021482,8.7118392394864
3023264,7.313727281194501
3025046,5.783079717022839
3026828,7.265160110364146
3028610,7.203032364566342
3001881,3388.4766347339682
3003663,2720.129729295586
3005445,3377.1856154887946
3007227,3188.6765453248513
3009009,2555.8519293240747
3010791,3001.140661388346
3012573,2950.2633003291785
3014355,2633.362122313908
3016137,2483.957531878714
3017919,3151.3209631353693
3019701,3061.7996747341267
3021483,2408.111226059863
3023265,2906.032389788955
3025047,2595.452299071841
3026829,2763.338055581688
3028611,2464.8440078158983
3001882,0.03421631594296901
3003664,0.032092465532811976
3005446,0.019276020093787295
3007228,0.008302879400883971
3009010,0.0
3010792,0.0284720984656899
3012574,0.0284720984656899
3014356,0.027032189113016053
3016138,0.032092465532811976
3017920,0.019986964321620036
3019702,0.009006169871654804
3021484,0.0
3023266,0.03410699598266031
3025048,0.03410699598266031
3026830,0.026276230225326724
3028612,0.027808635198626978
3001883,535.438950434615
3003665,528.750706560733
3005447,545.1301352112333
3007229,547.5726104209953
3009011,471.49356749886164
3010793,622.7348559431182
3012575,574.0226851005066
3014357,563.2758678930352
3016139,512.90298558004
3017921,542.1176584723385
3019703,574.827359001099
3021485,453.15860640936995
3023267,509.7209453912336
3025049,546.3390597318071
3026831,540.6890605935766
3028613,484.367424423773
3001884,8.056552062457099
3003666,7.553533567917988
3005448,9.687207174243197
3007230,14.059825621377048
3009012,7.28548002362489
3010794,5.9965953993431835
3012576,7.327417053072633
3014358,6.614991648275673
3016140,6.047869591043518
3017922,7.300775301657779
3019704,11.267134139974585
3021486,6.437095983716371
3023268,6.280578277872881
3025050,7.161536978900333
3026832,6.362710858830209
3028614,6.1605050391273215
3001885,992.91737719299
3003667,1000.3422833402811
3005449,1035.732968680055
3007231,1024.37386094417
3009013,858.6659661519761
3010795,1003.7417933343185
3012577,1097.0188570701548
3014359,1020.5388232651247
3016141,858.0602806780147
3017923,897.9868708911284
3019705,985.7966087488306
3021487,816.3646911015543
3023269,842.9399786205273
3025051,849.1247960621827
3026833,914.0133036214088
3028615,776.8821836285584
3001886,851.0581034131121
3003668,800.2334512261106
3005450,872.7541775927461
3007232,901.3146653166732
3009014,752.53361470721
3010796,951.3102903325041
3012578,864.9908446430496
3014360,870.8367199267868
3016142,716.392782942987
3017924,862.535742450868
3019706,912.0036549173119
3021488,704.2302912425356
3023270,847.111011091436
3025052,747.9185080982734
3026834,808.9334468375368
3028616,718.4702006406511
3001887,170.67959535538458
3003669,157.13732824686363
3005451,180.21500392223032
3007233,186.88879616356797
3009015,157.70910131179147
3010797,182.80604310789622
3012579,172.78452061752435
3014361,162.60587393846825
3016143,164.7442863624249
3017925,184.80545101716547
3019707,182.01250457703952
3021489,142.10569573739537
3023271,153.03409646349266
3025053,148.50533668013838
3026835,149.60844479445143
3028617,163.9291035948391
3001888,128.98762108218367
3003670,124.65993976301698
3005452,142.62763195728976
3007234,145.80190260487026
3009016,126.22904104583161
3010798,133.8652081421915
3012580,120.90250860958352
3014362,126.64227172122462
3016144,111.77765405054394
3017926,153.16862184042228
3019708,150.65895073549828
3021490,112.89845970749543
3023272,115.16708949317353
3025054,102.70026732937617
3026836,104.13698881829428
3028618,107.03923759343945
3001889,116.66341790359382
3003671,104.52788266071485
3005453,114.5183509007949
3007235,107.16573780198758
3009017,81.44596231577333
3010799,94.31702785908115
3012581,105.14834154506974
3014363,97.90995023341142
3016145,96.64986693672402
3017927,112.49645190276773
3019709,115.86253792572634
3021491,96.67481081702452
3023273,95.1100766861237
3025055,108.82198682242036
3026837,108.21669961587412
3028619,90.03255900373031
3001890,4034.703646442513
3003672,3636.7815766227623
3005454,3858.3684438777095
3007236,4228.407833220901
3009018,3369.6458054132086
3010800,3959.075070465319
3012582,3980.4369941066516
3014364,3993.1687192782338
3016146,3511.920380493393
3017928,3776.958532880547
3019710,4205.198479744073
3021492,3100.3886796171955
3023274,3543.882758695771
3025056,3425.859543858983
3026838,3633.5490298040486
3028620,3377.5152141934195
3001891,79.001801130808
3003673,68.15463065405838
3005455,75.49479710956655
3007237,68.90322163749032
3009019,58.596745842637816
3010801,56.57244016596092
3012583,55.60763510577225
3014365,56.33694283725809
3016147,52.512621269281446
3017929,66.22672904571647
3019711,58.22447744998069
3021493,52.7644946741444
3023275,44.924988762895644
3025057,37.894577694590915
3026839,46.50177745556184
3028621,43.40038970168298
3001892,1.4496140967793743
3003674,1.4168259582778382
3005456,1.4100869427485456
3007238,1.7980140083042522
3009020,1.5541406453167408
3010802,1.16278989235306
3012584,1.16570846053175
3014366,1.4066246368843482
3016148,1.1789000969746137
3017930,1.3530059341271983
3019712,1.6409842046539325
3021494,1.1966421726528353
3023276,1.0820180670404018
3025058,1.290147139360684
3026840,1.3683912814331314
3028622,1.4958194813408756
3001893,28.047276405260025
3003675,27.850758680850724
3005457,23.055710868326155
3007239,26.62406841301566
3009021,14.538975842580845
3010803,14.423586495261985
3012585,19.10716975482241
3014367,19.05635278146857
3016149,18.291669831210434
3017931,23.93659576048715
3019713,22.64125742679441
3021495,21.55398403852469
3023277,18.634342923473014
3025059,20.934849116818132
3026841,19.34009385308846
3028623,20.27687001250495
3001894,24.572895411695583
3003676,25.790161320178665
3005458,19.55239821965501
3007240,25.04034136776753
3009022,24.03149932613865
3010804,25.453797469067812
3012586,23.44062799513271
3014368,21.33492756563004
3016150,31.4873435078499
3017932,26.965789135683977
3019714,30.176122636902388
3021496,21.622073847781568
3023278,26.588735416915053
3025060,26.001048120670035
3026842,26.75221207658509
3028624,24.51024863933556
3001895,0.330885190546384
3003677,0.4051981014700899
3005459,0.3889885153411414
3007241,0.43276275545530424
3009023,0.44674919529368284
3010805,0.416238566679275
3012587,0.3233475105562067
3014369,0.26113007835695673
3016151,0.07832247072598865
3017933,0.08015717619227597
3019715,0.0856013764826542
3021497,0.16214068311043536
3023279,0.09858408697215369
3025061,0.15616069654241085
3026843,0.09190733221805202
3028625,0.07384675690731968
3001896,303.4117371031678
3003678,280.9816718700342
3005460,279.5067006004394
3007242,324.19494912243795
3009024,265.32651411312895
3010806,293.59021356629125
3012588,290.2880317638444
3014370,258.7506789542481
3016152,230.77301678675389
3017934,250.16995233031318
3019716,295.2833115481107
3021498,230.0941993044134
3023280,240.8399033226652
3025062,219.7803437333496
3026844,233.2619623071747
3028626,198.50550601452244
3001897,14.838441097498816
3003679,14.915587547498907
3005461,16.304665311660006
3007243,26.37245443855078
3009025,24.13105569115305
3010807,18.43677808042112
3012589,21.01059644580056
3014371,23.638931032437068
3016153,20.56825855604792
3017935,21.886170415589245
3019717,23.883999167603665
3021499,25.725862238341204
3023281,18.629772015706042
3025063,16.241617076067726
3026845,17.949310718052658
3028627,16.704019594854028
3001898,36.07643085539762
3003680,20.562776851955288
3005462,32.19428705659779
3007244,26.34262945151235
3009026,15.331555572443545
3010808,21.130157242921076
3012590,20.001810793064777
3014372,32.72060312248827
3016154,21.694711952325143
3017936,26.764371808039456
3019718,23.328420150431242
3021500,19.94660101403585
3023282,16.873368219117264
3025064,16.22391784140838
3026846,27.460862315227942
3028628,20.16648016561811
3001899,12.918643568944413
3003681,2.05512184609753
3005463,2.338399054767804
3007245,3.009385783243162
3009027,2.3726513971575023
3010809,2.4753072690286375
3012591,1.8577672628438577
3014373,2.1555489007650883
3016155,2.5045198181973527
3017937,2.479992449885404
3019719,2.248711517815854
3021501,2.410161812255434
3023283,3.3018600534391505
3025065,1.5774948971095437
3026847,2.3237466948965824
3028629,1.9689738501393261
3001900,112.71028576977776
3003682,117.2899014327121
3005464,178.4163637203549
3007246,220.41880666368047
3009028,97.30304038541773
3010810,80.95790347096298
3012592,88.32111809492379
3014374,111.71981708184221
3016156,101.9551229427793
3017938,143.52678341719982
3019720,175.06292053276383
3021502,72.25163649588798
3023284,65.70810234255467
3025066,80.7049927942555
3026848,102.5144855700319
3028630,99.17023718329888
3001901,7.045936563092779
3003683,6.778439934362747
3005465,7.144682271505104
3007247,9.996463495245052
3009029,7.140225894990994
3010811,6.815835410032898
3012593,7.311429700695157
3014375,8.56064830411957
3016157,7.989378539499096
3017939,6.488828010412336
3019721,12.699446548352837
3021503,9.288537284972499
3023285,7.784716466826161
3025067,9.736036817983424
3026849,7.385410546807954
3028631,7.975584568843567
3001902,199.21524524682647
3003684,217.54437356888505
3005466,372.132489864408
3007248,235.90117645096922
3009030,200.00910360477525
3010812,215.9117366944625
3012594,246.2727910203519
3014376,216.20676971349687
3016158,210.2139692087107
3017940,384.456043387632
3019722,236.78080872610215
3021504,186.96580369862224
3023286,201.14638276196558
3025068,229.1081792218028
3026850,216.5426457927766
3028632,224.15566169677322
3001903,242.58578500606149
3003685,238.3627640590883
3005467,297.7622335164978
3007249,297.61891325506895
3009031,274.375796398779
3010813,278.8361230802314
3012595,264.2085936561388
3014377,262.1709224928337
3016159,248.2037234101141
3017941,238.41191842997853
3019723,311.62058260027675
3021505,295.29692879270067
3023287,268.4388025631139
3025069,272.3015942611348
3026851,250.80253890690292
3028633,254.08138996293968
3001904,9.333477446387079
3003686,9.428523119573422
3005468,13.162696568779436
3007250,14.048886596309721
3009032,13.202648527119951
3010814,12.924316217336669
3012596,12.400297823569392
3014378,15.479993998197244
3016160,12.948220866559435
3017942,12.43483305832225
3019724,15.444488000407787
3021506,11.967692763748325
3023288,9.96656181208757
3025070,8.928467267728246
3026852,10.516078384341542
3028634,10.221560538261775
3001905,13.42805618462401
3003687,13.435989919120248
3005469,15.17654957681976
3007251,15.1142896004662
3009033,12.374107562208733
3010815,11.78319499879134
3012597,11.560202999017736
3014379,14.413507008170566
3016161,12.179832558646735
3017943,13.71501683414898
3019725,15.027761914799154
3021507,11.652451983292398
3023289,12.308111150474751
3025071,10.942070905254582
3026853,12.100261603783048
3028635,12.917224924370979
3001906,260.65570704587276
3003688,252.36796658490923
3005470,322.95540435088446
3007252,295.1779349131071
3009034,229.7878167469501
3010816,245.2256129662774
3012598,245.39130564248677
3014380,250.84204025735784
3016162,233.09421010617544
3017944,339.03898943465975
3019726,284.8670447457763
3021508,215.38921016382668
3023290,227.67869945824037
3025072,242.42827050599996
3026854,239.7317355430645
3028636,220.5390699457654
3001907,68.5351578027418
3003689,85.03756695266019
3005471,81.93227323309213
3007253,64.6884378694076
3009035,57.673927073553
3010817,60.017715465075355
3012599,62.1116276649438
3014381,71.56811877955681
3016163,69.42967513735627
3017945,67.14066515280759
3019727,59.4650994217692
3021509,61.21398479655952
3023291,60.68291619851344
3025073,61.93916044492336
3026855,74.14719592521404
3028637,64.14431455052126
3001908,3705.938342899624
3003690,2295.5367032383215
3005472,2652.6741684810477
3007254,2767.3238354720424
3009036,2204.0866462419594
3010818,2470.450460748951
3012600,2303.6796552011224
3014382,3655.752711211724
3016164,2252.1358144090873
3017946,2519.475301589661
3019728,2768.749339951253
3021510,2022.7807908125094
3023292,1999.134087715183
3025074,1975.3259057473588
3026856,3444.1930699444238
3028638,2176.202382508868
3001909,92.48993224093923
3003691,0.1527972728729259
3005473,0.11425210520868775
3007255,0.11154198367470057
3009037,0.10708524498481564
3010819,0.13519680708317366
3012601,0.13216590176379445
3014383,0.1359667300765204
3016165,0.1527972728729259
3017947,0.11000620980269857
3019729,0.10730641527865556
3021511,0.1028666591425757
3023293,0.15846643973968433
3025075,0.15537340593918308
3026857,0.12164353173946618
3028639,0.14801244196715102
3001910,11.685112528126034
3003692,9.765933680899472
3005474,17.381308769167326
3007256,14.565535349071018
3009038,12.725259143400654
3010820,9.283644149488145
3012602,9.21444231684654
3014384,8.474937322727477
3016166,8.225452672468055
3017948,14.772808447968956
3019730,14.60930517696257
3021512,9.95889669486122
3023294,7.457392638680352
3025076,7.603360720672503
3026858,11.050320100085845
3028640,10.923681403853118
3001911,4.305039800382281
3003693,4.468639078951571
3005475,5.040676178123538
3007257,7.570858635630534
3009039,9.48795557219098
3010821,5.124769770472746
3012603,5.133104381913023
3014385,5.395750777461249
3016167,5.1318418679101585
3017949,5.491689490269095
3019731,9.558910549553566
3021513,10.730312065498305
3023295,5.001087872747853
3025077,4.459646500807388
3026859,4.120514591226711
3028641,4.275924161950613
3001912,0.054646797002709906
3003694,0.05432119721034392
3005476,0.05279501921038145
3007258,0.05384246041120828
3009040,0.07764652876630024
3010822,0.044479416565418574
3012604,0.044479416565418574
3014386,0.04477943376402892
3016168,0.05432119721034392
3017950,0.05352934291391546
3019732,0.054577514704161674
3021514,0.07839818637833736
3023296,0.05360905481505123
3025078,0.05360905481505123
3026860,0.043298155497330425
3028642,0.04994510371347652
3001913,6.497028759284242
3003695,7.272310900784898
3005477,7.422195110219489
3007259,12.443731948349438
3009041,12.760062061469286
3010823,7.2459103244011605
3012605,7.074844287500383
3014387,7.081972925065861
3016169,3.990828535180338
3017951,5.174030075817297
3019733,9.332082451907228
3021515,10.800223508596828
3023297,5.921716327485691
3025079,4.679760349524859
3026861,6.020169330849853
3028643,6.468121195507096
3001914,2090.1769909763207
3003696,2472.0057577265925
3005478,2561.3476679601526
3007260,4413.084664817812
3009042,3255.756066254664
3010824,2354.613740059131
3012606,1825.968990582769
3014388,1687.614274076454
3016170,1588.7115925380176
3017952,2319.587410669069
3019734,3585.5639204263
3021516,3094.7804462727463
3023298,2250.895072598752
3025080,2336.267922821461
3026862,2442.56245326705
3028644,1862.1877572363621
3001915,0.029173010338574324
3003697,0.02685497866330265
3005479,0.02526843452567351
3007261,0.02628848912379923
3009043,0.045761522622219435
3010825,0.022554640801876868
3012607,0.022554640801876868
3014389,0.022023916553977185
3016171,0.02685497866330265
3017953,0.02492270780988732
3019735,0.025942418439434407
3021517,0.045408885513208055
3023299,0.028157117150060793
3025081,0.028157117150060793
3026863,0.023184202353599612
3028645,0.022592887180892824
3001916,418.9427798890913
3003698,399.11602041636024
3005480,408.4161012324264
3007262,545.5044406800397
3009044,573.8677646205036
3010826,492.9910879780317
3012608,435.983651181777
3014390,463.866426993966
3016172,382.49491740348094
3017954,400.0893688918609
3019736,594.7015003856637
3021518,569.6017520848688
3023300,485.9360723263886
3025082,427.58233666909473
3026864,473.44570073403423
3028646,387.9442587195095
3001917,11.249837689751653
3003699,13.43413488961519
3005481,16.39183455823946
3007263,20.988946723494678
3009045,13.502194576225488
3010827,7.66251678393377
3012609,7.622063274134225
3014391,6.953174189245224
3016173,8.76092479005247
3017955,10.337179812468438
3019737,15.41641390140861
3021519,12.624919502641065
3023301,11.336723533970133
3025083,10.610278567244102
3026865,10.027925716405184
3028647,11.607271204544782
3001918,1184.9849840259858
3003700,1061.4612641452882
3005482,1019.1239025766597
3007264,1555.9557017400318
3009046,1551.8671318151573
3010828,1034.4504379706632
3012610,884.5600385273433
3014392,1155.032543135445
3016174,748.7974773521332
3017956,899.7605269099384
3019738,1399.2680483828817
3021520,1346.1163767500302
3023302,862.7563877459113
3025084,876.4490493817601
3026866,883.5119691862274
3028648,745.5758109660492
3001919,709.5275172908457
3003701,607.436058473251
3005483,750.6135554891555
3007265,957.8905959251806
3009047,932.3183632392374
3010829,766.0822350099156
3012611,700.9895286138207
3014393,684.3026343021136
3016175,567.7251453703001
3017957,807.453751626929
3019739,965.7038106186817
3021521,909.9477716402529
3023303,632.3814437582128
3025085,731.06800618194
3026867,715.3443040695998
3028649,602.1239474591414
3001920,130.79558804365604
3003702,120.03911225356372
3005484,169.38701914574295
3007266,200.3995277630982
3009048,182.41748141105012
3010830,154.8856479252692
3012612,140.66618601147815
3014394,126.77552679621014
3016176,106.82600077995521
3017958,154.9227319105361
3019740,195.56817534890646
3021522,171.34268631524148
3023304,141.39411917890348
3025086,144.57837484278377
3026868,137.4078091099106
3028650,118.52076302962695
3001921,86.90628792381115
3003703,73.59461174684583
3005485,89.37433448260452
3007267,125.12500396673114
3009049,134.77111318283107
3010831,97.85395569200477
3012613,89.25885173285559
3014395,89.6111525443741
3016177,63.18500169480086
3017959,96.87922322447734
3019741,127.63132144961725
3021523,131.3622034327009
3023305,79.42281762781066
3025087,78.31878083429574
3026869,80.19445923722971
3028651,73.52855557620268
3001922,108.49640863901834
3003704,87.06905941478209
3005486,97.42155947642046
3007268,115.41385729411682
3009050,110.52077716971542
3010832,82.20658653829419
3012614,79.98285680482931
3014396,95.79253534342263
3016178,75.29469065555281
3017960,104.10174083035395
3019742,132.56542568257535
3021524,110.12476616292533
3023306,71.17428551548524
3025088,76.67669360236044
3026870,102.10559404768914
3028652,94.71281834244398
3001923,3655.5597935766586
3003705,3238.1226587401725
3005487,3753.270411814585
3007269,5230.1413096446595
3009051,5176.802060223583
3010833,3901.800806928335
3012615,3445.179141500093
3014397,3534.747345202024
3016179,2950.2669250693843
3017961,3730.075813459718
3019743,5181.193195341751
3021525,5195.499791829963
3023307,3516.5249338476056
3025089,3414.433920348639
3026871,3620.6928198294754
3028653,3090.856634069637
3001924,30.049426453803356
3003706,23.499621184647953
3005488,23.843224316990305
3007270,34.181389713027066
3009052,31.439258016128512
3010834,24.27949114350547
3012616,24.207978272118766
3014398,28.977964657064085
3016180,30.01766036503527
3017962,30.978196912785368
3019744,41.93306363868228
3021526,37.21674268631649
3023308,24.138836072720398
3025090,27.914338837153213
3026872,28.121724605585285
3028654,24.643557582373894
3001925,0.954141236184554
3003707,0.9121398548775834
3005489,0.8963193684007311
3007271,2.063405567746305
3009053,1.8352925598184737
3010835,1.102160470646675
3012617,1.3541216661177602
3014399,1.0843866246718248
3016181,0.974936364132633
3017963,1.1358845028316331
3019745,1.3561275958521732
3021527,1.7598844502881392
3023309,1.0694016074013355
3025091,1.0284700711034276
3026873,0.9005715297428927
3028655,0.9202002753811802
3001926,26.328311078328188
3003708,28.661777664281136
3005490,30.072122382977398
3007272,40.84166833898587
3009054,37.615956847342645
3010836,38.02779314457033
3012618,26.065302085587422
3014400,28.72058732797365
3016182,25.310542187865366
3017964,31.401861404979748
3019746,45.268395775202244
3021528,41.787910033592105
3023310,28.75239823485614
3025092,32.11901998776557
3026874,35.614456072954845
3028656,28.699862627378238
3001927,47.217873271118904
3003709,40.97714240983913
3005491,43.13111341604455
3007273,64.58474322061016
3009055,45.76357907643641
3010837,31.824392570669694
3012619,47.678774999675944
3014401,51.73447143537837
3016183,30.13119518594279
3017965,42.72342215443054
3019747,45.88799063531212
3021529,39.823471576374494
3023311,38.83451940152976
3025093,27.551005303784414
3026875,25.37801879459657
3028657,26.893645917765856
3001928,0.10912537926510081
3003710,0.1087829603678711
3005492,0.12118832345958241
3007274,0.14483220928498614
3009056,0.16641347994884392
3010838,0.12253719143379771
3012620,0.12109001531233367
3014402,0.12545843285536246
3016184,0.1087829603678711
3017966,0.1210997627709872
3019748,0.14474178100754262
3021530,0.1663213470048865
3023312,0.10958164063710767
3025094,0.10815116682528325
3026876,0.12314377942389226
3028658,0.10418081643380094
3001929,310.74760444774677
3003711,306.58515134836114
3005493,335.30661123836455
3007275,536.0572642127511
3009057,501.6269211669678
3010839,335.1615790447343
3012621,287.29462662587474
3014403,306.4885375150277
3016185,249.84817181198108
3017967,309.57410366269846
3019749,461.9489174344083
3021531,451.6751888595641
3023313,320.2799347023403
3025095,324.05199487504825
3026877,301.28560164174354
3028659,257.8621885574541
3001930,13.265136852799158
3003712,12.704863358230737
3005494,13.516217580889458
3007276,31.839776844599697
3009058,33.41731762182741
3010840,18.386134868170995
3012622,15.979009386011615
3014404,13.634430815691525
3016186,12.96211552341466
3017968,13.715131944578262
3019750,32.194569965191896
3021532,31.51115522707792
3023314,15.803291879486654
3025096,15.916600388485008
3026878,17.246994668752002
3028660,17.272459599422653
3001931,26.16261036528609
3003713,17.10218208993553
3005495,18.05088406263985
3007277,25.32913483636952
3009059,20.81096292817306
3010841,13.940506856395642
3012623,14.584573093266332
3014405,24.047186956647206
3016187,15.234368708979765
3017969,17.369267087405767
3019751,29.248960262494318
3021533,19.734566586764412
3023315,10.073722766761792
3025097,12.349203891368692
3026879,21.595702089046195
3028661,13.908030224883086
3001932,13.305187845339164
3003714,5.5331548770641374
3005496,5.530462721004802
3007278,10.380607867366942
3009060,9.667857703663987
3010842,5.369542857330314
3012624,6.703308316627292
3014406,5.505345549020861
3016188,5.791819178276603
3017970,6.972793290499569
3019752,14.793879594611521
3021534,12.583584295692306
3023316,8.315875207884588
3025098,8.160126671737979
3026880,7.386818021301025
3028662,7.834521229407015
3001933,73.96728934429454
3003715,78.61648656177064
3005497,117.47396541820832
3007279,155.21981798292708
3009061,86.29205920801459
3010843,63.430511856285634
3012625,65.38099114388673
3014407,67.22777739719483
3016189,63.42407394536531
3017971,112.62005686017903
3019753,147.63355838444116
3021535,65.76648245305283
3023317,49.943645981393274
3025099,67.20166622750976
3026881,72.3112445550705
3028663,77.5058365221943
3001934,7.522041301453434
3003716,7.737575456878281
3005498,9.5937334696184
3007280,14.57770468428903
3009062,15.51737479771316
3010844,9.50215304460381
3012626,8.778874431939279
3014408,8.419199073722178
3016190,9.466193724605533
3017972,8.513690647935345
3019754,15.196603971164912
3021536,16.044077930297302
3023318,9.489568196296982
3025100,8.727845768077689
3026882,9.051486761771532
3028664,8.851664289958048
3001935,191.63492871943782
3003717,148.86975388969321
3005499,231.41159586391262
3007281,174.01709523876534
3009063,161.87843494358955
3010845,172.77214294559383
3012627,133.32046194647714
3014409,158.21717445103656
3016191,137.0216838885066
3017973,240.048009130085
3019755,178.68218301320556
3021537,183.68367857448908
3023319,225.8328366013107
3025101,139.33428216365806
3026883,148.22226201189773
3028665,132.6514041192748
3001936,399.7630307486917
3003718,318.2059874820468
3005500,382.7481519142868
3007282,623.7768712703817
3009064,589.1833725224972
3010846,400.50104489651955
3012628,321.46965069790923
3014410,681.9516758474249
3016192,281.29371956460244
3017974,321.19120607104213
3019756,525.1983433957
3021538,516.2389071633365
3023320,357.7354312923969
3025102,339.9644797612324
3026884,343.4752547811611
3028666,286.31714760376764
3001937,6.283688246688502
3003719,5.398975390043885
3005501,6.22114144086665
3007283,9.581033918051496
3009065,9.06091011092695
3010847,6.936795426726972
3012629,7.024057480442854
3014411,5.938786610464804
3016193,4.797869795592372
3017975,5.66302601877452
3019757,9.59566414195772
3021539,9.415811790105657
3023321,6.742865522774947
3025103,6.875104763341361
3026885,6.814707134243224
3028667,6.478181058500795
3001938,11.251382347112497
3003720,8.582527375348779
3005502,8.470627306415468
3007284,14.381139960652368
3009066,12.158817056588223
3010848,7.865210466957302
3012630,8.411018947277027
3014412,9.47849180465865
3016194,7.936082633343574
3017976,9.57255872360045
3019758,16.510609030417186
3021540,16.2059868065761
3023322,8.943534124755347
3025104,9.55152419434234
3026886,8.351356613651369
3028668,9.067552199113333
3001939,110.17237147371034
3003721,100.51429376240813
3005503,180.5024803819259
3007285,176.59253899644622
3009067,176.7146021141934
3010849,107.53382154137527
3012631,114.80958789732696
3014413,128.47138528096113
3016195,102.61411850944243
3017977,208.23460997345398
3019759,174.65295408087601
3021541,182.46985070453255
3023323,109.47416644694576
3025105,119.61398284437196
3026887,134.10839183642756
3028669,115.19938612474634
3001940,68.41562474056173
3003722,75.28692086744161
3005504,91.75432864516468
3007286,100.77152585511091
3009068,103.01639319149942
3010850,83.76981842156374
3012632,78.90589920653305
3014414,71.54157096889354
3016196,65.15020172277335
3017978,89.35787373932688
3019760,100.3256894199238
3021542,90.18870502634644
3023324,72.71633095609663
3025106,73.0794100787599
3026888,63.848740230039866
3028670,76.9271210677613
3001941,2679.180834571458
3003723,1563.9624526759333
3005505,1765.2023270632376
3007287,2316.7709320446966
3009069,2318.019582038973
3010851,1711.4903078460477
3012633,1553.575832743009
3014415,2583.554073380631
3016197,1460.5523223025446
3017979,1868.3287569911558
3019761,2370.526738033488
3021543,2289.398413442917
3023325,1613.000692288728
3025107,1659.914773873183
3026889,2945.640529237743
3028671,1642.9254261227038
3001942,64.19204640999473
3003724,0.3185502809427295
3005506,0.27026408021785436
3007288,0.4016116877728386
3009070,0.5748872457881498
3010852,0.35751546635287457
3012634,0.40776336520361406
3014416,0.3517712249952692
3016198,0.372680793711366
3017980,0.3124119261441802
3019762,0.4501432308773925
3021544,0.4958325776460725
3023326,1.5491088178223689
3025108,0.7864289744466888
3026890,0.9256033552085443
3028672,2.1697506426236655
3001943,12.303524846807445
3003725,12.064061412176287
3005507,18.252283888513407
3007289,22.138042450022702
3009071,19.812070533815728
3010853,12.506771747520473
3012635,13.75657996994429
3014417,12.661553314308463
3016199,15.046340398124151
3017981,17.909142946569336
3019763,21.376667959987447
3021545,21.826963233607557
3023327,15.717288305128353
3025109,11.787977581865006
3026891,15.021015128001192
3028673,14.911867242679904
3001944,6.404116597936618
3003726,7.224030334183677
3005508,8.806167896292472
3007290,13.597413985630117
3009072,14.513577906383338
3010854,8.00689253055564
3012636,8.347786901248606
3014418,7.227743834866212
3016200,6.5815711868249585
3017982,7.426261452909694
3019764,11.5305624141882
3021546,9.90964307043969
3023328,6.620164387626567
3025110,6.195438288877397
3026892,6.2597008677964485
3028674,6.213389572608732
3001945,0.25276835201733616
3003727,0.26310473838106885
3005509,0.21142159455506818
3007291,0.3678731328216696
3009073,0.32323085692164727
3010855,0.07576120620447363
3012637,0.14064798351312027
3014419,0.18359508566471908
3016201,0.13183541268480348
3017983,0.20283705987538767
3019765,0.4000519823616694
3021547,0.4234777698915181
3023329,0.27320489054751396
3025111,0.20320772205638862
3026893,0.18378518630406668
3028675,0.2010623521039137
3001946,3.9824631442892358
3003728,2.950677295657783
3005510,2.301407708045528
3007292,4.034693402739316
3009074,4.956517155436499
3010856,2.6063937171737264
3012638,2.3720194491680573
3014420,3.6921832474730456
3016202,4.021383490675565
3017984,3.7666614164621173
3019766,4.588480260089075
3021548,5.2181597035679035
3023330,3.1430579825504026
3025112,2.778864840349841
3026894,3.2043749342877117
3028676,3.181059035551212
3001947,3337.1204332766174
3003729,3596.4469698010007
3005511,3313.761773815354
3007293,4468.824021202776
3009075,4608.553839937779
3010857,3836.9028145906855
3012639,4204.820903463368
3014421,3531.4118100371306
3016203,3062.8359794486055
3017985,3356.6654016564025
3019767,4230.359140132008
3021549,4666.856977426956
3023331,3249.9480773590553
3025113,3645.908882909153
3026895,3001.4804369745593
3028677,3062.15879907034
3001948,0.043116134843780046
3003730,0.04562612727956649
3005512,0.034169969182149415
3007294,0.019756308012486522
3009076,0.028713244271854066
3010858,0.038127716881282504
3012640,0.03760951043150115
3014422,0.04072416069398132
3016204,0.04562612727956649
3017986,0.03297686523195935
3019768,0.018579832853105202
3021550,0.027526435650516677
3023332,0.04334075127617083
3025114,0.042819942614732445
3026896,0.04000538130237171
3028678,0.038064105589879174
3001949,591.9950942048715
3003731,618.685706223063
3005513,658.5632052142959
3007295,708.8422432960109
3009077,881.2208330301108
3010859,729.0598841543448
3012641,706.9494258029824
3014423,581.2241363448449
3016205,569.3552137052045
3017987,616.8821920006794
3019769,799.8620985670356
3021551,871.3546724237832
3023333,655.8763837371914
3025115,630.5101332832484
3026897,644.0561589341863
3028679,604.0744561958503
3001950,6.369771757220481
3003732,6.891827428400279
3005514,7.530203947241013
3007296,10.096664917572463
3009078,7.182509134157973
3010860,5.6038537730198765
3012642,4.650097274189954
3014424,5.3723210618392
3016206,6.365929368779743
3017988,5.383054156665098
3019770,7.085530551468933
3021552,6.955502057548727
3023334,4.702944759105823
3025116,4.778874559412255
3026898,5.761232423001079
3028680,5.442396333873552
3001951,1199.5084045707472
3003733,1685.1193962331688
3005515,1907.65489671502
3007297,2042.9671315931855
3009079,2498.2577233578163
3010861,1764.9904524835517
3012643,1531.7530153262994
3014425,1323.178310206094
3016207,2142.796805140795
3017989,1821.2423641975622
3019771,1889.9545725103244
3021553,1813.398810338939
3023335,1529.2939478540034
3025117,1547.3461361001666
3026899,1274.5273803272862
3028681,1370.011677328418
3001952,609.5156699837728
3003734,565.1194079071917
3005516,635.8687542033788
3007298,743.2259333837866
3009080,767.6555748411853
3010862,682.9007964997267
3012644,674.9349512576746
3014426,645.3517725239197
3016208,547.2797202370892
3017990,568.9180408990329
3019772,694.013150697937
3021554,753.0109683167033
3023336,584.0760994061525
3025118,644.7757579466034
3026900,647.5911596826784
3028682,547.0318474870996
3001953,201.34455357164066
3003735,192.79258481020412
3005517,208.69432024688365
3007299,213.8268579579988
3009081,227.58444051262686
3010863,208.03304110355006
3012645,215.38516413376078
3014427,198.48687529397787
3016209,170.3081679468304
3017991,195.36639907916717
3019773,246.62934767662674
3021555,213.77102518593935
3023337,200.57834188564166
3025119,193.4046601892465
3026901,178.5036230649377
3028683,152.96983651472107
3001954,278.19886585401787
3003736,284.301142278895
3005518,235.13986854546437
3007300,333.50922668329565
3009082,402.4647045801351
3010864,1289.976139152641
3012646,333.9062785989089
3014428,250.75985589801576
3016210,276.2911321219148
3017992,273.8434631509738
3019774,368.868617337384
3021556,387.26525923450544
3023338,602.6248649787316
3025120,296.01852320243336
3026902,210.7647525520576
3028684,267.1442669643545
3001955,51.02409663852886
3003737,46.86032372586242
3005519,77.68372453942844
3007301,131.97683461122577
3009083,69.8858458574582
3010865,57.15928609095765
3012647,70.04740794835035
3014429,49.17179812643135
3016211,54.93578697565959
3017993,72.51162212639325
3019775,121.74639741893151
3021557,66.51053518453429
3023339,59.204068958073286
3025121,62.780190649339545
3026903,57.830052095187575
3028685,55.22246964925487
3001956,4862.696346548801
3003738,4783.585418447151
3005520,4713.993532625
3007302,5242.193922312175
3009084,6147.399912827238
3010866,5269.036509729248
3012648,5043.239114285316
3014430,4467.680660403001
3016212,4922.023776762758
3017994,5269.195057350372
3019776,6303.5804621020825
3021558,6346.894591431326
3023340,5177.7141113990665
3025122,5141.187822398326
3026904,4818.053410817318
3028686,4747.366448122519
3001957,22.846626646379164
3003739,27.49271653245552
3005521,28.08444238999507
3007303,34.372906625095446
3009085,40.306660742193046
3010867,30.339507559175953
3012649,25.518993741708503
3014431,29.958389240138764
3016213,28.03068385661386
3017995,27.503755053450618
3019777,40.76229919775448
3021559,42.843748259634914
3023341,30.4281794210496
3025123,26.000290779088996
3026905,25.087634671212275
3028687,24.166371792530835
3001958,1.2728437966878463
3003740,1.2958860015053686
3005522,1.4864487983376833
3007304,2.2103221779599234
3009086,2.0942572601618488
3010868,1.4704698961330545
3012650,1.332232917621626
3014432,1.4017784209942352
3016214,1.5128150449493392
3017996,1.2659058529682476
3019778,1.9687094293348593
3021560,2.6344126160483916
3023342,1.2861866591381106
3025124,1.0876273706318367
3026906,0.9947570992916175
3028688,0.9653746584917946
3001959,19.621438914838137
3003741,18.426611132229734
3005523,20.168364164200188
3007305,30.356334140373114
3009087,32.590780562050746
3010869,19.25491590686776
3012651,18.725127811493994
3014433,16.2918820053115
3016215,15.396802727113315
3017997,22.090401735216396
3019779,32.22151375738896
3021561,22.797276344657945
3023343,16.47732516241515
3025125,21.74297480494784
3026907,18.614391291151648
3028689,21.60283840544537
3001960,20.78814946832809
3003742,18.02729275460342
3005524,21.560795338992023
3007306,26.859531091539388
3009088,23.123901701833187
3010870,19.2058060021114
3012652,18.49381409755223
3014434,23.209487707285348
3016216,20.04614592908986
3017998,22.33988456259058
3019780,28.26030562501211
3021562,20.896039407364107
3023344,21.546912748765596
3025126,16.949621687230742
3026908,15.93047988186153
3028690,18.554076876045198
3001961,0.11069362249385215
3003743,0.11174511211191447
3005525,0.11144770127887284
3007307,0.11387741990069396
3009089,0.12748592472109732
3010871,0.14437354110981787
3012653,0.26668042140244624
3014435,0.24321727302636548
3016217,0.23168279008017675
3017999,0.2284262859519371
3019781,0.3080860370643888
3021563,0.35514368381471884
3023345,0.2332759554048542
3025127,0.11144449827205903
3026909,0.1280141055486856
3028691,0.10370491453855527
3001962,263.4988780001149
3003744,265.5262138997573
3005526,269.63019255991316
3007308,369.5575660140303
3009090,439.84518006908695
3010872,362.31865646501035
3012654,431.08175126650707
3014436,306.54028933652546
3016218,308.1798134765417
3018000,297.0288817337218
3019782,413.9627080419255
3021564,455.0322357396947
3023346,352.69723813945996
3025128,378.03209175897996
3026910,341.12938118255903
3028692,318.81924980340744
3001963,4.294583590626987
3003745,3.419831228015796
3005527,2.6139510534590245
3007309,5.504759893319725
3009091,6.1433144187614275
3010873,3.6694070713136355
3012655,4.9759977137964
3014437,3.4026630536967444
3016219,3.2405052109379184
3018001,3.125817547037861
3019783,6.399088012452647
3021565,7.1228599461209186
3023347,3.683719628106239
3025129,4.157818216223756
3026911,3.4096677353486156
3028693,3.689428807318218
3001964,21.520392259844822
3003746,12.45387374183751
3005528,15.787483286917738
3007310,19.368769591663742
3009092,13.058584383391914
3010874,9.980988317242884
3012656,13.560483368139028
3014438,9.900756731708741
3016220,11.742045605384133
3018002,18.14767839737286
3019784,20.345678008011827
3021566,16.586845910317038
3023348,10.953756148628484
3025130,13.96601901207214
3026912,10.276316930606095
3028694,11.691879932635796
3001965,9.275813301507666
3003747,3.2042839030939874
3005529,6.081681261893762
3007311,9.665018073944593
3009093,12.019169552070089
3010875,8.263425840833678
3012657,6.184355516998845
3014439,10.237041291266642
3016221,10.392350965657522
3018003,10.622857532589267
3019785,12.929561990872513
3021567,9.822137889693316
3023349,6.979899374306678
3025131,5.443630398448487
3026913,4.658124481623545
3028695,8.028172635078453
3001966,39.70787441502397
3003748,41.17494324289005
3005530,71.12390872893816
3007312,111.75647547459809
3009094,51.4213805735962
3010876,33.828704855462654
3012658,32.976174503959164
3014440,38.38554919586094
3016222,40.1951305566793
3018004,77.72717180522248
3019786,97.6952970360548
3021568,37.40002980675669
3023350,23.799330017029614
3025132,29.276489300798403
3026914,39.2911486097568
3028696,45.03845786782284
3001967,1.6912111850426674
3003749,1.771206922757326
3005531,2.0373779095808713
3007313,2.2191995728251808
3009095,2.6710405981925285
3010877,1.4357461518428312
3012659,1.377143419168894
3014441,1.740196228146814
3016223,1.5866608194633427
3018005,1.9894479778401628
3019787,3.4592973223554555
3021569,2.919587786215139
3023351,2.5892598536760545
3025133,2.4090210095442313
3026915,2.906834566906126
3028697,2.948536363050767
3001968,137.8609075065273
3003750,228.44608661829582
3005532,140.31847047901257
3007314,190.14728971541322
3009096,185.98459659794577
3010878,180.67640023054363
3012660,176.42225020552132
3014442,147.28013936854643
3016224,244.44231803139212
3018006,139.88241630960692
3019788,192.15896048663865
3021570,175.73275286063554
3023352,169.13793078909325
3025134,161.51296097651672
3026916,158.34461125340545
3028698,230.72444615759593
3001969,229.63306073305867
3003751,285.89178507231856
3005533,272.16266048138505
3007315,369.3671287444587
3009097,452.40476573473467
3010879,321.3276700807348
3012661,307.5635906525805
3014443,244.8802954244706
3016225,328.3343001285522
3018007,275.94843748975217
3019789,366.63865800417716
3021571,455.62303581675684
3023353,303.5648134704331
3025135,310.1278251901244
3026917,296.4068488431609
3028699,278.0307232881425
3001970,5.303235771108687
3003752,5.304222595552516
3005534,5.29699131385941
3007316,8.231004133902031
3009098,9.590628172225449
3010880,6.203530213496887
3012662,6.615849217089252
3014444,5.589625728454775
3016226,5.8554155796324405
3018008,6.673581448931521
3019790,7.941819290189613
3021572,10.420786796576055
3023354,5.475076195809181
3025136,5.985582727988322
3026918,4.567411706284569
3028700,5.864578506180736
3001971,7.979877039118742
3003753,8.06971191827499
3005535,9.199192587943985
3007317,12.75429242013307
3009099,13.491928200936387
3010881,8.811946922249332
3012663,8.734261346292394
3014445,8.370021968328846
3016227,8.378792998876788
3018009,9.101251006045016
3019791,15.037138904945678
3021573,11.659889641298747
3023355,8.484923509444073
3025137,9.504088097236492
3026919,7.106699588381048
3028701,6.815249663231315
3001972,200.88216268121073
3003754,233.8365338178348
3005536,306.65038292752143
3007318,268.2924723341886
3009100,319.3218884435088
3010882,247.46191032820553
3012664,215.01170014037433
3014446,210.95249793299936
3016228,226.79059252118915
3018010,305.7229432798916
3019792,298.1165027747206
3021574,292.4788883590351
3023356,227.23102552197938
3025138,221.02370319229715
3026920,191.2370917707993
3028702,207.32253871984457
3001973,51.67003270123247
3003755,50.34859693822928
3005537,62.33498105206945
3007319,65.1318886981036
3009101,57.86417035952904
3010883,51.152208496208544
3012665,51.482387101541974
3014447,48.50069319813238
3016229,45.66357416128064
3018011,52.96512578380253
3019793,58.0774246130862
3021575,58.932052796358896
3023357,47.20324595318305
3025139,46.248995284648025
3026921,49.734210398147866
3028703,42.67555602436787
3001974,1758.4558444298382
3003756,1312.818007097147
3005538,1536.0838362308748
3007320,1796.0273322423661
3009102,1999.3706798215424
3010884,1588.368583530042
3012666,2797.758688053392
3014448,1241.4304918428054
3016230,1306.2861830981442
3018012,1529.85790178142
3019794,1713.728898920577
3021576,1750.0626857971074
3023358,1423.9744140027728
3025140,2437.3473124351367
3026922,1365.958089462074
3028704,1315.1847171020404
3001975,66.74018840554245
3003757,11.435836346234131
3005539,4.074134060101673
3007321,19.917007207647792
3009103,28.879123508907963
3010885,14.846018899737784
3012667,14.074380182304413
3014449,20.164624255802998
3016231,5.208273763911037
3018013,7.581672653683375
3019795,11.428843560972295
3021577,22.534287203619048
3023359,34.634917761567024
3025141,8.014842632143676
3026923,16.235889029655677
3028705,9.480954942695197
3001976,11.744490423614678
3003758,12.818887560644225
3005540,12.829379982268136
3007322,22.065650993479185
3009104,20.748999953538398
3010886,15.357304945505827
3012668,15.071686877972379
3014450,12.96662486645348
3016232,10.076802790247914
3018014,11.383406269017579
3019796,18.947016102891
3021578,18.285025860660905
3023360,13.060257415970577
3025142,11.262351259352325
3026924,9.85838267463856
3028706,11.366520223232834
3002010,3.6088542101952363
3003792,3.0402676758324807
3005574,3.7281015081536895
3007356,5.246449892107586
3009138,6.009885707969023
3010920,3.664318737946476
3012702,3.932659647288336
3014484,3.547792097983953
3016266,3.992448700915081
3018048,3.7474761995373846
3019830,6.551348061095476
3021612,5.583776886678165
3023394,3.2020920077119426
3025176,2.4939033726572277
3026958,2.656573091626833
3028740,2.7534165729073177
3002011,0.23132040114057628
3003793,0.25875191677405407
3005575,0.23914273024822863
3007357,0.24146861889035529
3009139,0.2693003420844011
3010921,0.2570256683050301
3012703,0.21295574242284257
3014485,0.19378382830397906
3016267,0.13198140703525854
3018049,0.0755448517026919
3019831,0.07065487426021907
3021613,0.07956838957229598
3023395,0.13566175022480134
3025177,0.13566175022480134
3026959,0.07661584173650587
3028741,0.0877616840729969
3002012,2.920621876946586
3003794,2.4966081211390514
3005576,2.1903396301305547
3007358,3.2866332783266783
3009140,2.919083509980558
3010922,1.8745297472158957
3012704,1.8552897308062564
3014486,1.6568837953679223
3016268,1.605097728244981
3018050,2.0362428136926045
3019832,3.9192503936234173
3021614,2.076422666847555
3023396,2.408493554655398
3025178,2.2193571630155042
3026960,2.347063019072563
3028742,2.1582814760628
3002013,4039.1963088508214
3003795,3615.4123902521965
3005577,3974.9700833164648
3007359,5353.272166752728
3009141,5095.594674854569
3010923,3811.1095551130993
3012705,3749.5660948569853
3014487,4226.35406808093
3016269,3312.125749993311
3018051,5441.968117128132
3019833,6798.025747785699
3021615,5593.064642800732
3023397,4502.3398916648985
3025179,4197.7118541013815
3026961,4567.92534077027
3028743,4219.118238653899
3002014,0.02963535593034485
3003796,0.027520912907841383
3005578,0.017139256543582178
3007360,0.013133129976982688
3009142,0.01795771327614614
3010924,0.023866821128987557
3012706,0.023866821128987557
3014488,0.023447210507465236
3016270,0.027520912907841383
3018052,0.016889824545599976
3019834,0.012884680397235969
3021616,0.017708080568873887
3023398,0.029476486784181462
3025180,0.029476486784181462
3026962,0.021730440045752572
3028744,0.02325605738111132
3002015,387.03776812368017
3003797,345.4963472055927
3005579,373.7131861615613
3007361,440.5446546314375
3009143,543.311885192587
3010925,517.0255594154967
3012707,546.3073353827386
3014489,409.13422986257535
3016271,387.40708763944804
3018053,388.5233125637286
3019835,520.6738906811004
3021617,579.7135656012206
3023399,468.69168424808294
3025181,485.80407070642275
3026963,429.3206007373209
3028745,380.72609566286366
3002016,6.706747836247396
3003798,5.6750780823023605
3005580,5.418176028210373
3007362,9.759206082111676
3009144,5.714201427710731
3010926,4.319913260599875
3012708,4.84453639495904
3014490,5.2479839325379585
3016272,4.5144458561667244
3018054,6.62006784870537
3019836,10.153135109542474
3021618,6.1447405903775225
3023400,6.359241178849568
3025182,5.941640418230154
3026964,8.851642996436583
3028746,7.024756961206064
3002017,1288.4857431224814
3003799,1689.5892089239906
3005581,1713.3198546431809
3007363,2363.8248466927325
3009145,2182.452773130378
3010927,1750.7562880779647
3012709,1389.2678311313334
3014491,1397.9427911839068
3016273,1697.793668762654
3018055,1920.8531501939292
3019837,2051.4885871769334
3021619,1904.9363158106535
3023401,1539.3933041511148
3025183,1627.4979357474156
3026965,1479.6724293753346
3028747,1320.7701668596862
3002018,753.9543311534482
3003800,509.6983752672598
3005582,519.4194314205265
3007364,697.0484876993297
3009146,739.2324862626774
3010928,638.5216677286168
3012710,648.1032653961242
3014492,778.7295642815342
3016274,489.25496374323177
3018056,518.1492517035974
3019838,719.5899644875632
3021620,726.2916589140541
3023402,667.2877234960846
3025184,652.3285561345125
3026966,866.3397253411025
3028748,484.64019091491923
3002019,268.71398664701644
3003801,228.8564163049616
3005583,302.0189183707622
3007365,291.68541140732043
3009147,314.8770819031166
3010929,276.6161764724722
3012711,298.11214893911153
3014493,237.24990793422597
3016275,219.40015401790436
3018057,318.1409131485864
3019839,334.32499729749895
3021621,341.62717947252725
3023403,287.2056774137591
3025185,299.3269316871571
3026967,240.81695795770727
3028749,218.70494368690268
3002020,156.4159593895497
3003802,136.28127662163777
3005584,173.18266383049206
3007366,189.71227648670015
3009148,169.5339417713665
3010930,243.91795603870014
3012712,189.2887453630185
3014494,174.82343803403805
3016276,120.05844657266005
3018058,175.72138326451477
3019840,206.08591359005595
3021622,163.10402253981957
3023404,255.3895136741089
3025186,212.46554277429453
3026968,177.22000060066148
3028750,135.94710025339697
3002021,60.06376056349466
3003803,48.03784479987537
3005585,74.00520149311367
3007367,110.85188750234293
3009149,61.44704032717911
3010931,57.99603989160371
3012713,54.89631082142215
3014495,38.15307227246704
3016277,45.53628084185379
3018059,56.17730048069975
3019841,127.84534059430578
3021623,62.35541770484084
3023405,58.787041076764034
3025187,69.91237736563554
3026969,41.15324540385577
3028751,48.960349841536434
3002022,4696.016714939497
3003804,4352.356751830238
3005586,5157.451225662772
3007368,7039.38581581278
3009150,6282.194543088568
3010932,5642.873872117481
3012714,5872.686745810041
3014496,5128.989311354245
3016278,4439.631786276431
3018060,5155.411743351172
3019842,7700.614209867741
3021624,6780.427543813228
3023406,6235.599877844386
3025188,6292.463135305125
3026970,5700.823995665177
3028752,4843.686195622338
3002023,8.189369888505139
3003805,9.562553931700453
3005587,10.037674939550042
3007369,11.403695410944785
3009151,12.527467475709628
3010933,10.828614953092242
3012715,10.432689525078134
3014497,10.658837194366585
3016279,7.4418253209049965
3018061,10.55547036029652
3019843,14.571838998833607
3021625,10.820672463310409
3023407,7.48277044024816
3025189,9.178023066214006
3026971,8.357884563562717
3028753,8.147212160684761
3002024,1.0685874322094384
3003806,1.1211730770547947
3005588,0.5818805992496643
3007370,1.7222051576887134
3009152,1.2543720447353315
3010934,0.8877013419962154
3012716,0.934174804247297
3014498,0.8643179181702134
3016280,0.8680939637142469
3018062,1.0125777966917457
3019844,1.1579502813484353
3021626,1.3955113260455931
3023408,0.9934641241566293
3025190,0.8994728677993635
3026972,1.2319639632558226
3028754,1.0262026274991678
3002025,23.48686068510155
3003807,23.027672533929156
3005589,22.787819608280444
3007371,25.62146027795173
3009153,23.042339049954425
3010935,24.164999957312876
3012717,24.67750031745575
3014499,24.81311918517442
3016281,23.40883632782706
3018063,22.871811185830953
3019845,29.171882533585478
3021627,36.41286941442114
3023409,24.324365597675907
3025191,24.513412693613695
3026973,23.652436529114052
3028755,23.50035473280483
3002026,23.99725453417317
3003808,16.320570002096552
3005590,27.549096523621888
3007372,30.092314572100705
3009154,26.544288234623036
3010936,18.58894912918879
3012718,19.67276536972621
3014500,19.99218170384858
3016282,16.224301406558585
3018064,20.046170396488808
3019846,28.716090300721746
3021628,28.32863059927572
3023410,22.778128787951992
3025192,26.60272614038221
3026974,24.529059468029917
3028756,21.432579785491015
3002027,0.17583281194141023
3003809,0.22218389424839174
3005591,0.20833417005727087
3007373,0.27797818844308103
3009155,0.28259422199781875
3010937,0.24852425242524792
3012719,0.15427622163553847
3014501,0.23449390743114631
3016283,0.14160184524418193
3018065,0.17820072292625866
3019847,0.19494899514047614
3021629,0.2846192195899995
3023411,0.1118828252297082
3025193,0.13260482239124569
3026975,0.08109569364987859
3028757,0.06584924715992722
3002028,350.6244100570131
3003810,338.02888425556284
3005592,377.49653793504405
3007374,455.77335919540513
3009156,450.516323970171
3010938,614.1390996654679
3012720,552.4764156767443
3014502,378.02865688143777
3016284,335.4779473991477
3018066,324.8642339874816
3019848,569.220055642955
3021630,447.23322474877904
3023412,420.6129461225517
3025194,454.6493493505319
3026976,388.49772688927595
3028758,356.47904229990684
3002029,0.1762388737486557
3003811,0.17382336804066853
3005593,0.16317903436321518
3007375,0.19629811280794096
3009157,0.20668830696459736
3010939,0.17324704742868843
3012721,0.17162501050826875
3014503,0.17588885850423688
3016285,0.17382336804066853
3018067,0.15874670123567688
3019849,0.19173957830967
3021631,0.20209018027939596
3023413,0.17713215910004762
3025195,0.17550475093698578
3026977,0.16050693511041628
3028759,0.1585057535956553
3002030,8.83249654451227
3003812,0.1834081826020091
3005594,0.2284886696689826
3007376,0.3951732294773767
3009158,0.21928322170046816
3010940,0.1850681378825963
3012722,0.1897378763270478
3014504,0.18663020394519478
3016286,0.1834081826020091
3018068,0.32852646062503305
3019850,0.2901523029320553
3021632,0.22032076165218625
3023414,0.14538740622487867
3025196,0.14538740622487867
3026978,0.2096042014423971
3028760,0.19984028955124486
3002031,11.49046397173777
3003813,6.691691851914598
3005595,6.230139582820807
3007377,8.62850703390453
3009159,7.107152735165501
3010941,7.963414503984536
3012723,7.671382450021291
3014505,6.545001732283813
3016287,6.402453412005646
3018069,6.703902155510914
3019851,8.382222866546993
3021633,9.045077293811053
3023415,6.658792269223892
3025197,8.124255201430639
3026979,7.619603219851765
3028761,6.712238020236125
3002032,37.363025584123896
3003814,38.0977121148387
3005596,48.687793107335764
3007378,138.65962370922594
3009160,10.828170542161278
3010942,27.318877486035042
3012724,25.112250725367705
3014506,35.90373690556429
3016288,36.006205736719586
3018070,62.98762210465965
3019852,104.6489730915096
3021634,41.717465253519364
3023416,20.289962598930423
3025198,17.94447225411615
3026980,24.598836559847058
3028762,29.192662055933322
3002033,1.1376217548779946
3003815,1.4081556458517217
3005597,1.5551518882048625
3007379,1.8236390323219913
3009161,2.0324388403517966
3010943,1.299982895407938
3012725,1.3029368728257102
3014507,1.7292623972977292
3016289,1.4029497555973367
3018071,1.2639188219470028
3019853,1.4486127005341438
3021635,1.6380420249140473
3023417,1.2495974405309158
3025199,1.8450146307201791
3026981,1.3886825773138334
3028763,1.3881933237870294
3002034,140.98487962503017
3003816,184.38351837243255
3005598,134.71055743608449
3007380,156.20047723564053
3009162,149.88242762136528
3010944,149.39041402527607
3012726,141.1586456712108
3014508,134.80925211711872
3016290,183.28258429555996
3018072,133.32434845276612
3019854,178.28254168052877
3021636,162.59016844108743
3023418,131.60195932533676
3025200,149.80695326951235
3026982,133.65495599133033
3028764,170.1967525873864
3002035,234.06350027387023
3003817,256.1366554251014
3005599,288.9649065203554
3007381,356.51447883518404
3009163,358.3162854473886
3010945,319.885398318397
3012727,300.5315162571852
3014509,226.2846555571132
3016291,269.16612320494954
3018073,298.8869095405181
3019855,419.4014710193387
3021637,397.14351499529107
3023419,338.71801888216356
3025201,339.44198935225205
3026983,321.3820684011815
3028765,258.12158739550415
3002036,2.044745052217691
3003818,1.9867405027344502
3005600,2.2852999424045666
3007382,3.919255776362365
3009164,3.670995311928235
3010946,2.9717962193671363
3012728,3.009587960721973
3014510,2.9429861213317823
3016292,2.7046439703259315
3018074,2.7872847932116347
3019856,3.8091861516902643
3021638,4.292976861779093
3023420,2.846656615304925
3025202,2.6783318733447756
3026984,2.323663574179315
3028766,2.881084304104392
3002037,6.470147217417191
3003819,7.953096570035491
3005601,6.548415388115271
3007383,8.948167791804204
3009165,9.5945043392551
3010947,6.739785472283605
3012729,8.49743382583624
3014511,6.771232894333965
3016293,8.07170281311352
3018075,8.570807017397382
3019857,10.579064878139578
3021639,10.352677482569552
3023421,7.922947517700704
3025203,9.698568305856458
3026985,6.799119260170444
3028767,7.9326631890412145
3002038,158.2593634702684
3003820,144.04747850825987
3005602,278.9438629417283
3007384,188.25329393525604
3009166,229.51379680139073
3010948,215.95788114544916
3012730,212.62127786786064
3014512,148.067447730394
3016294,150.44824424440068
3018076,251.2090999492562
3019858,210.52964006189669
3021640,188.31630210950124
3023422,177.96808022808295
3025204,179.1577404111069
3026986,163.16975537095857
3028768,172.03322161745018
3002039,55.1547330096911
3003821,49.27286779520108
3005603,58.19518266175359
3007385,74.23060650084732
3009167,64.80415689427196
3010949,69.96141625408309
3012731,60.121670578417856
3014513,52.34694957228584
3016295,44.760915815473666
3018077,49.93991759485739
3019859,83.28330036057876
3021641,55.66470081306061
3023423,51.78832738651138
3025205,52.93531835261031
3026987,52.152674244169546
3028769,45.64537453370376
3002040,1370.5654761149128
3003822,983.7828458930003
3005604,982.7486504093606
3007386,1264.0179150520626
3009168,1139.0036703731291
3010950,1095.2657321987147
3012732,2087.9650237453125
3014514,906.720995058208
3016296,888.3674275458543
3018078,991.5448448715774
3019860,1343.2578495767964
3021642,1118.8151662944667
3023424,1210.9248399822284
3025206,2070.63161333183
3026988,979.3735334865247
3028770,977.433225875174
3002041,55.82526406586028
3003823,0.13497233917152357
3005605,0.09503408623614068
3007387,0.09995227659437758
3009169,0.11056185961321133
3010951,0.12166813206433172
3012733,0.11867334747117625
3014515,0.11840203580885385
3016297,0.13497233917152357
3018079,0.09086142174269482
3019861,0.09576087116990704
3021643,0.10633002601311649
3023425,0.14466044954865956
3025207,0.14160427688875363
3026989,0.10430030751406777
3028771,0.13026149290786637
3002042,5.151195827685659
3003824,4.459383707501286
3005606,4.012413297753084
3007388,7.82796181389887
3009170,5.385723965013274
3010952,4.735995732357241
3012734,3.7304197595089112
3014516,2.4236429299335285
3016298,2.289586370333077
3018080,3.4305088728496758
3019862,5.565743988887696
3021644,5.777800200216986
3023426,5.551354416564502
3025208,3.1541092004572917
3026990,3.525493972504674
3028772,3.7028063589036524
3002043,5.418308871436398
3003825,4.8833759508305
3005607,5.755900095777852
3007389,9.964978944859297
3009171,10.078013819287827
3010953,7.222376374501238
3012735,7.386337510966179
3014517,6.645911613739301
3016299,5.901366855170259
3018081,6.154731098126289
3019863,8.778108528763946
3021645,10.576912446983194
3023427,5.659955554705864
3025209,5.505854556733575
3026991,5.652209562717944
3028773,5.090444955193199
3002044,0.07513157940976403
3003826,0.0747996553760337
3005608,0.07376603001351824
3007390,0.10835260685983054
3009172,0.09318443931495048
3010954,0.06476671430130161
3012736,0.06476671430130161
3014518,0.06607687903928866
3016300,0.0747996553760337
3018082,0.0735027114909967
3019864,0.06939004899377585
3021646,0.0929163588361889
3023428,0.07407368078397913
3025210,0.07407368078397913
3026992,0.06356250917647863
3028774,0.0703385634480982
3002045,6.831353112599502
3003827,5.633681057384909
3005609,6.584021232497356
3007391,9.540904450010322
3009173,11.8680757797481
3010955,6.621821939634072
3012737,6.9757536877025945
3014519,6.279060997511635
3016301,4.263218205731737
3018083,4.194222362212702
3019865,7.870597881639158
3021647,12.061551108836
3023429,7.7545370434470655
3025211,5.602023977828255
3026993,6.71475856514586
3028775,6.186284379634563
3002046,2569.7069882627598
3003828,2636.9222841126502
3005610,2570.8541072461426
3007392,4173.223121767751
3009174,4565.024638776856
3010956,2658.993261163393
3012738,2379.7804671612253
3014520,2439.024228759272
3016302,1783.526919781958
3018084,2215.9802195594393
3019866,3556.899148359957
3021648,3987.2927651186965
3023430,2409.7016368138425
3025212,2261.93713102255
3026994,2401.0595401881415
3028776,1745.7055818034494
3002047,0.03998816921760571
3003829,0.03785246582006515
3005611,0.035681139732337115
3007393,0.0317133742699284
3009175,0.05068469843528576
3010957,0.03330024993821148
3012739,0.03330024993821148
3014521,0.033737803015507085
3016303,0.03785246582006515
3018085,0.03542716072769837
3019867,0.03146036827627164
3021649,0.050427040123610115
3023431,0.03896160042243755
3025213,0.03896160042243755
3026995,0.033936427295185236
3028777,0.03354472787606852
3002048,437.5888835391497
3003830,396.16670846656586
3005612,419.9332904476469
3007394,581.4723084875648
3009176,703.5488784885603
3010958,531.0614312055557
3012740,452.97930747628226
3014522,476.0987087385586
3016304,389.6828490707062
3018086,442.9473958904119
3019868,605.151517418307
3021650,785.5335763634683
3023432,498.90069925246985
3025214,441.3953966304598
3026996,484.3340335631721
3028778,420.2494143809346
3002049,7.130953751728274
3003831,7.224610684490846
3005613,9.00227185254046
3007395,12.242964455470249
3009177,11.270604252138941
3010959,8.065428189186509
3012741,7.378280174404292
3014523,9.442146052297609
3016305,10.580851777395447
3018087,13.708228680199182
3019869,15.445196699982304
3021651,10.889899179298546
3023433,8.092747538779065
3025215,8.437276726153252
3026997,10.290742037065769
3028779,10.041239060802027
3002050,1025.3480719747258
3003832,1259.1321362941792
3005614,1319.8991926636054
3007396,1274.5371882542236
3009178,1634.0165828793986
3010960,1010.3334600513617
3012742,1051.8172996783364
3014524,1218.1711235499995
3016306,1173.440244762673
3018088,888.8701936666815
3019870,1119.9774047984674
3021652,1546.1613688319128
3023434,914.6544150378595
3025216,939.8092279732512
3026998,984.3691388798388
3028780,779.9749966161916
3002051,680.0634218596906
3003833,504.3328182671147
3005615,587.4925798299353
3007397,851.5615398203319
3009179,1049.3050108334046
3010961,751.3088390453853
3012743,678.5404494593653
3014525,689.896876784768
3016307,533.8354062241049
3018089,624.8536144294643
3019871,836.379824145169
3021653,1065.8941553190018
3023435,664.3564373872279
3025217,618.9075839058659
3026999,658.3672099429176
3028781,580.1192420735927
3002052,211.08784051252732
3003834,184.77956446569402
3005616,234.96005855513357
3007398,289.313683540051
3009180,346.8737066064591
3010962,230.82972510984823
3012744,235.62060445459315
3014526,205.36706027783887
3016308,182.09766529169806
3018090,235.52403740915523
3019872,281.0809757337745
3021654,347.7427980974332
3023436,197.0566517500512
3025218,210.86594132851963
3027000,203.1384678163567
3028782,189.44271131705923
3002053,119.6857079087856
3003835,98.18778326626666
3005617,124.93056705642854
3007399,155.3495468707218
3009181,205.39686772603315
3010963,150.06669953876377
3012745,121.4272486171375
3014527,121.69309845301365
3016309,89.2133814328076
3018091,131.67236422285376
3019873,160.59422712665227
3021655,207.2642011817426
3023437,134.31989142178327
3025219,108.60511359255673
3027001,109.01936205811299
3028783,102.51021861042693
3002054,83.03074900853936
3003836,107.66720647798047
3005618,130.22914963419836
3007400,167.66605773423007
3009182,132.3769138169449
3010964,89.14473787191451
3012746,90.63850113157449
3014528,84.23530551388745
3016310,103.84086049738643
3018092,143.76062070517193
3019874,173.9356309924608
3021656,129.8113033322838
3023438,95.9611174755622
3025220,106.47182810211592
3027002,117.93800540257972
3028784,123.09326319289839
3002055,4425.433194003026
3003837,3280.271082336812
3005619,3771.516577392508
3007401,4820.850777655492
3009183,5679.211758649182
3010965,3863.144927669002
3012747,3616.891690569117
3014529,3853.1181030306807
3016311,3275.4999479390863
3018093,3544.0127007826827
3019875,4649.612354972267
3021657,5689.5865207861525
3023439,3406.0882200931596
3025221,3572.9715103666977
3027003,3652.8289743746136
3028785,3126.6680382553254
3002056,33.26291655384856
3003838,36.885827033266025
3005620,49.18072769438736
3007402,65.1400564668878
3009184,44.769359959055436
3010966,33.285829682541554
3012748,32.1355402460907
3014530,32.612488251749475
3016312,24.830930937065514
3018094,40.251910958645276
3019876,49.72327361896394
3021658,51.68401641320568
3023440,37.67096908964058
3025222,32.32897829534267
3027004,25.8541625711144
3028786,26.843569063146877
3002057,0.9260979468270754
3003839,1.0708352787670607
3005621,0.9871523078121858
3007403,1.3478855112257966
3009185,1.33112758061707
3010967,1.064936034464543
3012749,0.9778700284742223
3014531,1.1795031252081039
3016313,0.9297432378246693
3018095,0.9896370100430636
3019877,1.277259337869764
3021659,1.474513017365643
3023441,0.9398936974789269
3025223,1.2227724164939637
3027005,1.0388100143404695
3028787,1.109887546977252
3002058,20.000764480862593
3003840,21.8493640986912
3005622,17.43458202424724
3007404,31.880527571599174
3009186,26.96205565006532
3010968,15.482294884510583
3012750,18.12874971571177
3014532,18.619809881964585
3016314,15.75086342386598
3018096,16.13556799188774
3019878,34.015206781004245
3021660,31.101505035488863
3023442,20.573242656433752
3025224,21.713197726156974
3027006,20.36503775295424
3028788,19.1887733008272
3002059,31.440052463778215
3003841,25.159067485820962
3005623,25.963753494936775
3007405,33.265857070274585
3009187,34.94731836988949
3010969,26.014406264214973
3012751,25.554558750859442
3014533,24.048665250359633
3016315,29.183311930469138
3018097,30.048109712743816
3019879,40.38050523685133
3021661,38.10899376194248
3023443,30.56172979252915
3025225,38.51849279364509
3027007,32.000423887801375
3028789,24.79301333670955
3002060,0.15541354346646877
3003842,0.13706564972156432
3005624,0.12339287101212824
3007406,0.13169634140488207
3009188,0.15401558786209615
3010970,0.12641808564895632
3012752,0.1303929892913737
3014534,0.12934942653895806
3016316,0.11375001806922233
3018098,0.12330413619020932
3019880,0.1316069507064788
3021662,0.15392443420577256
3023444,0.11617748030711432
3025226,0.11473850313188767
3027008,0.12702677076673594
3028790,0.10912725773384784
3002061,271.8031794983096
3003843,221.59502684582523
3005625,233.39840679432123
3007407,328.25631969051034
3009189,438.3354256229726
3010971,306.0162418857326
3012753,276.1991109967104
3014535,266.90235066734965
3016317,198.29916324735458
3018099,211.56501177656614
3019881,302.2037474945131
3021663,442.434383897897
3023445,255.5415866639596
3025227,249.99037540457172
3027009,237.68013384913135
3028791,192.94239085753213
3002062,12.590250113585999
3003844,12.573906923788124
3005626,13.494893522403235
3007408,21.14518426292815
3009190,27.074721579038517
3010972,10.857020821007886
3012754,12.654853371455275
3014536,10.959113018030783
3016318,12.29703546066392
3018100,10.773455035088281
3019882,19.430038185339995
3021664,34.160704214289545
3023446,12.9910176884366
3025228,13.677470272689552
3027010,11.385682919204939
3028792,10.377860607715139
3002063,29.931313107395226
3003845,14.730287070431453
3005627,24.996828662955718
3007409,29.260100046983112
3009191,27.26371675015942
3010973,14.341609451180323
3012755,15.711350779790404
3014537,20.789290806097984
3016319,10.858161221764805
3018101,18.300044521775174
3019883,20.910730598567167
3021665,24.37676371333637
3023447,10.85887147885231
3025229,11.94990835860902
3027011,24.07647530772029
3028793,11.428897400572117
3002064,13.862331616038038
3003846,7.739602125344707
3005628,6.873325037365904
3007410,9.543267780236109
3009192,10.631196264126658
3010974,6.713737207909975
3012756,7.716511687541418
3014538,5.962785355145625
3016320,5.34964025134034
3018102,5.16812944965424
3019884,10.37339618644142
3021666,10.180034904799937
3023448,5.72466082874672
3025230,6.237599860471053
3027012,6.3339846859010915
3028794,5.827292531105606
3002065,89.87239835164618
3003847,175.45981212688682
3005629,275.4573154970506
3007411,262.48269326627525
3009193,88.66753540032188
3010975,98.30990371813137
3012757,82.11438324609102
3014539,114.27626571631109
3016321,89.26034708287038
3018103,125.4218740118183
3019885,227.0816533698608
3021667,72.78152341806359
3023449,54.149725105856206
3025231,65.08184537712418
3027013,62.30163922038378
3028795,57.81662857171459
3002066,7.129706990922424
3003848,7.645880559839659
3005630,7.829099289660279
3007412,14.592065033866678
3009194,13.332670446731235
3010976,8.884189933805246
3012758,6.721522592561258
3014540,8.047354505569329
3016322,8.045404660407296
3018104,9.049861823276288
3019886,12.304305163034853
3021668,15.525654063554065
3023450,9.055133102075414
3025232,7.8424339438984365
3027014,8.92769744523666
3028796,8.947687765543675
3002067,203.64014529230346
3003849,175.1242907810699
3005631,343.91619269812065
3007413,238.5269221095648
3009195,304.2063536246362
3010977,227.10461616372288
3012759,207.96997152237583
3014541,222.636736542244
3016323,173.57723644798537
3018105,348.6355825005067
3019887,238.4082463737093
3021669,274.9637104860884
3023451,209.02687848560944
3025233,193.27038443974502
3027015,206.3889418160461
3028797,189.99044117994362
3002068,343.44721537027635
3003850,325.75836735967704
3005632,297.3667468098139
3007414,519.5485329741206
3009196,615.2558854040442
3010978,348.78786197010913
3012760,614.2976771920632
3014542,554.0086452394368
3016324,227.28951170818854
3018106,242.6857359845985
3019888,428.8871356649183
3021670,499.1727781571972
3023452,284.8913305409693
3025234,327.64475579654857
3027016,322.50025874845693
3028798,237.47357927956827
3002069,11.33754467354143
3003851,12.397300711222877
3005633,11.087107598343627
3007415,14.21744761811961
3009197,18.060372468276665
3010979,11.642705093196794
3012761,9.891564017832119
3014543,10.722700474512521
3016325,8.504382469324495
3018107,11.090085285399569
3019889,12.895646370568379
3021671,16.83683236544783
3023453,11.032355749663658
3025235,10.689323405783973
3027017,11.405509989886678
3028799,10.767442924540847
3002070,9.4664027279084
3003852,7.11710458757549
3005634,7.210198260646674
3007416,10.597668850842627
3009198,11.360338365365966
3010980,8.778465003669675
3012762,9.968473270473043
3014544,6.580256149759777
3016326,6.80728089209063
3018108,7.326356760764753
3019890,9.621969096468751
3021672,12.150291260967391
3023454,10.643443384233676
3025236,7.257871141088257
3027018,7.297829550049904
3028800,7.700275586968086
3002071,203.69992568425823
3003853,154.322784670197
3005635,240.46296982447433
3007417,224.68597428057836
3009199,278.0932006282559
3010981,217.41184675121852
3012763,212.29862831346367
3014545,217.66448338950133
3016327,156.49802153401717
3018109,244.15354719067074
3019891,217.0401676079914
3021673,266.986249119583
3023455,203.78437803041714
3025237,194.07434137010793
3027019,190.14572017501004
3028801,163.85939424185057
3002072,69.19540563750175
3003854,50.748800191145136
3005636,57.563930574028326
3007418,72.54008181583512
3009200,83.23818298095597
3010982,58.20353931343146
3012764,49.409768250276194
3014546,63.15253157829024
3016328,49.821219472899685
3018110,69.26132780327349
3019892,79.45311020693536
3021674,84.02968319022351
3023456,57.03522526729002
3025238,56.480405339177985
3027020,60.85817495312714
3028802,54.41347497017993
3002073,2846.0723561219033
3003855,1580.4373123772557
3005637,1845.5462330586804
3007419,2338.629067704511
3009201,2739.003896819328
3010983,1944.7319826816752
3012765,1773.3322741836057
3014547,2979.49789754168
3016329,1543.4112785850255
3018111,1911.6150534035207
3019893,2302.3774537013574
3021675,2836.5197563633906
3023457,1847.8047608827692
3025239,1737.7164343932243
3027021,2834.5677259418167
3028803,1446.975257038777
3002074,88.63029454084594
3003856,0.36676319927072015
3005638,0.31406647972468454
3007420,0.4858802529593516
3009202,0.5046622757810033
3010984,0.28533936648980257
3012766,0.35793953190040173
3014548,0.40059077014442845
3016330,0.4003286765278452
3018112,0.46114241255982447
3019894,0.549809874722911
3021676,0.7288486475514413
3023458,0.5162952590256298
3025240,0.4261005376025931
3027022,0.42588167007302935
3028804,0.4448644315619119
3002075,5.767257088720803
3003857,6.24024196768499
3005639,8.994278039613762
3007421,9.411084788025969
3009203,8.014748365267618
3010985,5.81954411044874
3012767,4.692258980428142
3014549,5.474144028303314
3016331,4.956387754483973
3018113,8.000110191147378
3019895,9.340581303537606
3021677,10.4120210431096
3023459,5.798716227316673
3025241,6.870938890665941
3027023,5.7664383112608935
3028805,5.058783588624599
3002076,2.532602660392682
3003858,2.1686135913161624
3005640,2.683148776698691
3007422,4.439533182711849
3009204,4.400819464886127
3010986,3.285627138499864
3012768,3.5268090698426047
3014550,3.3427866542152973
3016332,2.979890950584758
3018114,3.0857729242723266
3019896,5.145852031643385
3021678,5.806179961082972
3023460,2.531620901626817
3025242,2.5322719168540253
3027024,2.750277871840141
3028806,3.0533624053256068
3002077,0.06231841848102138
3003859,0.04692432785925454
3005641,0.02965146443869759
3007423,0.028839286720150056
3009205,0.03746380900613391
3010987,0.03806663665900784
3012769,0.03806663665900784
3014551,0.03521275248410698
3016333,0.04692432785925454
3018115,0.032595935862879864
3019897,0.031781435577749165
3021679,0.04043062121856261
3023461,0.06220945103351575
3025243,0.06220945103351575
3027025,0.04674591551766164
3028807,0.04144990892815139
3002078,4.109388331390513
3003860,2.2920383513054223
3005642,3.4434519945854483
3007424,5.917835643247239
3009206,5.847438386350651
3010988,5.661198506010158
3012770,4.841247165179769
3014552,5.56052988585493
3016334,4.95248778116873
3018116,3.244238626287121
3019898,4.096896281026251
3021680,6.872278111760247
3023462,3.0821764390143302
3025244,5.363393794015166
3027026,5.191190456411313
3028808,3.661047462043313
3002079,2903.108384310563
3003861,2145.206069136637
3005643,2960.8726710874653
3007425,3553.1082376075806
3009207,3532.85242995651
3010989,3039.257750448797
3012771,2633.899804660677
3014553,2924.107329552571
3016335,2001.9205576560867
3018117,2483.688128024799
3019899,3492.3429297628236
3021681,3250.1679759089566
3023463,2369.2442051742387
3025245,2486.226631822425
3027027,2386.0842007962274
3028809,1993.9617823247468
3002080,0.034756928510004045
3003862,0.01798234502348192
3005644,0.004435010865278446
3007426,0.0036427236071832516
3009208,0.00847959510933046
3010990,0.014411473342975894
3012772,0.014411473342975894
3014554,0.01080722715528728
3016336,0.01798234502348192
3018118,0.007307371357237018
3019900,0.006512818412866638
3021682,0.011363521809021072
3023464,0.03464755140522426
3025246,0.03464755140522426
3027028,0.0268126922969033
3028810,0.012659265147670136
3002081,489.25738261578175
3003863,369.33800441615
3005645,429.19665457906814
3007427,555.5549258123963
3009209,585.2695560811975
3010991,600.5319391881482
3012773,505.89914415498873
3014555,487.66385333261246
3016337,410.946067447983
3018119,452.06778124612543
3019901,538.022138285021
3021683,536.3421430392657
3023465,499.85960295602905
3025247,484.72438403796156
3027029,438.0576034836475
3028811,396.5578414896711
3002082,11.921386421603524
3003864,12.319811928278353
3005646,13.688581260032953
3007428,15.39901705442984
3009210,8.961986082211196
3010992,7.351524767307005
3012774,6.656509237854693
3014556,8.452894151614675
3016338,7.5835928707847735
3018120,7.648245340714869
3019902,12.174779039729225
3021684,9.297494091930751
3023466,6.309589941980101
3025248,6.121224421778618
3027030,6.9468591039995005
3028812,6.577662259560795
3002083,755.152332827637
3003865,588.0374582291256
3005647,687.630719185773
3007429,875.0710909073399
3009211,936.2971725929764
3010993,801.0942590253045
3012775,775.6857012612372
3014557,729.9055067615926
3016339,649.6545047586701
3018121,659.2304525010557
3019903,810.7177890024024
3021685,873.3831528685554
3023467,699.0083430655351
3025249,760.2395163312281
3027031,698.1145256186254
3028813,595.157657395781
3002084,829.1127735839531
3003866,588.9658779236396
3005648,793.7997044829275
3007430,909.8700798721507
3009212,943.5639983824204
3010994,868.7724603311786
3012776,841.4362762096767
3014558,770.8339658873226
3016340,679.5042000073145
3018122,752.4830102768132
3019904,878.8084881828358
3021686,890.8752124578681
3023468,803.0152399231172
3025250,742.3477134433875
3027032,701.9868799046799
3028814,678.8026714281247
3002085,179.9485402166444
3003867,132.40250294616715
3005649,185.21389381923697
3007431,207.60752706224505
3009213,212.13183914945
3010995,191.83535900952182
3012777,179.0300784408451
3014559,161.68302929665202
3016341,146.48063361490568
3018123,185.6099718235622
3019905,206.70439427918598
3021687,204.78771137282962
3023469,159.05171207690202
3025251,150.38330771108178
3027033,137.3942586537957
3028815,149.17066460176449
3002086,126.73468807096982
3003868,112.97842472525426
3005650,144.68057094281943
3007432,153.5195219387055
3009214,165.41553980380056
3010996,139.89050476411228
3012778,122.51758340218214
3014560,124.02486443945395
3016342,107.05814017763527
3018124,134.761930180712
3019906,147.0558697307465
3021688,151.9141059708903
3023470,127.94455349326776
3025252,113.31087788809992
3027034,110.96880299873631
3028816,106.99798572146256
3002087,105.24245523287433
3003869,89.11683013980203
3005651,115.66519450014387
3007433,113.18118727082464
3009215,101.76274764448743
3010997,92.14458317783043
3012779,110.33650991939697
3014561,95.42289820806288
3016343,99.18025737033028
3018125,118.4533369605209
3019907,110.64942697252188
3021689,107.87904859088898
3023471,89.68865795372527
3025253,103.0502849474875
3027035,106.07804293082816
3028817,92.21499601271351
3002088,3083.5643046697874
3003870,1338.967177257356
3005652,3000.92518661917
3007434,3817.6542963983898
3009216,4096.220932209741
3010998,3381.9338213531273
3012780,3321.731176598469
3014562,3108.2128128722247
3016344,2716.1923204375403
3018126,3121.9238101700403
3019908,3598.4575699915176
3021690,3680.524199025525
3023472,3022.430167595827
3025254,3072.6684388615167
3027036,2953.022137270146
3028818,2599.1843014293136
3002089,33.64508945532329
3003871,30.609783654226558
3005653,35.378524695415145
3007435,43.948774874859865
3009217,35.7698071991554
3010999,31.73557799074817
3012781,33.61055781610199
3014563,30.850417130902123
3016345,24.105397372519757
3018127,29.901579577779017
3019909,35.104139218526136
3021691,36.53966280554792
3023473,26.5736716161758
3025255,26.457103433565194
3027037,29.946629984240495
3028819,26.98983457308662
3002090,0.8309779039769996
3003872,0.9451491711275015
3005654,0.9611502083515928
3007436,1.0673347900033772
3009218,1.0700924124676616
3011000,0.6828900849281745
3012782,0.848179622097329
3014564,0.8186211601338491
3016346,0.8253629387593853
3018128,0.802241089764675
3019910,1.056426911688432
3021692,1.247407185942453
3023474,1.0500013726974569
3025256,1.0075437457995058
3027038,0.9744720075930764
3028820,0.8136097579360695
3002091,22.545108545530603
3003873,14.096746605372504
3005655,20.093286503436413
3007437,25.258861393045272
3009219,21.812775113826202
3011001,14.10097602530715
3012783,14.368394999772816
3014565,10.787368621169453
3016347,12.925617917120586
3018129,15.058746386125435
3019911,21.559691810848296
3021693,22.29325950214871
3023475,16.86546388971035
3025257,15.177638433654945
3027039,19.716734059139313
3028821,20.455252615978456
3002092,21.371747963634597
3003874,14.571022583496909
3005656,17.491501891261553
3007438,21.527819761052356
3009220,22.241022208867957
3011002,16.237595945388474
3012784,17.036663324372455
3014566,17.601393378521127
3016348,16.13339755730253
3018130,16.07551835115637
3019912,24.20842401410968
3021694,22.691909730875132
3023476,17.31668528953914
3025258,16.697151483671515
3027040,16.675443469908235
3028822,19.20963798005119
3002093,0.06756934297733855
3003875,0.06308426989950436
3005657,0.049856464479847366
3007439,0.0871335417110172
3009221,0.07597316751175136
3011003,0.06213952706550476
3012785,0.06077021567612529
3014567,0.06396489401644963
3016349,0.046674320324126745
3018131,0.0497735381690082
3019913,0.06570535715182915
3021695,0.07588817828859323
3023477,0.0689507752077676
3025259,0.06757268275015797
3027041,0.07911146800297902
3028823,0.041201208694751884
3002094,249.75937271736336
3003876,170.2118017418603
3005658,190.47506900386122
3007440,267.2457936514114
3009222,302.91436162151734
3011004,266.4975215254186
3012786,212.63704730330187
3014568,208.41579212529282
3016350,180.35237218469695
3018132,191.9316671339379
3019914,258.800552329435
3021696,268.0307481251645
3023478,207.18277411710596
3025260,195.98991620164637
3027042,191.0367503724755
3028824,178.63753571470377
3002095,12.63783238083482
3003877,13.369700342013486
3005659,14.903777084294637
3007441,23.697464369106882
3009223,20.852126838908557
3011005,12.897145698628714
3012787,12.820379127797109
3014569,13.170191974776186
3016351,11.999731057483238
3018133,8.083132315513039
3019915,19.160630622207876
3021697,23.496449667093973
3023479,8.933608707614919
3025261,12.60797426858911
3027043,9.659566840472372
3028825,8.567940043130744
3002096,47.33423402981378
3003878,31.192636421071697
3005660,44.73422309829735
3007442,47.29498240896609
3009224,36.9223821907455
3011006,31.368337014019616
3012788,29.033770435470206
3014570,36.18173859052815
3016352,28.15207467686641
3018134,37.58068001717033
3019916,40.08935232434767
3021698,32.11435634418122
3023480,28.998243879844946
3025262,30.32481698976293
3027044,38.20812903136558
3028826,30.232961361364822
3002097,10.538682252689583
3003879,4.149784542146252
3005661,4.087877971398962
3007443,7.884096258452704
3009225,7.6591365709390296
3011007,4.424630658088125
3012789,2.7552981915029253
3014571,9.486951426454539
3016353,3.6409935238751148
3018135,4.98039316916594
3019917,4.01920778635132
3021699,5.144818039815939
3023481,4.799891008131652
3025263,2.843137953169031
3027045,3.8201608472038497
3028827,4.68601760540495
3002098,57.8545751726687
3003880,56.79739583724857
3005662,81.88494833267592
3007444,142.10833740747972
3009226,75.33440736140612
3011008,49.75108266767169
3012790,52.59643975453121
3014572,63.77002211517076
3016354,57.79229337403093
3018136,68.97170783815741
3019918,124.49770092125112
3021700,58.729581874974706
3023482,44.32927719976215
3025264,40.897696475341114
3027046,60.88958225731169
3028828,61.16400745780728
3002099,8.051431545402856
3003881,7.657487267890733
3005663,9.06926486032922
3007445,11.45258355074204
3009227,10.94192003746885
3011009,7.48852883038451
3012791,7.591132752844182
3014573,6.7907771795957625
3016355,7.061395019810121
3018137,7.590113343489959
3019919,9.145591613628923
3021701,13.30920824771555
3023483,10.123788441594323
3025265,7.370139225244914
3027047,7.82834358274167
3028829,7.592533820356067
3002100,230.8077570162412
3003882,219.1686712522152
3005664,339.8625380024904
3007446,279.3091687079799
3009228,256.91624680566576
3011010,238.74631344070983
3012792,223.54709183917274
3014574,228.09117256428826
3016356,226.23609878043186
3018138,326.685810770519
3019920,272.3560930843835
3021702,244.08029267338802
3023484,212.77394845349815
3025266,215.24716910541332
3027048,216.48685211246243
3028830,226.0853108362028
3002101,202.18895607137682
3003883,137.14992507300846
3005665,231.7329361304624
3007447,254.23149003980612
3009229,294.06600278534717
3011011,294.85860360621086
3012793,220.8106143412483
3014575,217.33675718276166
3016357,187.58608696056285
3018139,196.08795419279917
3019921,266.5210233883486
3021703,312.77147727295454
3023485,199.42413242279454
3025267,228.52832310670792
3027049,223.13459198660192
3028831,186.1131855760151
3002102,7.964474291328349
3003884,7.620709551835258
3005666,8.294937755675551
3007448,12.983089734047121
3009230,12.027217480924433
3011012,9.04031496057279
3012794,8.321922773951092
3014576,9.036304483405752
3016358,8.577285001045805
3018140,7.249055402785878
3019922,11.25471293957486
3021704,12.413022176457355
3023486,6.646438362029006
3025268,7.571739846632692
3027050,8.55288127123573
3028832,8.629992847875474
3002103,8.260253128115558
3003885,7.743580243562759
3005667,7.043548423013695
3007449,9.351106569831668
3009231,11.383065469753724
3011013,7.380022785813784
3012795,8.354403942403838
3014577,7.203940018071368
3016359,8.065688025157634
3018141,7.584846216869824
3019923,11.077941521587325
3021705,13.065192858024941
3023487,9.158956738947873
3025269,7.682502061863055
3027051,6.553298764243316
3028833,7.352763652875714
3002104,240.07477770480233
3003886,205.4470901787006
3005668,267.8179236600522
3007450,257.41952057538293
3009232,272.50861465118703
3011014,224.0585618662221
3012796,222.84379275492978
3014578,229.27403780298258
3016360,202.98189052396853
3018142,282.132550562601
3019924,257.13871824947313
3021706,247.67483689420703
3023488,202.33541781971059
3025270,202.98591353406536
3027052,202.15455913297217
3028834,203.58701531978696
3002105,58.85602760422633
3003887,52.49359361572059
3005669,52.52768827402473
3007451,63.55820071329896
3009233,64.32685462634517
3011015,53.191748921265926
3012797,48.02583911702057
3014579,54.75069758015396
3016361,47.446103106653
3018143,49.266009609620305
3019925,56.93078034199856
3021707,61.668341970037346
3023489,51.48309571353808
3025271,46.58658100733886
3027053,42.7743503897836
3028835,42.96486570455486
3002106,3261.829976522257
3003888,1820.7278062477799
3005670,2323.4481791143985
3007452,2596.781753974498
3009234,2678.597652881766
3011016,2378.867560936899
3012798,2179.785232975763
3014580,3061.515158758217
3016362,1876.724687458419
3018144,2215.930656862789
3019926,2299.6773955846465
3021708,2524.480481327065
3023490,2034.1981805921675
3025272,1983.1047550971196
3027054,3271.8301123023875
3028836,1855.5979729507458
3002107,103.94786801331499
3003889,0.2087527093311488
3005671,0.1667046929409626
3007453,0.21433120328885044
3009235,0.23887358243000384
3011017,0.18863535105233792
3012799,0.09581720925722124
3014581,0.09949601027748575
3016363,0.11578620097189608
3018145,0.1844971494239994
3019927,0.26771421395449496
3021709,0.2589565112101795
3023491,0.296131720142046
3025273,0.35794005841129095
3027055,0.3039025314630193
3028837,0.4020206458804169
3002108,12.608842216462982
3003890,12.814006031270605
3005672,21.061468905392807
3007454,16.15808997676038
3009236,21.0918096120964
3011018,14.652533337033484
3012800,14.145752837320934
3014582,13.478555545391016
3016364,13.321618887463773
3018146,18.497488125626177
3019928,17.923993475780723
3021710,17.703657130580076
3023492,11.535233935477065
3025274,11.67972416826617
3027056,12.39113624160276
3028838,12.210958191004847
3002109,4.398846557296107
3003891,3.948792412246389
3005673,4.323891177635122
3007455,7.0034957968115314
3009237,7.115035700500316
3011019,5.235338196535292
3012801,5.1750600208197435
3014583,5.395492984194726
3016365,5.118961576171165
3018147,4.7089403441532935
3019929,9.186330490531997
3021711,9.815465965685366
3023493,5.494205648973021
3025275,6.4761962530690775
3027057,6.135009660677211
3028839,5.818849250984628
3002110,0.17023489801545358
3003892,0.17330034843232184
3005674,0.15358528669634794
3007456,0.2323046514828933
3009238,0.26320740729381303
3011020,0.1542276555010628
3012802,0.15297639351824074
3014584,0.1480460204874793
3016366,0.19619948688472189
3018148,0.18459939813849038
3019930,0.025596246937974423
3021712,0.05095679625564136
3023494,0.05522559850104102
3025276,0.05522559850104102
3027058,0.03602681685085547
3028840,0.09862879927377288
3002111,2.397722599114482
3003893,1.8183378966378179
3005675,1.236175107326948
3007457,3.1221508070325577
3009239,3.3173334525105567
3011021,2.5528397581928566
3012803,1.7387536483527466
3014585,2.578608482342397
3016367,2.188646506347905
3018149,1.5612631062207378
3019931,3.004698588566911
3021713,3.987381859910606
3023495,1.5989518609651738
3025277,3.339448708084748
3027059,2.9165357933144658
3028841,1.97877141339776
3002112,3999.794101848213
3003894,3989.728630056253
3005676,4072.5856097884607
3007458,5467.823322692417
3009240,5967.761946584963
3011022,5794.963033984206
3012804,5114.890054477371
3014586,3985.0041192116373
3016368,4119.69938457448
3018150,4424.374440386888
3019932,5442.411908624928
3021714,6391.141590369397
3023496,4605.970421869013
3025278,4725.870561809803
3027060,4360.783040788147
3028842,4061.495193122456
3002113,0.004404810383549486
3003895,0.0112981873262167
3005677,0.0
3007459,0.0
3009241,0.008733503945541694
3011023,0.004576006591882294
3012805,0.004576006591882294
3014587,0.005402899543504208
3016369,0.0112981873262167
3018151,3.403085553557869e-05
3019933,0.0
3021715,0.0094310952046885
3023497,0.007269702192268658
3025279,0.007269702192268658
3027061,0.0010510410567000246
3028843,0.007713524938792656
3002114,469.72765150369327
3003896,470.3125844183787
3005678,527.622057419435
3007460,612.6050940439208
3009242,743.9726534240737
3011024,678.7867635385733
3012806,621.8283785625656
3014588,520.0067574330105
3016370,464.16759529231996
3018152,508.4218096540831
3019934,591.2005701841127
3021716,796.8894029951757
3023498,585.4151477640669
3025280,593.4322354674096
3027062,511.7261510029572
3028844,460.1129296659947
3002115,8.587950464721953
3003897,10.287017547059435
3005679,16.004426991971084
3007461,18.14701834553369
3009243,15.957067702615781
3011025,9.70435584594149
3012807,10.723732943046713
3014589,9.786360088461487
3016371,8.59236867427544
3018153,14.561911116270997
3019935,15.703736742310198
3021717,14.192355353920039
3023499,10.385658353147257
3025281,12.992398571103738
3027063,10.310966373537513
3028845,11.286710282893983
3002116,964.3294712350747
3003898,1008.2075217903697
3005680,1115.4360356090237
3007462,1457.3011391130162
3009244,1523.599240736745
3011026,1394.215499376624
3012808,1206.8441938067199
3014590,1124.5062233996698
3016372,1079.5335169648206
3018154,1254.7978956344116
3019936,1390.9184451643725
3021718,1647.9333996648493
3023500,1259.0270643114568
3025282,1262.1192225846974
3027064,1178.9884470358145
3028846,1105.8239708970268
3002117,637.9319154772593
3003899,493.17006947882936
3005681,511.39526448853815
3007463,706.9350555490715
3009245,793.7360079489083
3011027,730.2382996695876
3012809,698.0787328205881
3014591,671.0022222645827
3016373,503.68428015855574
3018155,514.8921173433238
3019937,685.1748541315201
3021719,882.0661578274227
3023501,702.7915720864361
3025283,724.655981846588
3027065,728.4410098985552
3028847,517.313736401541
3002118,250.07758715033847
3003900,232.88166858478007
3005682,296.31960116232233
3007464,306.1642579668878
3009246,346.2025138266316
3011028,315.9193610962378
3012810,276.1220971196159
3014592,243.31527171179607
3016374,236.94221700163757
3018156,269.25285547927814
3019938,317.03459675397454
3021720,385.79039899454017
3023502,304.8884753898162
3025284,286.54445583588205
3027066,284.3270210721214
3028848,245.1237863796619
3002119,168.26082433028168
3003901,182.65384382214543
3005683,187.51972451785804
3007465,183.31499240465496
3009247,211.33031638763828
3011029,376.36975745320314
3012811,180.91484297604094
3014593,191.07998520397143
3016375,159.71934628813202
3018157,171.0141766321614
3019939,219.35152040380285
3021721,240.28404442437002
3023503,372.53576810642625
3025285,246.5651843187924
3027067,191.6014446281951
3028849,139.79373156394303
3002120,43.84574713584742
3003902,46.94605518323611
3005684,55.23457991756646
3007466,103.75873632366078
3009248,62.60026164708916
3011030,51.15456978879633
3012812,56.19410341834514
3014594,56.13330255553146
3016376,48.207743918705496
3018158,67.50422205357918
3019940,135.29865583087704
3021722,68.7041598003613
3023504,53.253981869174375
3025286,57.22122650943091
3027068,51.097509399540264
3028850,59.94233833337843
3002121,4088.6648192458456
3003903,3951.3730645118267
3005685,4446.974732740152
3007467,5271.477558998863
3009249,5809.530647683134
3011031,5196.762724999536
3012813,4750.867104980434
3014595,4154.558325198644
3016377,4032.536454282751
3018159,4375.323149583769
3019941,5518.581470242522
3021723,6691.102540401531
3023505,4941.275030504528
3025287,4934.134305329153
3027069,4347.606519043751
3028851,4278.362900547988
3002122,7.4465551385787485
3003904,5.267414925120034
3005686,5.622171037350033
3007468,8.872952112325141
3009250,9.433672453886821
3011032,6.058352933781842
3012814,5.754801013538413
3014596,5.506957669946942
3016378,5.358583336624754
3018160,8.828535209476962
3019942,10.286681522514543
3021724,11.482720498067422
3023506,9.960852136683767
3025288,8.358801314720973
3027070,9.589724562413918
3028852,9.069139306844878
3002123,0.3908654129897113
3003905,0.394533619513979
3005687,0.4246226831580179
3007469,0.3987900623825924
3009251,0.3857152089000428
3011033,0.28683825095318005
3012815,0.285179257733911
3014597,0.2855480104393389
3016379,0.3734860953762598
3018161,0.2839516882683696
3019943,0.3984387269101623
3021725,0.38536715745139055
3023507,0.2964794292991279
3025289,0.29480800666264967
3027071,0.3361975213137955
3028853,0.3008911817166299
3002124,14.987956252388297
3003906,12.640346305366837
3005688,11.85302175243599
3007470,21.526929285978504
3009252,19.883602793809466
3011034,15.955097489615696
3012816,14.471918253585882
3014598,14.747098575095436
3016380,14.831697905490438
3018162,15.095620886359129
3019944,20.559229645455723
3021726,21.656497485508357
3023508,13.650933950257171
3025290,15.76620229653684
3027072,12.519092989893297
3028854,16.014260205774303
3002125,21.151205047608556
3003907,13.70741798554943
3005689,14.195948822572804
3007471,20.485263254261408
3009253,21.7362687031481
3011035,16.93396269280797
3012817,14.77997273528009
3014599,18.028852317413445
3016381,15.196860387890386
3018163,23.337579723403984
3019945,31.94643701765869
3021727,28.787440597192386
3023509,16.80772677622878
3025291,18.423454741989573
3027073,21.68248660822273
3028855,16.332775918853752
3002126,0.11084103213866794
3003908,0.11375089930364365
3005690,0.11800355084779043
3007472,0.07817383448701647
3009254,0.12175238642038977
3011036,0.09804843726856921
3012818,0.09663283207459221
3014600,0.09771954230696829
3016382,0.10131900891073899
3018164,0.08136319265136116
3019946,0.0780886714370546
3021728,0.1029287319194022
3023510,0.08235575150737266
3025292,0.11913767436237709
3027074,0.11770077863764242
3028856,0.121718920717007
3002127,236.481799859055
3003909,217.94095651877424
3005691,221.43578521697728
3007473,291.36992827096395
3009255,331.57673780930645
3011037,291.5829083571809
3012819,266.7339937699978
3014601,243.7580409327405
3016383,235.45643430608433
3018165,249.904216485567
3019947,289.28265427725324
3021729,381.4720245138323
3023511,288.01693120070587
3025293,266.60451054025793
3027075,265.5978588604566
3028857,227.76040052774218
3002128,0.04844221529652811
3003910,0.05563782738234055
3005692,0.047825048986203246
3007474,0.057876157461484716
3009256,0.08576680231709495
3011038,0.05588860595098417
3012820,0.054428819364300184
3014602,0.05912944776937094
3016384,0.05563782738234055
3018166,0.04382607212991633
3019948,0.053838821004793536
3021730,0.08162302247713821
3023512,0.05382560886907389
3025294,0.052368674416082416
3027076,0.03696712536235329
3028858,0.047494848802037394
3002129,25.829805625374412
3003911,3.580847287289867
3005693,4.304151259654356
3007475,8.205721731232913
3009257,9.101714290720723
3011039,4.831075002602552
3012821,9.077159695128346
3014603,5.723821034580269
3016385,6.2040461342288955
3018167,6.161446517674116
3019949,9.086244880609476
3021731,9.229241020035186
3023513,3.942383695244841
3025295,10.334084845835749
3027077,6.247959140759436
3028859,7.088611439717031
3002130,11.564516594952773
3003912,1.147458924255572
3005694,1.2891814611871655
3007476,1.4395364463903788
3009258,1.6769260722537758
3011040,1.3024735410812283
3012822,1.301180345246984
3014604,1.2733594245353688
3016386,1.2266101074810023
3018168,1.4359099239094015
3019950,2.2256919255919274
3021732,1.6153363672393901
3023514,1.4669451620194418
3025296,1.6486235359827277
3027078,1.625664785715193
3028860,1.5632451847109854
3002131,44.402256228072645
3003913,41.40675770593226
3005695,62.80234283153936
3007477,162.0799088949971
3009259,91.32459593080891
3011041,43.14678291567108
3012823,57.87409147828411
3014605,37.118425944063034
3016387,49.13091781610267
3018169,77.62900083855018
3019951,135.33290050260032
3021733,62.244197619400055
3023515,40.18495630674346
3025297,40.684803939525864
3027079,45.69910071154834
3028861,54.84435151027442
3002132,1.957290332434055
3003914,1.491977928531572
3005696,1.4451437010538557
3007478,2.3022577370703683
3009260,1.5507078781884807
3011042,1.5798945476880872
3012824,1.7673745381073656
3014606,1.1717973584023609
3016388,0.8914127673099597
3018170,3.048240528695846
3019952,3.2239352131820826
3021734,2.5384460279602985
3023516,1.6817436836226984
3025298,1.4254416112503936
3027080,1.8424139075907395
3028862,1.8131283115456074
3002133,187.09531890058832
3003915,257.6475644587362
3005697,205.19966431556213
3007479,194.15428750114705
3009261,213.12349994433083
3011043,242.0409579220169
3012825,231.46175113157577
3014607,206.1458968061204
3016389,288.9858296142941
3018171,204.2850757969546
3019953,204.9839113849301
3021735,239.27712638441784
3023517,233.0110647717287
3025299,207.64431717780027
3027081,203.66161074774038
3028863,300.7106845231432
3002134,234.59122317618065
3003916,235.40472991188943
3005698,257.03915444989605
3007480,375.9625112706425
3009262,358.3045616285895
3011044,325.12728241519426
3012826,257.76717409423577
3014608,254.50918231370497
3016390,227.0027284924517
3018172,296.2094979840429
3019954,361.4074610920183
3021736,426.5168568748063
3023518,291.2648028677037
3025300,299.39942139612714
3027082,283.50569272245207
3028864,276.4538484969048
3002135,2.1038819689978565
3003917,2.460730664687185
3005699,2.8527208982890206
3007481,3.8633119355075536
3009263,5.653556618881077
3011045,3.4343251449121217
3012827,2.742899926668703
3014609,2.4147688287690046
3016391,2.0257728581190726
3018173,2.078497012392255
3019955,3.0104765270208445
3021737,2.796331758859052
3023519,2.305758052813577
3025301,2.5181020742507063
3027083,2.5824807869728206
3028865,2.6408903645367876
3002136,2.5263982856790745
3003918,2.6720109726061865
3005700,2.6565850057346188
3007482,2.401330360259471
3009264,2.752205212268602
3011046,2.7901934318792434
3012828,2.5946833233189035
3014610,2.5947198038524255
3016392,3.377102807497133
3018174,2.855322030041289
3019956,3.701631086010787
3021738,3.2657308022487044
3023520,2.2728787968464363
3025302,1.6987009484721312
3027084,1.3610976880794934
3028866,1.730105927138109
3002137,218.9664104086373
3003919,207.20447308854642
3005701,349.6630653404523
3007483,242.35273229406897
3009265,294.35320668907093
3011047,203.3829093755292
3012829,288.5378472591449
3014611,239.9846338367038
3016393,212.1532860283527
3018175,346.79514927771635
3019957,230.5617686284475
3021739,300.3535283148248
3023521,216.96915056276745
3025303,268.96609374446206
3027085,245.32893533293588
3028867,214.30472649993231
3002138,102.99494223923364
3003920,101.55769328283748
3005702,119.35571270062295
3007484,118.474856667035
3009266,152.2342557019715
3011048,128.83773883602984
3012830,153.54236216870964
3014612,105.12036806769522
3016394,130.95439429006726
3018176,128.896459954949
3019958,112.58440717559556
3021740,121.6876348187911
3023522,143.25041164801667
3025304,137.16824213471432
3027086,98.75730443477913
3028868,104.56146197527042
3002139,1391.1909524797998
3003921,790.8087490254587
3005703,1010.9657240873671
3007485,1198.334963391226
3009267,1265.4111136832735
3011049,1115.3820586247475
3012831,2126.6074149067954
3014613,935.6561718247435
3016395,1077.9491198197336
3018177,1180.5100726767869
3019959,1307.6136674603717
3021741,1585.2020240822621
3023523,1161.927386191485
3025305,2260.8678071306394
3027087,1025.04335208127
3028869,1071.8053764755462
3002140,58.58411669050472
3003922,1.654278752777552
3005704,1.227011468397062
3007486,1.567237152892507
3009268,1.3189500915842483
3011050,1.1356590561727948
3012832,1.052652115923911
3014614,0.7050886018137166
3016396,0.6864594332210432
3018178,0.6673031302030659
3019960,0.9579323986214039
3021742,1.707572080102373
3023524,1.4376253790331628
3025306,1.587907623620576
3027088,1.3231767836008776
3028870,1.2962233843992803
3002141,0.8779515920047083
3003923,1.1015126450260482
3005705,0.8115106339589535
3007487,0.9719524188113611
3009269,1.1306429280597228
3011051,0.7964787001938445
3012833,0.6929321416604861
3014615,0.6875208708430696
3016397,0.4725572147555119
3018179,0.4524711411629787
3019961,1.9982850529179852
3021743,0.8519003486766148
3023525,0.5410303759849666
3025307,0.6320031848771819
3027089,0.45725316208428385
3028871,0.45288623561016006
3002142,12.755084128541798
3003924,12.729465522456477
3005706,12.239819185817355
3007488,22.308750732123954
3009270,19.041393003391736
3011052,12.179884338251108
3012834,11.37891811683265
3014616,12.452932257696212
3016398,13.391370881449545
3018180,12.42396918666036
3019962,23.01981426722044
3021744,27.35942576055586
3023526,14.741969144018956
3025308,13.047881728450173
3027090,12.442638888801714
3028872,11.465118440714711
3002143,0.05511326562145748
3003925,0.06144549825974701
3005707,0.06590180049305572
3007489,0.06257747705034511
3009271,0.080877172552891
3011053,0.0467613885776439
3012835,0.046238872422721664
3014617,0.05343659338312139
3016399,0.06144549825974701
3018181,0.06467208807964198
3019963,0.06135159985120885
3021745,0.07963018331256042
3023527,0.054227296892993194
3025309,0.05370105395014342
3027091,0.047849828498082565
3028873,0.061664944096669776
3002144,14.813704350267829
3003926,11.695698143533292
3005708,15.905514480453562
3007490,24.440228648221847
3009272,27.808076218209724
3011054,14.895080821967538
3012836,13.130974298398115
3014618,13.430682524136365
3016400,12.79270651825676
3018182,15.793051745259014
3019964,25.960981685855472
3021746,28.37509042253483
3023528,14.305102744940235
3025310,11.993918258468872
3027092,12.580333229394537
3028874,11.314319824190779
3002145,8645.195879781766
3003927,8144.690946015007
3005709,9363.496012476093
3007491,13157.01308276142
3009273,14003.946942208875
3011055,9352.717637284575
3012837,8088.17542871717
3014619,8697.54914347719
3016401,8309.753538179135
3018183,9995.405853657025
3019965,14058.677316613695
3021747,15028.345977486752
3023529,9549.19038367964
3025311,8738.97215137545
3027093,8514.73969608985
3028875,8139.567929294632
3002146,0.04840344724168754
3003928,0.05469541109336834
3005710,0.05792494363885468
3007492,0.054625498334287224
3009274,0.06969892998243625
3011056,0.04689033118410782
3012838,0.044265001676613534
3014620,0.05013323603593975
3016402,0.05469541109336834
3018184,0.05670443398679204
3019966,0.05340879519502579
3021748,0.06846483688661231
3023530,0.05094770182495545
3025312,0.04831219748390989
3027094,0.04638725118427145
3028876,0.0549134614007703
3002147,1495.109595677693
3003929,1310.6985999064786
3005711,1542.8973866235976
3007493,2061.6586601959043
3009275,2316.484084847277
3011057,1703.2145522354083
3012839,1560.1221556613566
3014621,1637.4949976187356
3016403,1309.2239864711075
3018185,1613.9112070444455
3019967,2084.7197475278117
3021749,2328.1201855795553
3023531,1545.123925218585
3025313,1405.759546462372
3027095,1453.913804437702
3028877,1296.5985523572076
3002148,30.224446723855706
3003930,26.622051359088918
3005712,31.145099469184196
3007494,37.5755107834406
3009276,26.974962727648215
3011058,21.071278166323115
3012840,21.17851779523066
3014622,22.4545624844934
3016404,23.26719425978559
3018186,27.66842001606858
3019968,34.03714535820704
3021750,23.140930038711605
3023532,20.1939871916507
3025314,18.92017041563252
3027096,22.886260368895492
3028878,28.27587329458739
3002149,2650.5316146647338
3003931,2011.457565406988
3005713,2435.912293289253
3007495,3395.7307148653445
3009277,3776.9498233149407
3011059,2478.2557478203476
3012841,2526.885191777793
3014623,2498.0191804778447
3016405,1970.1945516449528
3018187,2329.971822687135
3019969,3223.385466481486
3021751,3537.428192836216
3023533,2208.5762721328074
3025315,2222.892272516985
3027097,2291.412089155098
3028879,1991.919985690033
3002150,2261.2657381390136
3003932,1940.4208550087653
3005714,2406.74293724975
3007496,3200.6408340379467
3009278,3531.9195005079496
3011060,2288.721444351755
3012842,2217.683407020946
3014624,2269.2852345275
3016406,1873.1218274379046
3018188,2319.7020291062836
3019970,3262.5065561136394
3021752,3439.978568509661
3023534,2140.793037982739
3025316,2127.9330464650293
3027098,2245.8580084141804
3028880,1919.8556595042933
3002151,485.9591977772898
3003933,442.438258355172
3005715,651.7551303491794
3007497,751.69031245532
3009279,938.2154481640246
3011061,574.790686568292
3012843,526.5597099287944
3014625,489.54495042838647
3016407,422.4710223491394
3018189,597.5623464478684
3019971,760.002168702377
3021753,901.3597081673205
3023535,521.9368555586938
3025317,499.26169907230457
3027099,469.98162872037966
3028881,421.28196477044196
3002152,544.5107145966624
3003934,440.57149470600586
3005716,664.5740627827778
3007498,751.7952153879562
3009280,922.4561245926237
3011062,605.661754146023
3012844,516.4268144047238
3014626,544.9675976249528
3016408,421.78634453593537
3018190,693.3886218792409
3019972,781.2778490957414
3021754,938.0629668336254
3023536,556.1770208049933
3025318,489.0060954190547
3027100,516.4388115096764
3028882,405.3230238496971
3002153,413.2093732891726
3003935,357.02310392684825
3005717,466.6002180318437
3007499,550.3452091487624
3009281,548.1269090541108
3011063,342.9683646902323
3012845,361.5059295858081
3014627,357.7830040085785
3016409,350.76317005155613
3018191,437.2760012797663
3019973,531.0377697143921
3021755,500.3570058697932
3023537,313.99745363363206
3025319,352.0867327017526
3027101,390.4293349333056
3028883,376.67076951669287
3002154,9337.040105562577
3003936,8111.614468077891
3005718,9772.76067057069
3007500,13564.99445300047
3009282,14512.018271827068
3011064,9758.63884356581
3012846,9030.141005180287
3014628,9537.731758381684
3016410,8237.71138977249
3018192,10064.174525983404
3019974,13825.26440927824
3021756,15156.810695450808
3023538,9476.100750733814
3025320,9259.57954470771
3027102,9605.406830177626
3028884,8254.712918736896
3002155,92.11296136209843
3003937,81.35917438888549
3005719,100.70772241885375
3007501,114.90153246835243
3009283,127.1005051349565
3011065,93.24462039518625
3012847,95.45889825428587
3014629,92.50287704049208
3016411,85.01840778340586
3018193,93.16731529485087
3019975,127.64153458075074
3021757,102.74708522412033
3023539,80.01866573504928
3025321,82.6201320724904
3027103,100.08768600142176
3028885,81.31712767376804
3002156,3.1895927852558508
3003938,4.405331850703341
3005720,4.264943056341231
3007502,5.263702265626202
3009284,5.133396738729387
3011066,3.9459440702930637
3012848,3.3251369575635064
3014630,3.1355852314641783
3016412,2.7114074084982542
3018194,3.281249536721398
3019976,6.202144030960797
3021758,6.305904758259805
3023540,3.813533976283753
3025322,3.2956544515712913
3027104,2.9522335563322812
3028886,3.148433900495095
3002157,77.03796133486404
3003939,84.43387892259766
3005721,119.36856082569625
3007503,139.59373810017937
3009285,136.90344189959717
3011067,71.92251099412888
3012849,82.94828877430017
3014631,82.34285393293163
3016413,72.04380138549415
3018195,74.74668314838162
3019977,121.63545627392843
3021759,143.6080865512817
3023541,58.832552771557324
3025323,92.66325256438081
3027105,88.09570434631335
3028887,75.62886317696324
3002158,102.42906554157233
3003940,89.39091680832313
3005722,92.2362744286776
3007504,176.2034833564455
3009286,158.89348381236988
3011068,100.35165956468727
3012850,96.39649305123034
3014632,102.63686627559218
3016414,101.95469523579126
3018196,94.85626184590359
3019978,172.79198968694953
3021760,156.30586530173716
3023542,87.88026136704218
3025324,102.69508927868151
3027106,105.37520665388313
3028888,102.04949480945751
3002159,0.46478670444280684
3003941,0.4886997870791108
3005723,0.6164933045811904
3007505,0.791014535492333
3009287,0.8641733470876796
3011069,0.6279309263444726
3012851,0.503450638296874
3014633,0.4521726766651207
3016415,0.3337072653214388
3018197,0.28507702049562633
3019979,0.32265055766695927
3021761,0.3606204716865272
3023543,0.25040106047375843
3025325,0.2396071590485953
3027107,0.2557168074564535
3028889,0.26636985338131247
3002160,718.0093829131426
3003942,630.5110270611192
3005724,659.404301157545
3007506,1132.9391107737388
3009288,1409.816731062046
3011070,693.860958024285
3012852,633.4616637366896
3014634,625.3393630592352
3016416,525.0375163936574
3018198,611.1424820210061
3019980,982.8413697282477
3021762,1182.3636746395703
3023544,608.6327658455943
3025326,594.5015025724344
3027108,577.8403169833949
3028890,495.07648706955274
3002161,28.255529250288333
3003943,22.992659823348415
3005725,29.842756293273776
3007507,50.61306410418849
3009289,56.55181281832052
3011071,23.86066396303867
3012853,28.068104505916697
3014635,30.395968584443967
3016417,25.783768115772798
3018199,31.879414243656683
3019981,46.779916891184065
3021763,53.98861600870934
3023545,24.297745165895737
3025327,25.96812700180739
3027109,26.590354172617296
3028891,22.542942850262634
3002162,33.874853902441636
3003944,21.4904133819022
3005726,31.560241265926855
3007508,43.34648671067351
3009290,31.608416184950087
3011072,18.61554598833132
3012854,18.617278448622674
3014636,34.30314515700384
3016418,22.17741073868916
3018200,29.91198200644299
3019982,47.68292826403351
3021764,32.49032876760301
3023546,20.264663318137345
3025328,20.947174865437166
3027110,28.2064194785817
3028892,22.693735695054745
3002163,18.855182040588623
3003945,14.649747731041991
3005727,17.12454953613821
3007509,22.95468102653362
3009291,25.787490796635698
3011073,21.357310221398183
3012855,24.992712404018683
3014637,30.004265376315708
3016419,29.47802877308429
3018201,33.91200779475276
3019983,44.1864347976555
3021765,49.05051708523792
3023547,32.19187760843968
3025329,34.53349885993925
3027111,38.16843191201169
3028893,34.44982990922224
3002164,302.7732368073419
3003946,372.1204509745358
3005728,584.9390276829705
3007510,751.6454641229332
3009292,311.95362706072945
3011074,269.41523900686286
3012856,244.2036758757195
3014638,291.0245947193783
3016420,354.2203035296382
3018202,478.65233765097776
3019984,672.3691608313975
3021766,259.4854005992025
3023548,211.66109278264727
3025330,261.8326866188207
3027112,274.08164233036297
3028894,347.7127128024081
3002165,18.239629846944975
3003947,19.236774906782806
3005729,21.310299273446013
3007511,27.28064411470371
3009293,29.37073987475789
3011075,20.712861462710165
3012857,20.990342947689836
3014639,20.01899310477629
3016421,19.33848645152729
3018203,23.188267695231374
3019985,25.375337163532834
3021767,24.78353889666187
3023549,19.48213562659442
3025331,20.647726067492286
3027113,20.623048704415577
3028895,15.528338381181555
3002166,754.6332225759933
3003948,709.7669575420053
3005730,1541.0427708427405
3007512,1078.8423370579308
3009294,1141.280895051958
3011076,826.2788671526354
3012858,779.9922474501788
3014640,824.0183939934946
3016422,701.304335622005
3018204,1569.1798284766282
3019986,1108.07445381523
3021768,1128.74112503096
3023550,737.972800675563
3025332,774.1087571673463
3027114,795.8863578512394
3028896,721.2194066611868
3002167,565.3619503826412
3003949,444.1273858237844
3005731,567.0152193239538
3007513,962.6000634934867
3009295,1096.8993860535174
3011077,584.9555744096748
3012859,549.9648409509099
3014641,537.9429805115572
3016423,414.65863139045297
3018205,532.8862768139072
3019987,937.4045426730469
3021769,1091.8183677489085
3023551,573.1960168535128
3025333,550.1043788455556
3027115,522.3877870659563
3028897,439.30238925735875
3002168,31.29018474966272
3003950,31.920379526323977
3005732,32.90418724504087
3007514,62.72637564857615
3009296,59.196839455415294
3011078,29.47129602660816
3012860,30.190038877459532
3014642,31.106294192069136
3016424,28.398727829148473
3018206,36.37486772136835
3019988,53.72705548023804
3021770,58.4610307669879
3023552,29.147856212036597
3025334,33.104058493261014
3027116,30.0278301200347
3028898,30.345419523953385
3002169,27.530991311842225
3003951,30.97416138348744
3005733,28.738229619799604
3007515,45.46450559201309
3009297,58.39653650826518
3011079,34.20616677049416
3012861,29.51717585694935
3014643,34.41668761408436
3016425,26.942623616549596
3018207,30.51226145112071
3019989,45.86323016352098
3021771,61.22693249861965
3023553,31.106606434196934
3025335,30.13082417479826
3027117,30.889797312979134
3028899,32.49159327188225
3002170,952.6140804080287
3003952,937.554352659008
3005734,1708.9104707294262
3007516,1457.3706563295052
3009298,1657.8229490685076
3011080,1143.0208847154684
3012862,996.5281251439596
3014644,1052.186959011346
3016426,903.3930914205142
3018208,1731.6702455537952
3019990,1474.8205247355033
3021772,1707.2552571543472
3023554,1037.6030778947825
3025336,986.2800643595477
3027118,1185.1587657026496
3028900,938.5831048249198
3002171,293.44510728063125
3003953,290.03396621873634
3005735,266.9450780887723
3007517,348.4622202601457
3009299,373.60079056336116
3011081,294.757192024008
3012863,279.71742773816453
3014645,287.62608935739854
3016427,269.75315439054475
3018209,278.0395648256694
3019991,331.6495048765333
3021773,354.0341832306799
3023555,284.53238911963274
3025337,263.4378782213008
3027119,296.3307146643559
3028901,296.2593100245799
3002172,11299.310899498274
3003954,7263.26721829778
3005736,8353.137228019965
3007518,11550.249280042273
3009300,11948.23433825924
3011082,8309.030259010975
3012864,7658.38289122754
3014646,10958.069461581377
3016428,7125.704084806362
3018210,8518.381686597535
3019992,11652.855685751922
3021774,12391.434862287737
3023556,7975.36824560181
3025338,6823.984268788994
3027120,11040.817464519048
3028902,6918.337923011407
3002173,84.27703882920295
3003955,138.18568446544475
3005737,104.04084418081594
3007519,112.3165107035788
3009301,88.9275039915143
3011083,133.9180325302064
3012865,297.9765756999804
3014647,339.6973984480819
3016429,394.57536216596213
3018211,359.8931159226043
3019993,436.8725456069456
3021775,395.5770174781138
3023557,245.77797968586927
3025339,212.46469458429513
3027121,245.54551005172883
3028903,255.33798888325333
3002174,75.13150357009161
3003956,69.08380197386
3005738,123.42037239232911
3007520,113.61436730103723
3009302,121.00275903737638
3011084,85.96108267895143
3012866,80.31618110703037
3014648,79.6458406206004
3016430,74.34055996583378
3018212,129.60585910216528
3019994,121.59435718154508
3021776,132.6926326350783
3023558,89.4087055199668
3025340,90.39585259036419
3027122,85.34537782286569
3028904,72.12085717923364
3002175,12.503520581360233
3003957,12.292777349134557
3005739,12.8814844117072
3007521,20.241585843131926
3009303,25.04114541171707
3011085,13.851893882092865
3012867,14.144314858727281
3014649,14.051961636546176
3016431,10.841140056020839
3018213,13.85454982314731
3019995,18.2206732637791
3021777,24.21034958255438
3023559,12.961236404817836
3025341,14.33973552220501
3027123,13.517803596068374
3028905,10.55858555039845
3002176,0.03961578615505706
3003958,0.04521811219938454
3005740,0.04513627428463791
3007522,0.03520734697514391
3009304,0.05367519603209949
3011086,0.027141197695637654
3012868,0.026628475431482102
3014650,0.03432115949053927
3016432,0.04521811219938454
3018214,0.043930518698520764
3019996,0.034013046220192945
3021778,0.05245958924011598
3023560,0.038110262744652394
3025342,0.03759206500752366
3027124,0.03432572848109469
3028906,0.04064661043705188
3002177,11.763987011331025
3003959,9.706664136970822
3005741,11.998653122720935
3007523,19.001801926190815
3009305,24.603687212259725
3011087,14.922657536717225
3012869,13.540314208315424
3014651,12.759058077418908
3016433,12.436705047036522
3018215,12.634867387135259
3019997,18.624078579699614
3021779,25.041008435277334
3023561,11.43665148740812
3025343,11.952062840057357
3027125,12.536298194619327
3028907,10.831369861640134
3002178,8229.990706631104
3003960,7396.806905433623
3005742,8995.556849287308
3007524,11981.52239769411
3009306,12838.007023974578
3011088,8823.690867823178
3012870,7544.080083056329
3014652,8124.542679967363
3016434,7100.41192565924
3018216,9243.384264664464
3019998,12309.27302239965
3021780,13860.532271805938
3023562,8832.386770387448
3025344,7819.375982705867
3027126,7885.6717777860395
3028908,6787.500759260128
3002179,0.0340244201008842
3003961,0.03959661515250667
3005743,0.03833897404678986
3007525,0.028474621952627274
3009307,0.043807819958959195
3011089,0.04548856905020926
3012871,0.025703293559211558
3014653,0.03209574049040357
3016435,0.03959661515250667
3018217,0.0371410603880213
3019999,0.02728808862571939
3021781,0.04260359698754842
3023563,0.03590255729557652
3025345,0.0333047822760281
3027127,0.03390180568557316
3028909,0.03504970030017567
3002180,1039.362621252001
3003962,990.9047432763268
3005744,1239.337498022979
3007526,1445.7795715895243
3009308,1672.1475419808887
3011090,1224.6860062632506
3012872,1063.018440124346
3014654,1127.9267919483693
3016436,950.355419395522
3018218,1315.683684751179
3020000,1562.2412710079257
3021782,1753.7247338889188
3023564,1201.8732200563732
3025346,1139.7186507407973
3027128,1195.8412325909521
3028910,988.8845925720121
3002181,22.047015082755458
3003963,29.010219067807807
3005745,26.632233531275126
3007527,35.075936169515344
3009309,24.09041756845776
3011091,20.558204343475637
3012873,19.030344160635803
3014655,24.102379254832723
3016437,25.824109098925813
3018219,30.221106586837095
3020001,35.41536039332308
3021783,25.974713448431785
3023565,20.948751276199637
3025347,21.760795757301512
3027129,22.590759135085257
3028911,26.755238489117367
3002182,2233.803104052373
3003964,2190.855077487265
3005746,2635.112077190256
3007528,3352.0458004890584
3009310,3838.7952810926818
3011092,2647.526823959554
3012874,2334.6011295506405
3014656,2127.65100886118
3016438,2001.060340086537
3018220,2524.529373865499
3020002,3245.243874249961
3021784,3673.527267054586
3023566,2314.97122471779
3025348,2285.888639625415
3027130,2316.0252339988665
3028912,1941.3271942683043
3002183,1897.0968780847136
3003965,1789.3397329626578
3005747,2109.3738074396642
3007529,2688.6642390005477
3009311,3143.7529469342758
3011093,2134.962895171576
3012875,1903.3406640068083
3014657,1904.744481054991
3016439,1722.6288058084276
3018221,2168.1697620345126
3020003,2785.669051354828
3021785,3245.870799940493
3023567,2085.336519599139
3025349,1859.620081867205
3027131,2039.6613914235327
3028913,1754.1561781243172
3002184,576.7306159624986
3003966,510.4260197904725
3005748,754.4589935947682
3007530,892.1627500200722
3009312,1110.1449465721316
3011094,659.0220841788818
3012876,612.720382486548
3014658,571.9144314716323
3016440,526.8893491597373
3018222,799.1635978716884
3020004,950.4224278229798
3021786,1100.9020886609105
3023568,666.6868065669177
3025350,599.2946530421958
3027132,617.5841908935013
3028914,564.0436069848365
3002185,316.86982475922485
3003967,292.4426597407213
3005749,420.65318784185456
3007531,458.60174350220046
3009313,559.8829691626604
3011095,387.2450342618872
3012877,338.603073874085
3014659,336.2272265976056
3016441,291.38622073431435
3018223,423.85140951504434
3020005,464.43867588805824
3021787,557.5820633084021
3023569,361.9932449120771
3025351,322.3032985366869
3027133,319.6117411973684
3028915,288.647586575397
3002186,236.3022453785803
3003968,236.88062773787078
3005750,317.0648391526616
3007532,369.9000909852785
3009314,391.60495781462913
3011096,237.96041530734465
3012878,206.9466545760063
3014660,240.82692458378816
3016442,211.60621339890088
3018224,412.2117804299378
3020006,417.9411698767437
3021788,396.65620047682506
3023570,221.52625621500096
3025352,248.74194904348482
3027134,294.29204249601884
3028916,219.26108794054142
3002187,8935.296197049998
3003969,8464.462684867578
3005751,10104.95959148068
3007533,12838.607512101376
3009315,13635.887441045099
3011097,10119.096447841566
3012879,9205.60870775799
3014661,9137.525087311229
3016443,8458.706351124078
3018225,10454.567067685948
3020007,13347.118692088614
3021789,14241.75463828171
3023571,9853.680397250107
3025353,9246.452295996005
3027135,9933.588307187709
3028917,8734.295482832767
3002188,138.76313217705064
3003970,152.91847794581074
3005752,161.82575106345212
3007534,201.53049537448902
3009316,190.4729597244464
3011098,144.63908511317587
3012880,138.25100873768469
3014662,121.83983176027138
3016444,103.19380146354472
3018226,101.05934310824644
3020008,158.8914433134895
3021790,129.70572272113606
3023572,94.94688352756377
3025354,94.62984398680753
3027136,102.8036076522973
3028918,88.88286815695783
3002189,1.3884996321206953
3003971,1.4065112924435788
3005753,1.4627487693487056
3007535,1.4725701063946395
3009317,2.1906736219364324
3011099,1.3080890289707372
3012881,1.2689388818688148
3014663,1.2037254392714103
3016445,1.0887988610247255
3018227,1.098290611447366
3020009,1.8326805634468197
3021791,2.530938839286243
3023573,1.273244394451177
3025355,1.5769830913556557
3027137,1.4107917568173556
3028919,1.3163766178225873
3002190,61.79150942486261
3003972,37.13103650128479
3005754,41.68824152842302
3007536,71.69506234742029
3009318,96.01633315367711
3011100,44.178112909832194
3012882,40.67368363103589
3014664,47.852342280279196
3016446,50.95029683532489
3018228,63.57623016350088
3020010,94.49567968182008
3021792,67.06836639668504
3023574,41.273908417080946
3025356,49.69320100524307
3027138,55.998797775189125
3028920,48.555289014214665
3002191,73.55746501234103
3003973,82.67443702796574
3005755,88.56847273166107
3007537,110.82863007735796
3009319,120.3285077775265
3011101,81.66128611162401
3012883,68.10755856554933
3014665,65.78608236297562
3016447,68.74789306630935
3018229,78.38639722630589
3020011,112.75471448388811
3021793,114.69799428202003
3023575,75.78275253075758
3025357,76.05005558311548
3027139,89.87080703803542
3028921,74.094852530385
3002192,0.5040807455890928
3003974,0.4607793176117756
3005756,0.6367021607761478
3007538,1.0457748258580901
3009320,1.6074359145641424
3011102,0.7172912506155775
3012884,0.6790190840902153
3014666,0.8210892940634786
3016448,0.7759225160215437
3018230,0.6494806667523896
3020012,0.6348914354123756
3021794,0.7912902323734277
3023576,0.5925599152354539
3025358,0.5804928228939179
3027140,0.6247017566070434
3028922,0.5176633528199357
3002193,643.2059846933864
3003975,606.0529859773511
3005757,640.8685760948116
3007539,950.8242055085794
3009321,1149.9996521339656
3011103,669.5733146947391
3012885,600.1691322999367
3014667,562.2090952000431
3016449,541.2300616716569
3018231,612.1724644808932
3020013,957.752397200591
3021795,1108.3718469687942
3023577,681.5059425468096
3025359,609.6215014012038
3027141,612.4011028546857
3028923,496.17723355960567
3002194,28.985583032006144
3003976,25.744397156929818
3005758,28.329489976842506
3007540,42.186751268156485
3009322,51.376181208490074
3011104,24.300079593138065
3012886,22.357937350069722
3014668,20.687080821330998
3016450,25.459477771322785
3018232,29.883651086624404
3020014,42.04824212704407
3021796,56.895563159449104
3023578,17.350062213494347
3025360,15.60266003185798
3027142,16.525387676229514
3028924,18.101468001925195
3002195,45.05519720404536
3003977,29.413968233404507
3005759,45.917809288566744
3007541,52.00268579764798
3009323,52.25409794557018
3011105,26.014496137744267
3012887,27.92805019973128
3014669,40.54781172130045
3016451,32.21249789084401
3018233,48.11470980238005
3020015,57.82668002462356
3021797,51.314200495793294
3023579,23.79703688006419
3025361,23.41028547556055
3027143,35.390590518431466
3028925,29.10705110797031
3002196,15.441330812858865
3003978,4.433655293931661
3005760,13.550367759030872
3007542,13.611402087416403
3009324,12.564680614600627
3011106,10.777014671410322
3012888,9.60160235373629
3014670,6.49022520359476
3016452,9.679529149809124
3018234,15.841100638016233
3020016,16.513998474011895
3021798,10.203239084227896
3023580,12.372799245773551
3025362,7.29876129228732
3027144,13.249449658065389
3028926,12.177002917940516
3002197,208.96237483015355
3003979,213.9696959936898
3005761,367.786288223861
3007543,483.4967181263783
3009325,208.01395922779258
3011107,158.2076829956411
3012889,171.27492658291143
3014671,213.71309794835167
3016453,213.5806197581871
3018235,356.41759696632585
3020017,510.0900274927067
3021799,145.21339282461366
3023581,159.95585617059325
3025363,153.20574264244866
3027145,222.419045026896
3028927,244.74741698100576
3002198,14.070881259022778
3003980,16.09536446701719
3005762,15.231790647822546
3007544,20.875505094966293
3009326,24.36005577885908
3011108,13.619994815194843
3012890,15.235849341867851
3014672,15.326203700903065
3016454,14.087590786754312
3018236,18.530887803642635
3020018,22.56859040572732
3021800,25.72881373236195
3023582,15.315027982670987
3025364,16.46620782546956
3027146,14.00296614602678
3028928,13.849035286745343
3002199,894.685123656364
3003981,858.5146327264058
3005763,1920.3332147320018
3007545,1376.2515322259833
3009327,1507.49977159935
3011109,1096.4149134660488
3012891,970.0674858055144
3014673,933.4257179773161
3016455,853.3707436154343
3018237,1911.7866157025276
3020019,1361.4187202468397
3021801,1438.917748021835
3023583,981.6463648598578
3025365,911.0623973866126
3027147,924.2009492452439
3028929,922.3613687674973
3002200,630.5673631329001
3003982,548.2100122750542
3005764,632.7146327495294
3007546,1017.5074978464181
3009328,1265.584744938258
3011110,823.5967909720573
3012892,652.3235545404176
3014674,616.6496954510408
3016456,542.1455457612811
3018238,676.1575215179599
3020020,1032.5724550195164
3021802,1298.789021896101
3023584,726.6248356473712
3025366,672.3905423652805
3027148,730.9420609320139
3028930,554.1802071947716
3002201,15.89696861657627
3003983,20.54469300427784
3005765,22.705609509702448
3007547,31.005598457987062
3009329,36.03936225666373
3011111,18.994285497875403
3012893,20.64375078486441
3014675,16.668388009120974
3016457,18.401940439186163
3018239,17.654224726225248
3020021,33.225437318149346
3021803,34.26195289369922
3023585,20.34504487364207
3025367,22.526281686816876
3027149,21.520381487766397
3028931,18.523962403980587
3002202,28.54106385158055
3003984,26.465736781626873
3005766,28.159648042634572
3007548,38.99580862826283
3009330,40.2847778529177
3011112,26.83217311790578
3012894,24.045136260634
3014676,23.524226419293793
3016458,22.73863733027133
3018240,28.556912430849867
3020022,36.90221914024314
3021804,46.332716662808025
3023586,27.304744365269823
3025368,24.458588440735465
3027150,28.25894335740756
3028932,21.78183984564334
3002203,1012.8066873398916
3003985,890.8885953624668
3005767,1772.413730454958
3007549,1500.900496806706
3009331,1806.8425006581158
3011113,1216.3962515626101
3012895,1113.728190669225
3014677,1124.530190474186
3016459,909.7607423967415
3018241,1756.4393745346094
3020023,1608.0181881573433
3021805,1894.1138144999773
3023587,1206.2354055783835
3025369,1144.6196537341712
3027151,1089.5614733643254
3028933,966.7934587940589
3002204,231.44879933715765
3003986,206.07018612289767
3005768,255.14666101279374
3007550,305.6491762226253
3009332,346.7731630895569
3011114,225.28878718277699
3012896,209.537623144514
3014678,257.2420189702038
3016460,214.57313842970154
3018242,267.48210470016187
3020024,291.3660524636888
3021806,342.1133246686626
3023588,223.71579468492158
3025370,211.96515493581356
3027152,243.97579184921543
3028934,211.14802087231018
3002205,8735.822646319573
3003987,4973.719132809639
3005769,6394.490748043909
3007551,8078.200538885806
3009333,9579.85496445326
3011115,5914.445348502939
3012897,5117.2062211210605
3014679,8603.316248238943
3016461,4798.086236210952
3018243,6235.346826308433
3020025,8372.90022448101
3021807,9504.649746296356
3023589,5018.2095191352655
3025371,4799.588456387496
3027153,8708.822283607004
3028935,4975.718789186116
3002206,207.073837340016
3003988,124.60146723866129
3005770,216.5608403460208
3007552,310.12732127164963
3009334,303.9580564595803
3011116,253.65510207203917
3012898,285.6655900568397
3014680,332.1363368162785
3016462,316.1837808645145
3018244,389.23157339283847
3020026,409.971452082225
3021808,445.8957476109414
3023590,321.8631085159791
3025372,341.244050773238
3027154,377.37760051069324
3028936,328.13526778785945
3002207,60.988837369737176
3003989,54.27333323756005
3005771,103.95217106523911
3007553,90.21089439215774
3009335,142.8529755945511
3011117,79.18085699322316
3012899,74.33623369834193
3014681,71.44004214505748
3016463,54.59848114194001
3018245,106.09290015388785
3020027,107.8699875062877
3021809,131.36394633467788
3023591,89.21726152039356
3025373,79.4313186815982
3027155,84.54855396746579
3028937,70.83286450384607
3002208,8.678188263897079
3003990,9.904098090104219
3005772,11.84670623395145
3007554,18.008686208342404
3009336,20.742681342826202
3011118,10.35650663391349
3012900,10.381468380423666
3014682,9.559282563916634
3016464,8.905384936218164
3018246,8.046911442007861
3020028,16.866792460527137
3021810,21.05940160790679
3023592,9.097188590381222
3025374,8.445251950192288
3027156,10.005406254891911
3028938,9.099554582384458
3002209,0.0315111916240682
3003991,0.03706984328250775
3005773,0.04272228803117828
3007555,0.05595923767936499
3009337,0.07663742955663227
3011119,0.022722948079947614
3012901,0.02221243129148676
3014683,0.02987202525692897
3016465,0.03706984328250775
3018247,0.04151931741911818
3020029,0.05474099582816205
3021811,0.07539533163423529
3023593,0.030017404911932985
3025375,0.0295032469196814
3027157,0.022218104826531436
3028939,0.03116545357204749
3002210,12.943691398630738
3003992,13.036860305658944
3005774,14.093301232122396
3007556,24.61803671388541
3009338,30.064188620605847
3011120,15.982373907088892
3012902,12.96924245921684
3014684,13.24083742486016
3016466,13.860370256581678
3018248,13.010134075284897
3020030,26.718475965834656
3021812,33.72359692842473
3023594,13.889676639253079
3025376,15.030538053030725
3027158,16.3434006311534
3028940,16.412281734179217
3002211,5018.245597551417
3003993,4917.174323344951
3005775,5769.706739724191
3007557,9924.025618144362
3009339,10966.508587740356
3011121,6521.146710513771
3012903,5380.83998819568
3014685,4996.138896754442
3016467,4356.105359420073
3018249,5712.725859710183
3020031,9079.696776786492
3021813,11428.629462332216
3023595,5242.449396741725
3025377,5124.604166872819
3027159,4958.902776234315
3028941,4428.676439995859
3002212,0.1370578906408728
3003994,0.13249028264474974
3005776,0.21110117582269428
3007558,0.2914187692405579
3009340,0.28530774696725447
3011122,0.12809183534883795
3012904,0.17140963504124535
3014686,0.16728147994600384
3016468,0.18654567718665954
3018250,0.14040685237359737
3020032,0.2223853277718533
3021814,0.27388180552255437
3023596,0.1324639138336466
3025378,0.022823084886373926
3027160,0.03644911281549993
3028942,0.0231923580432938
3002213,843.9815074035248
3003995,709.5034703017261
3005777,764.4687865300831
3007559,1222.8897619662573
3009341,1436.815565344841
3011123,936.0032672355107
3012905,851.9403016184725
3014687,866.1113519076783
3016469,748.8847320068928
3018251,820.8010065517061
3020033,1336.1027860270453
3021815,1472.3175208942353
3023597,844.8877719479848
3025379,837.0436172826494
3027161,842.6568997252504
3028943,748.6591779347814
3002214,15.726411378733939
3003996,17.6357040993785
3005778,14.31141477212142
3007560,28.233350589446147
3009342,15.143431337184357
3011124,9.772455092821554
3012906,11.869080955772517
3014688,12.517535550556714
3016470,14.434423746299057
3018252,17.169548905464453
3020034,25.17132076714896
3021816,14.33316012294006
3023598,11.944754704861117
3025380,10.635951041928616
3027162,12.292402858354158
3028944,14.694633383669718
3002215,1946.4194372931108
3003997,2048.0877741768822
3005779,2077.396347201445
3007561,3374.115950775959
3009343,4044.271889134469
3011125,2091.58434761845
3012907,1984.1680510489198
3014689,2086.640159624209
3016471,1742.2653604069958
3018253,2058.394380879324
3020035,3358.9449687330825
3021817,3708.03071027142
3023599,2093.743021430956
3025381,2075.6576099961035
3027163,1951.2109396779083
3028945,1700.6206687283645
3002216,1242.275391668755
3003998,1213.0994655377428
3005780,1340.796647117182
3007562,2103.9605674653167
3009344,2557.7822612699574
3011126,1991.5831538153598
3012908,1424.8055095680343
3014690,1239.4507522397346
3016472,1157.8064511034092
3018254,1394.8989795663113
3020036,2132.9974651024536
3021818,2511.6580778028206
3023600,1375.7274215763093
3025382,1257.4838373204182
3027164,1200.8152593087448
3028946,1129.7342375384676
3002217,610.3052854655697
3003999,624.8506690226692
3005781,774.9687384649138
3007563,1121.0381773617673
3009345,1293.7323125527823
3011127,757.8742618847414
3012909,730.1288952234501
3014691,631.1051846855664
3016473,601.8404968929323
3018255,877.0852195496155
3020037,1115.6276399041512
3021819,1342.7431825639203
3023601,685.3654016900732
3025383,687.0944882304722
3027165,676.5184568138961
3028947,603.2315574486669
3002218,115.840717329675
3004000,107.00281565467589
3005782,143.39131428549044
3007564,231.19693953072232
3009346,266.8534550638292
3011128,142.2514451791791
3012910,134.56849705248874
3014692,121.63953652730073
3016474,108.77065416239626
3018256,151.48135011407328
3020038,228.1854317981641
3021820,270.7776182568332
3023602,139.5948564994353
3025384,135.122544825582
3027166,112.03651779689925
3028948,104.96752348517833
3002219,164.48375249068462
3004001,161.9189903248808
3005783,193.78854323804714
3007565,308.36148171557466
3009347,313.72575604991886
3011129,178.67588131694302
3012911,169.73199347481682
3014693,165.22653464257
3016475,189.12098143963735
3018257,291.4202916747531
3020039,317.4848345776573
3021821,340.9317044021971
3023603,195.5374184218567
3025385,194.29566481585502
3027167,214.55673378264515
3028949,197.34560795996794
3002220,7484.8415390409555
3004002,7377.118415633704
3005784,8496.04983876156
3007566,12715.998129137506
3009348,13643.110563258542
3011130,9044.178996333274
3012912,7873.8152364602565
3014694,7773.216941705792
3016476,7087.876524443164
3018258,8978.974530518468
3020040,12609.64373928089
3021822,14229.700527387928
3023604,9109.248640486969
3025386,8048.9063510346705
3027168,8301.54799061398
3028950,7253.709866177597
3002221,48.612988865023894
3004003,41.05079694065701
3005785,55.190988651159614
3007567,79.87754592435026
3009349,77.49665108603425
3011131,45.70751476153064
3012913,49.99963380897511
3014695,42.610891095075985
3016477,43.98397389623323
3018259,45.91082720857704
3020041,69.06979386245357
3021823,70.05593899032712
3023605,41.140020778521325
3025387,49.63049457380097
3027169,35.54230923495714
3028951,36.65153200736787
3002222,1.3440314071441666
3004004,1.1858873985290428
3005786,1.5076125109240506
3007568,1.8424602280145606
3009350,2.6510804540463195
3011132,1.434110472810461
3012914,1.5528437071741372
3014696,1.5804145346988285
3016478,1.7148748884785912
3018260,1.6142350611989236
3020042,2.627772461882901
3021824,3.1484660572271883
3023606,1.9190614599982356
3025388,2.3736444727779666
3027170,2.2694517309293016
3028952,2.279943356135499
3002223,28.104962586049744
3004005,33.4740949855214
3005787,31.381203617523674
3007569,42.19259619560038
3009351,44.08371184158998
3011133,21.823932302372988
3012915,23.901727783873195
3014697,32.70291107130013
3016479,25.39980781546154
3018261,28.420352400078364
3020043,56.13054080613027
3021825,54.62381812233369
3023607,28.350366209810296
3025389,38.131619287041616
3027171,35.800873669380074
3028953,30.01725378168233
3002224,27.13428654013176
3004006,20.839017486734754
3005788,29.01109405876045
3007570,41.91798150574229
3009352,48.00709723138276
3011134,30.50306772275994
3012916,26.58822798684753
3014698,26.059285980919697
3016480,25.14623325675296
3018262,27.781968015167294
3020044,45.65577641240658
3021826,51.46017197977748
3023608,30.12902427312197
3025390,31.219494946299434
3027172,28.07019347381203
3028954,29.669886578899916
3002225,0.38765329447897506
3004007,0.3139213689119478
3005789,0.37356144217358395
3007571,0.6758874593408306
3009353,0.7069362359648146
3011135,0.4332534475511461
3012917,0.41708463625214215
3014699,0.3854880513012441
3016481,0.3851006836335129
3018263,0.47309651249543744
3020045,0.76299096429926
3021827,0.7755387960071434
3023609,0.6083141388936049
3025391,0.5310986187837627
3027173,0.614824753091181
3028955,0.452892773585873
3002226,600.3405852871696
3004008,575.3184022394514
3005790,542.7749328794245
3007572,976.9475307464633
3009354,1146.2732952579283
3011136,626.0938914087295
3012918,543.1100648929213
3014700,521.2315544068214
3016482,492.6387059146127
3018264,574.1429001251558
3020046,953.6936348713589
3021828,1088.3390504387603
3023610,587.7412397324111
3025392,554.0105043474546
3027174,539.7617103972315
3028956,445.3997647298619
3002227,22.125133762575928
3004009,23.18667907008422
3005791,21.776189020424855
3007573,45.50847609735366
3009355,62.55980117143884
3011137,21.585805019436382
3012919,25.43042932165878
3014701,25.18175994009246
3016483,20.98250863908116
3018265,21.471116534005596
3020047,46.34473925093699
3021829,59.33834022438236
3023611,22.41888531714091
3025393,24.53844041253405
3027175,23.327439973843568
3028957,20.97493363014355
3002228,30.59933169179819
3004010,16.73390479499054
3005792,24.80927296009636
3007574,38.79140463552637
3009356,37.84138173962583
3011138,17.222368265079794
3012920,16.863417701338964
3014702,29.10791660058507
3016484,14.698024209676147
3018266,22.716396308855096
3020048,34.424704497275826
3021830,33.41173641029038
3023612,17.25323335531002
3025394,17.712150957122976
3027176,29.26540010943623
3028958,17.36580593391856
3002229,13.687159429927894
3004011,8.870875910461747
3005793,9.79074188154575
3007575,12.378053988397443
3009357,10.582221445712362
3011139,8.045516690937065
3012921,8.612190138545015
3014703,9.33890181012971
3016485,10.570306190234042
3018267,7.728203901326584
3020049,14.558322901449658
3021831,15.503300043090686
3023613,10.827987441591075
3025395,10.162914751705598
3027177,10.138007834400767
3028959,8.905794670777492
3002230,107.75908506063392
3004012,116.67643639207856
3005794,185.8722312898678
3007576,312.4375532227059
3009358,140.97532398674394
3011140,103.47101933330595
3012922,88.66691976254565
3014704,103.0059503140539
3016486,111.85158964356027
3018268,178.4884524419673
3020050,308.2979014648758
3021832,115.09794757047055
3023614,84.57940115112672
3025396,85.02685713561192
3027178,97.17138418773642
3028960,134.52045301697186
3002231,6.7270856592744055
3004013,7.460221450127916
3005795,9.182949004309798
3007577,12.246196360724156
3009359,12.0753487716303
3011141,6.352556368871253
3012923,6.684246226377928
3014705,7.823628362519797
3016487,7.226229031249332
3018269,7.790218798015841
3020051,12.04188187686417
3021833,13.050063435744299
3023615,8.202713325717546
3025397,10.716159647141492
3027179,9.572347653341115
3028961,9.199463821888589
3002232,838.6210406659562
3004014,781.2206717995361
3005796,1684.7479453058925
3007578,1077.053760774328
3009360,1263.4944825256507
3011142,990.4980499957366
3012924,921.0027829565752
3014706,902.7703931184114
3016488,770.4500513370284
3018270,1740.965843558611
3020052,1090.0834582598338
3021834,1237.4020703395
3023616,903.2015400831452
3025398,822.9614571829619
3027180,866.9206488661123
3028962,734.6012639954607
3002233,599.4500469868108
3004015,525.9980768095079
3005797,611.1170333854659
3007579,1111.2241894614076
3009361,1284.1848406533468
3011143,723.4270868636451
3012925,657.7761255958476
3014707,627.2831163854256
3016489,532.1723183369841
3018271,655.2169165267022
3020053,1163.7133499981187
3021835,1318.3103360634084
3023617,677.3125465927153
3025399,684.536277656154
3027181,656.2876077453992
3028963,578.4808563707269
3002234,18.372115168628117
3004016,16.504390346328215
3005798,19.454012464481465
3007580,33.38817014862835
3009362,38.2477647761386
3011144,21.314918078982664
3012926,19.18775325419895
3014708,20.472938985708424
3016490,20.1975027675955
3018272,20.32834440243727
3020054,32.849032586926064
3021836,38.26440806871799
3023618,17.28438628603914
3025400,18.649420413251818
3027182,17.066301724287463
3028964,18.22023707625111
3002235,34.401015868961274
3004017,31.494338045288373
3005799,34.17299402742262
3007581,60.9973198880536
3009363,71.70392919936137
3011145,33.76921856430318
3012927,33.436479479326536
3014709,33.50877140633134
3016491,31.92200525596435
3018273,39.61901889393686
3020055,62.471100198775595
3021837,75.73890282730706
3023619,33.84614519997261
3025401,34.73852025130926
3027183,35.28536946215402
3028965,26.736836625721317
3002236,537.2648079172288
3004018,596.7961552151579
3005800,1054.274547070949
3007582,1075.475487931167
3009364,1378.6317684170529
3011146,803.161956370494
3012928,759.212908263656
3014710,624.4706894942977
3016492,638.5888788201632
3018274,1109.9371728500062
3020056,1114.5081330499784
3021838,1326.4997791375702
3023620,723.9261229408696
3025402,658.0663573889568
3027184,716.6942171840942
3028966,632.0640353704622
3002237,115.27350387587536
3004019,113.41083146947439
3005801,127.54564454668838
3007583,180.22190887078668
3009365,174.2755814314438
3011147,155.98507981191668
3012929,118.03764310543187
3014711,118.42793063142696
3016493,123.91065769929737
3018275,141.692617539922
3020057,180.07678973369363
3021839,164.27091472019154
3023621,135.8017755250821
3025403,119.61827721338037
3027185,121.04514563804686
3028967,109.38457786712029
3002238,3323.087709085595
3004020,2082.848700341983
3005802,2595.7622608483653
3007584,3995.5932931521957
3009366,4626.429604038876
3011148,2541.7458899729145
3012930,2211.188291688805
3014712,3372.2710414072253
3016494,1976.40643709206
3018276,2681.551427568482
3020058,4064.7668702074616
3021840,4610.26747204591
3023622,2236.39469086476
3025404,2200.523893513569
3027186,3496.831710884298
3028968,2043.2345839139944
3002239,150.60638730569585
3004021,126.77348608243345
3005803,138.98978035983797
3007585,425.45060541297767
3009367,306.0097404497091
3011149,262.86141886707486
3012931,234.99507135749226
3014713,239.57960071829098
3016495,185.89675719693264
3018277,121.2515621695842
3020059,432.6012334389844
3021841,349.3491963883602
3023623,220.04194823167657
3025405,230.63997827927093
3027187,205.7949844259245
3028969,219.7748646296768
3002240,33.45729296070747
3004022,33.07732937117348
3005804,55.5143429084415
3007586,67.69175357394116
3009368,75.28594442375625
3011150,40.21999289497609
3012932,37.13621259257187
3014714,40.443154309719866
3016496,35.80670205252399
3018278,58.16972539842803
3020060,80.01007585227549
3021842,82.9961029614699
3023624,36.84502276127008
3025406,36.78954263549825
3027188,38.39054574787913
3028970,40.6267319037904
3002241,11.909229886314632
3004023,12.781694639563835
3005805,15.089296404275586
3007587,22.33802120243327
3009369,25.538363121760206
3011151,13.775731211153857
3012933,14.433019086877847
3014715,12.696375436799334
3016497,13.427457593616147
3018279,11.629284939408617
3020061,22.389475791267
3021843,24.195425546817628
3023625,11.813259823550915
3025407,13.536871704497658
3027189,11.676293569989905
3028971,11.981222782332825
3002242,0.03536743127172615
3004024,0.04094686359942731
3005806,0.04662043965692222
3007588,0.05990687480799234
3009370,0.07881535747629938
3011152,0.026546333432409034
3012934,0.026033908109075816
3014716,0.033722136984322575
3016498,0.04094686359942731
3018280,0.04541297181496594
3020062,0.05868407863632715
3021844,0.07757074691624935
3023626,0.0338680601320139
3025408,0.033351979992478804
3027190,0.026039602854274067
3028972,0.03502040069976503
3002243,13.877202318046324
3004025,12.793237129588958
3005807,13.95403635698506
3007589,25.56964087137295
3009371,30.470879254534736
3011153,16.1512295535255
3012935,16.70115177153448
3014717,17.818055120213206
3016499,15.348462284415199
3018281,16.06390062439852
3020063,27.380174561196228
3021845,33.43051682902414
3023627,14.48628930200597
3025409,16.076690395306617
3027191,17.56273737334435
3028973,18.549199043701627
3002244,7429.563329950405
3004026,6738.333390553215
3005808,8471.473143635898
3007590,11620.470047699197
3009372,12908.947347671208
3011154,7966.315557226509
3012936,6810.322375352276
3014718,7655.734407970332
3016500,5835.758148161045
3018282,8435.712390092644
3020064,12341.674835672113
3021846,13880.029414348195
3023628,8070.1008862864155
3025410,7224.059775505066
3027192,7074.8203540298255
3028974,6128.890344378868
3002245,0.027965425605005815
3004027,0.03350496968776188
3005809,0.03796216796265185
3007591,0.05113868975733451
3009373,0.08705487173161121
3011155,0.02585670575280421
3012937,0.02328412312418495
3014719,0.029661493162555726
3016501,0.03350496968776188
3018283,0.03676468901852486
3020065,0.0499260092886308
3021847,0.06557901914302683
3023629,0.029832557621576612
3025411,0.02725000458734985
3027193,0.025922262057034677
3028975,0.02762087600953921
3002246,930.6907485478071
3004028,901.9240998475915
3005810,1082.3471408237815
3007592,1350.570013538458
3009374,1620.6182737273996
3011156,1168.1764180880375
3012938,1079.863334916343
3014720,1051.6229733080206
3016502,879.6622839383032
3018284,1168.5359288254242
3020066,1482.960494798484
3021848,1758.4813926203285
3023630,1176.6754489567404
3025412,1094.1134141626924
3027194,1082.001450512351
3028976,936.3485265442168
3002247,15.700716063815253
3004029,22.465658536067075
3005811,23.36880999317037
3007593,35.26501640458541
3009375,21.972737634205995
3011157,18.352729429220986
3012939,18.1757430084781
3014721,16.1105071145983
3016503,19.54040586450502
3018285,21.852452104252354
3020067,35.555998556769474
3021849,16.737758716618423
3023631,13.174370405824428
3025413,16.282044694290395
3027195,17.997330997171957
3028977,19.81756260820817
3002248,1973.4909740609642
3004030,1925.467101284096
3005812,2273.0409057785746
3007594,3024.2195138416696
3009376,3401.4157560495637
3011158,2646.530612826467
3012940,2025.9348505112014
3014722,2047.9105965506728
3016504,1761.7648970194955
3018286,2143.1337787502125
3020068,3185.626109431376
3021850,3334.9537524466455
3023632,2069.226157319706
3025414,2174.3250797443648
3027196,2051.4981470996445
3028978,1812.7962298829702
3002249,1854.6875637300539
3004031,1707.1778970011894
3005813,2005.6875481807792
3007595,2695.1765239592437
3009377,3048.117169584288
3011159,1987.2396832076956
3012941,1849.702962430472
3014723,1767.8661610894653
3016505,1594.6074574400566
3018287,1891.1053918578762
3020069,2778.4569712242856
3021851,3036.083604192652
3023633,1858.9259826484958
3025415,1807.7072262625118
3027197,1830.6753984576048
3028979,1600.6556614475255
3002250,523.6378954813428
3004032,534.6226634526034
3005814,707.4514488280084
3007596,833.8662211131583
3009378,1066.490942168501
3011160,675.7972607484696
3012942,577.0900260481495
3014724,532.0522466960263
3016506,473.6105156288416
3018288,727.1926424849264
3020070,921.2528970655729
3021852,1009.4104128447491
3023634,623.5648086399949
3025416,570.074653161905
3027198,538.899943148015
3028980,492.9587653949492
3002251,289.7635367976452
3004033,270.8352232651393
3005815,371.2964451911634
3007597,435.13181181956816
3009379,542.8644692708666
3011161,345.6347884800953
3012943,307.50374178812456
3014725,291.81843618448494
3016507,249.15609447967307
3018289,370.0062162760846
3020071,442.0540076617716
3021853,521.2789886666977
3023635,306.63329350929763
3025417,294.3545176971947
3027199,272.21248525038465
3028981,243.6962220287409
3002252,208.25170643766552
3004034,178.20632865934104
3005816,235.492799993695
3007598,315.9561907906645
3009380,316.7503903903523
3011162,192.56215226327174
3012944,181.90241023001835
3014726,175.8783818421129
3016508,154.48003515054077
3018290,220.66088044816604
3020072,324.85588848859646
3021854,325.61610343983756
3023636,180.62254598612247
3025418,200.48712528928988
3027200,216.4947027123285
3028982,182.6892393140514
3002253,8519.546805119873
3004035,8086.40137504562
3005817,8966.058296056415
3007599,12898.6708578
3009381,13751.63501660097
3011163,8960.957467333612
3012945,8310.820196756935
3014727,8584.12793203629
3016509,8028.079930612332
3018291,9202.956041243302
3020073,13365.320603364164
3021855,14315.260336849502
3023637,9259.475309098352
3025419,8499.637614306568
3027201,9166.586396959732
3028983,8395.86174617919
3002254,50.90827262700026
3004036,48.29414789232308
3005818,63.0712072720638
3007600,83.89205484844499
3009382,77.26716683511015
3011164,50.29946503471618
3012946,46.9043771060452
3014728,52.429011473344694
3016510,46.68197360878051
3018292,64.5704591627395
3020074,78.55074655823685
3021856,71.86153181154354
3023638,44.525913032173
3025420,44.7684564732386
3027202,42.24590073761656
3028984,42.15900324036025
3002255,1.3675797909687
3004037,1.1791722248047685
3005819,1.1381585608478226
3007601,2.333046236084088
3009383,2.4426547412193256
3011165,1.4994460501998512
3012947,1.7033957887588627
3014729,1.5356150879454402
3016511,1.116344484481322
3018293,1.4683215026824494
3020075,2.0625409619929096
3021857,3.0439033450607917
3023639,1.1950870560358058
3025421,1.3969945738842195
3027203,0.9572312636821547
3028985,1.1510737769234702
3002256,57.44549927448132
3004038,41.8240843630502
3005820,43.675591665797384
3007602,66.59057096976434
3009384,75.87627598925936
3011166,39.60406835787439
3012948,34.86126055868403
3014730,68.27230171862499
3016512,46.58759618279442
3018294,46.409948075278656
3020076,89.04597736133078
3021858,90.89954788737175
3023640,44.496514980305975
3025422,42.05094847452297
3027204,57.88331332045991
3028986,51.645974188484686
3002257,71.01340046163214
3004039,70.27569469859367
3005821,57.83831766667697
3007603,112.62560301809243
3009385,106.59374268083923
3011167,72.93668442315197
3012949,62.30202930129317
3014731,71.79120719929762
3016513,67.71822115526881
3018295,72.93810872861626
3020077,111.50943721120373
3021859,136.2563433270992
3023641,62.109705505468995
3025423,67.30409522670027
3027205,65.05064033544295
3028987,64.81572139251575
3002258,0.21196081091766983
3004040,0.21492060459805323
3005822,0.23964612417240078
3007604,0.3077235510001997
3009386,0.6974061077255338
3011168,0.4194342439473767
3012950,0.6254546227941884
3014732,0.6772187156370455
3016514,0.9254765847315616
3018296,1.0146017406526888
3020078,1.4353599071221845
3021860,1.8648040039900597
3023642,1.011015168810081
3025424,0.8243875534570893
3027206,0.8831885006507179
3028988,0.5461498552542288
3002259,581.916809506388
3004041,636.862461212022
3005823,636.6977607990847
3007605,997.2644096782961
3009387,1070.7932661731886
3011169,662.7694669245111
3012951,556.6251066912978
3014733,527.3468887028233
3016515,514.5980433279617
3018297,551.2017639283638
3020079,899.348472055693
3021861,991.3148191674121
3023643,602.3673854503201
3025425,612.9295774491482
3027207,537.7971557976438
3028989,478.74607553819857
3002260,23.21664197021664
3004042,24.087565283793158
3005824,26.640965398532007
3007606,41.77593841946625
3009388,65.34053194740264
3011170,24.615241018132902
3012952,30.69633412801203
3014734,26.28428350600556
3016516,24.64042367718638
3018298,27.265858899412056
3020080,40.27031318230168
3021862,52.45505587840218
3023644,19.90046069440475
3025426,20.684028559553365
3027208,20.103126328435202
3028990,20.404079409306433
3002261,33.8882287890408
3004043,20.617454315447077
3005825,27.903234997160283
3007607,36.94121560569354
3009389,36.55026003791112
3011171,13.613332268647465
3012953,16.91332479284255
3014735,32.85475260373261
3016517,25.340795379363545
3018299,30.781831783621413
3020081,44.03879396422353
3021863,39.21463712911515
3023645,21.447319402315237
3025427,18.164014542671023
3027209,29.478922626143994
3028991,26.04373135280123
3002262,10.75386858930714
3004044,11.209842558476211
3005826,11.233316373420312
3007608,15.876427070938806
3009390,12.494271125081196
3011172,13.347251358501888
3012954,11.735585610924817
3014736,11.646371641384546
3016518,11.99644246779342
3018300,9.974084336230849
3020082,9.830872733530002
3021864,13.765618508947941
3023646,7.01001636373471
3025428,7.647402475871303
3027210,9.071889120446192
3028992,12.502236533477005
3002263,166.2734829499924
3004045,189.30965991269207
3005827,330.93251605041854
3007609,452.0954549459231
3009391,201.4957765983946
3011173,142.90481958801965
3012955,159.34240086789615
3014737,189.47635751797344
3016519,185.25901266019758
3018301,309.27631805779873
3020083,469.1848781912481
3021865,167.37502089235278
3023647,107.59768169374034
3025429,164.89710244973952
3027211,173.7617693832701
3028993,194.46143128217574
3002264,7.933338877539436
3004046,8.40380516776628
3005828,10.19133377865655
3007610,16.129109979031355
3009392,14.377384060942335
3011174,8.906986969341283
3012956,8.535960036231693
3014738,9.111408545553015
3016520,9.752885464813078
3018302,12.945362549034536
3020084,21.157286809836908
3021866,16.840901186200966
3023648,10.068112692162865
3025430,10.326619737269931
3027212,10.92211433009479
3028994,11.372623295549532
3002265,677.7504998574844
3004047,691.3379224950493
3005829,1581.0892517950924
3007611,1051.0781021870132
3009393,1193.1088189912432
3011175,790.7257650364098
3012957,771.1191943268244
3014739,701.542697054476
3016521,689.2735900353014
3018303,1672.2529229350298
3020085,1027.0244942806544
3021867,1208.8062081043888
3023649,714.7622748192634
3025431,770.2389233875957
3027213,731.7879974436604
3028995,734.8037773757595
3002266,570.7411783696774
3004048,586.7173963972153
3005830,647.3770195632242
3007612,1064.563244972796
3009394,1299.212422499594
3011176,724.237423986651
3012958,651.2221793344073
3014740,589.740429252779
3016522,532.5554532160628
3018304,636.6980453259545
3020086,1100.6153138000357
3021868,1269.541136479941
3023650,680.791333849663
3025432,701.2591744078475
3027214,649.9712255582745
3028996,607.5676491586192
3002267,18.358966154177114
3004049,19.073521163514343
3005831,20.496471849699283
3007613,28.046990870563345
3009395,36.30307846617495
3011177,20.811052910611384
3012959,16.92135330295299
3014741,17.93332394868448
3016523,18.239852312005663
3018305,22.47254449955864
3020087,33.03608720343471
3021869,39.41466650060349
3023651,18.48151326090596
3025433,17.70493043704274
3027215,17.372773150103978
3028997,16.33038760669082
3002268,23.260232111821992
3004050,23.998795347075905
3005832,24.93196290432669
3007614,37.83723111311785
3009396,47.34360825042564
3011178,24.65378701463931
3012960,24.677489415959172
3014742,21.428995125483333
3016524,24.140651677757916
3018306,24.759600014218986
3020088,40.75136871991038
3021870,43.77708649329066
3023652,22.47413128420979
3025434,23.949421541382215
3027216,21.982915923816275
3028998,23.12338892134751
3002269,870.5986509965081
3004051,893.0891410355339
3005833,1381.7739929006116
3007615,1341.9688509122723
3009397,1732.8739309005118
3011179,1176.8621281467836
3012961,1029.2439229460301
3014743,936.6189070340894
3016525,920.4721376561102
3018307,1432.0597679328523
3020089,1431.9986185406299
3021871,1837.4434266814465
3023653,1105.056399774597
3025435,960.1753750225707
3027217,909.9603340440528
3028999,912.211898407011
3002270,178.78042549510437
3004052,189.756433162495
3005834,210.93016758790796
3007616,289.5111375749306
3009398,295.82641411336607
3011180,209.59890367887547
3012962,183.648530256651
3014744,182.26199990140213
3016526,171.09373414302618
3018308,202.18047088671068
3020090,296.44075642817717
3021872,285.737634579064
3023654,199.60007599895866
3025436,183.6253883835354
3027218,186.57255478741823
3029000,181.93016743591605
3002271,6530.012101433976
3004053,4059.7949480949655
3005835,4573.133986428493
3007617,6210.214434270121
3009399,7543.058715089059
3011181,4282.443206296369
3012963,4063.3077967015074
3014745,6273.210359615475
3016527,3858.199407205497
3018309,4594.148158692361
3020091,6368.874790857951
3021873,7786.131458551129
3023655,4386.985908113094
3025437,4109.672220550957
3027219,6635.63903652162
3029001,3813.308815208622
3002272,112.87552195548318
3004054,136.46479195629496
3005836,179.85968540879654
3007618,166.07462721726978
3009400,154.65813341578
3011182,331.03704855335525
3012964,444.5496569536264
3014746,394.4101481764334
3016528,335.08446864745923
3018310,386.89504439176875
3020092,647.9706255441314
3021874,448.4601345388407
3023656,254.39396048593088
3025438,305.1197825213216
3027220,288.86263838766087
3029002,244.1772454725172
3002273,50.852957532884055
3004055,53.88950085011287
3005837,83.20474854475376
3007619,82.88825644672201
3009401,101.42385996511639
3011183,67.0455185209783
3012965,53.01895901927232
3014747,54.544557556794146
3016529,57.342261018010525
3018311,79.79648467588372
3020093,89.6598247389521
3021875,97.72971464065587
3023657,64.85218917097325
3025439,61.042175419209705
3027221,56.90763666085669
3029003,55.67942566446353
3002274,8.889148198812324
3004056,10.83653181524656
3005838,11.569134268026891
3007620,20.606862627153404
3009402,24.34787766699725
3011184,9.822458391947805
3012966,9.56425323446511
3014748,9.255109324180792
3016530,9.055025004972109
3018312,10.119994512601547
3020094,18.00063429455651
3021876,22.64175620824235
3023658,10.923890100436074
3025440,11.54038495943661
3027222,10.459015234011275
3029004,8.279712485730924
3002275,0.023364371623758772
3004057,0.028879121349894104
3005839,0.03448692339347033
3007621,0.04217831548786961
3009403,0.06265096640060962
3011185,0.014645537155229564
3012967,0.014139052400949726
3014749,0.0217381513045656
3016531,0.028879121349894104
3018313,0.033293453778705934
3020095,0.040975972447494576
3021877,0.06142500441808508
3023659,0.02188238275886106
3025441,0.021372285558822476
3027223,0.014144681126719306
3029005,0.023021364192307082
3002276,12.569043403044144
3004058,13.452185847063538
3005840,13.531072647700794
3007622,24.311304129391015
3009404,34.856158281707785
3011186,17.679689544292046
3012968,14.741763993783756
3014750,14.543744152812145
3016532,15.14015245782129
3018314,16.15683416859275
3020096,27.285549340951828
3021878,33.445752712882445
3023660,15.215338686112709
3025442,16.404412797145785
3027224,16.898403935114754
3029006,16.130433221110863
3002277,3943.2721058827187
3004059,3897.2725356170363
3005841,4653.4288841679945
3007623,7366.606934240782
3009405,8845.815260818417
3011187,4384.823597655692
3012969,4193.393519537139
3014751,3983.5507713185266
3016533,3666.615419328308
3018315,4521.497239191126
3020097,7898.6758967122705
3021879,10144.194465512417
3023661,4460.729127091046
3025443,4029.0902009896395
3027225,3783.2803371172686
3029007,3578.150044396998
3002278,0.010285480528625834
3004060,0.015729750166646933
3005842,0.020110289228365198
3007624,0.027694791300415026
3009406,0.04597163887254687
3011188,0.008213028482947459
3012970,0.005684691622177524
3014752,0.011952377473510795
3016534,0.015729750166646933
3018316,0.018933405686996828
3020098,0.026509157650600232
3021880,0.04476491954079859
3023662,0.012120499800272501
3025444,0.009582364014587976
3027226,0.008277457286359952
3029008,0.00994685683083263
3002279,655.4438813507758
3004061,607.0466739746034
3005843,667.0065109099475
3007625,1050.7725796261368
3009407,1308.1515238480786
3011189,889.1609518333163
3012971,704.6388373335011
3014753,709.6761173155414
3016535,656.0908309569844
3018317,761.4710063881735
3020099,1129.045551482138
3021881,1394.3592872333031
3023663,821.556076243977
3025445,697.5122135579345
3027227,686.463595852849
3029009,687.0781115278469
3002280,16.313883193136135
3004062,14.239295339207374
3005844,18.458402259184492
3007626,30.274163022557694
3009408,20.728602312445272
3011190,13.00543413048987
3012972,13.508272760127149
3014754,14.882491651600919
3016536,11.77959012217109
3018318,13.724986157651331
3020100,26.040898404813092
3021882,18.856903571990507
3023664,12.759011356057403
3025446,13.367466773450804
3027228,16.336157490300664
3029010,15.13074709417302
3002281,1686.4587413131924
3004063,1755.2940295874482
3005845,1985.1959837494762
3007627,2936.5220112293173
3009409,3770.233557116608
3011191,2247.018005872917
3012973,1900.2709803572461
3014755,1801.5974871554859
3016537,1660.6286841378567
3018319,1836.8543254687472
3020101,3054.36531761843
3021883,3700.4123844369674
3023665,2085.52551422237
3025447,1947.2531898480618
3027229,1751.813292074673
3029011,1520.2859245518637
3002282,980.6816959306141
3004064,966.8977119629352
3005846,1108.0053718617678
3007628,1696.055373724855
3009410,2227.220666852206
3011192,1249.1908177877556
3012974,1099.554802049436
3014756,1081.4298817226163
3016538,932.1447096886249
3018320,1057.517846389869
3020102,1726.8332304774751
3021884,2123.7089887529905
3023666,1226.50912460773
3025448,1143.7544143686655
3027230,1012.7862755042817
3029012,955.7521130844468
3002283,522.6728628289421
3004065,457.18495831669094
3005847,622.7003609993809
3007629,831.345694141388
3009411,1080.5100840345651
3011193,620.2100913048264
3012975,511.31408246084413
3014757,557.8671335280977
3016539,443.79588601139926
3018321,641.4730791568504
3020103,865.1018410632312
3021885,1126.6420968836694
3023667,637.505429988619
3025449,538.630187059226
3027231,536.376106750287
3029013,510.5454116137222
3002284,91.66642368490606
3004066,90.56809140560777
3005848,117.7123547755167
3007630,161.57987258808572
3009412,231.76469993469024
3011194,110.41212248128932
3012976,104.51718223569875
3014758,101.18182208877208
3016540,85.86558496692157
3018322,119.32840763511341
3020104,175.42017878446936
3021886,230.96198164217614
3023668,104.02521719934398
3025450,90.57855123049242
3027232,87.88449884369285
3029014,74.25796219582713
3002285,127.8519163991391
3004067,121.16034432808749
3005849,146.7324847978128
3007631,219.02180429478767
3009413,231.58083301765285
3011195,129.05942186214776
3012977,123.63423914651086
3014759,117.75954144437252
3016541,136.96041016470437
3018323,155.25836961654272
3020105,257.036484587853
3021887,249.66622751680455
3023669,127.78790964680496
3025451,148.41145439870456
3027233,143.7422038129927
3029015,152.90110820504057
3002286,6301.0001270859975
3004068,6238.208893056397
3005850,8019.686536474554
3007632,11463.629221455523
3009414,12675.86726366878
3011196,8324.907491747228
3012978,7014.869799642881
3014760,7028.871834603184
3016542,6284.672977559132
3018324,7585.731353221257
3020106,12110.43796136987
3021888,13785.291674839864
3023670,8058.791215714139
3025452,7667.111799288015
3027234,7211.302387411808
3029016,6881.294877260313
3002287,38.76891357147556
3004069,38.865144299290854
3005851,52.18279716033877
3007633,68.81397057947068
3009415,79.6782385001995
3011197,45.683519489779925
3012979,43.280154151435376
3014761,35.26985889885865
3016543,36.323684649502574
3018325,47.18936203106386
3020107,73.92360851927864
3021889,83.32329107375314
3023671,34.95434360917462
3025453,35.279500931019825
3027235,34.84857835233965
3029017,37.33171507106411
3002288,0.6181998729261167
3004070,0.5868243627490237
3005852,0.5851630885750494
3007634,0.7854049741716296
3009416,1.0866573310242473
3011198,0.7482333965235926
3012980,0.5835784425854087
3014762,0.548930044329144
3016544,0.5304857259011175
3018326,0.5811227410156632
3020108,0.7900297475390536
3021890,0.8350988306237042
3023672,0.3944789847414667
3025454,0.3765224978471919
3027236,0.3500677216519179
3029018,0.36932781694551764
3002289,30.180766931483237
3004071,26.35622834230542
3005853,33.44856450982764
3007635,36.119608497285505
3009417,50.884855554514104
3011199,24.94125067954405
3012981,24.086726512165587
3014763,24.39024342300797
3016545,18.440789148769824
3018327,27.114917877532342
3020109,39.79771697093651
3021891,47.90044075661955
3023673,25.034232376728756
3025455,24.66810353575048
3027237,23.657086267875393
3029019,28.032866390470236
3002290,35.90246096017407
3004072,34.233034142225435
3005854,36.69657306776904
3007636,89.82114197132128
3009418,65.49741636357177
3011200,33.65848748297767
3012982,31.24473062548779
3014764,36.5958825781966
3016546,33.07162994869525
3018328,32.529902712247164
3020110,49.10223095236425
3021892,96.34836689354566
3023674,22.90632075180218
3025456,36.699418680556484
3027238,31.052943158589656
3029020,26.95982987107395
3002291,0.16425950893286917
3004073,0.14174027185763316
3005855,0.3435441485837555
3007637,0.5095508012390133
3009419,0.5883760680584045
3011201,0.32457900712294047
3012983,0.36642943502600017
3014765,0.40264336184435756
3016547,0.3561015576499533
3018329,0.2973600472907762
3020111,0.4541307390190498
3021893,0.5498838912151791
3023675,0.2769283081273942
3025457,0.19347923723977836
3027239,0.1835948546054084
3029021,0.1352399579618622
3002292,555.7081023680363
3004074,563.6261573544756
3005856,567.0137690113054
3007638,864.6148511434737
3009420,1085.5609517165576
3011202,633.6049111759811
3012984,533.9631370940065
3014766,524.1501050011633
3016548,489.48673126827373
3018330,500.986732927805
3020112,897.8016887282373
3021894,1040.3578841840363
3023676,621.7941595726602
3025458,539.690137961753
3027240,505.66486248706184
3029022,417.11818480705205
3002293,24.03956293894649
3004075,19.112680964500452
3005857,24.38103094198888
3007639,48.33819312081312
3009421,45.4226519956438
3011203,23.31146676661813
3012985,21.625887027083795
3014767,14.125205339409963
3016549,20.142015885301912
3018331,18.38838942781966
3020113,43.67109929685983
3021895,49.39101413290102
3023677,19.146725410516044
3025459,18.818415492294235
3027241,19.220694297904572
3029023,20.4931839268081
3002294,60.92290756209092
3004076,6.612124315073062
3005858,11.318065394987114
3007640,20.41812048138026
3009422,18.197001422803773
3011204,6.283482492989305
3012986,7.242312567626838
3014768,12.20352009945941
3016550,8.741388098974898
3018332,14.726195660275721
3020114,19.30561348015702
3021896,25.01736747448656
3023678,9.44781266507538
3025460,7.385860136547613
3027242,16.739929873587418
3029024,8.219583939950292
3002295,9.65551993024985
3004077,5.456515656615977
3005859,3.750238376713348
3007641,10.2535714358586
3009423,5.172745753518722
3011205,4.3492857000753
3012987,4.8199190859516134
3014769,7.794774949627222
3016551,3.4082083841753485
3018333,9.61888077287514
3020115,7.554905293415791
3021897,10.195011063999814
3023679,8.489790106753695
3025461,5.18329165418932
3027243,9.131192624643022
3029025,4.378437119218079
3002296,98.24988817028375
3004078,97.01466620841427
3005860,176.536727508563
3007642,267.32713338065753
3009424,113.00268147672668
3011206,81.84313526723845
3012988,84.62494718782577
3014770,104.38081564209921
3016552,112.86167353437452
3018334,165.7098385362177
3020116,279.15931699623843
3021898,119.06286018413901
3023680,87.8500222177235
3025462,87.21658276839744
3027244,95.00782424087974
3029026,110.11881371731138
3002297,4.613367405680568
3004079,3.96611775531938
3005861,4.51604507081486
3007643,7.182720972127294
3009425,9.601047362680623
3011207,4.080853809232554
3012989,5.278466211430789
3014771,4.038022396374111
3016553,4.067225678355481
3018335,4.5637513714231694
3020117,10.03523111301497
3021899,11.173099868213853
3023681,5.313910296695773
3025463,4.878547705109295
3027245,4.498696333459823
3029027,4.745370508775727
3002298,613.3366457674358
3004080,623.5670472592478
3005862,1519.5236843959021
3007644,1011.9610674358179
3009426,1260.0776468113386
3011208,884.5608241852741
3012990,817.5550942601636
3014772,750.2601992225137
3016554,641.0969386276224
3018336,1366.0255060457264
3020118,1020.6689099603456
3021900,1295.8671328801067
3023682,781.5533457935456
3025464,797.8560465098185
3027246,681.6780860346463
3029028,657.7384201188944
3002299,705.7271145904045
3004081,632.9393597229557
3005863,854.0042155367964
3007645,1043.8838151784887
3009427,1335.9049027074059
3011209,772.1573969521429
3012991,622.0732053186686
3014773,756.4291723311078
3016555,530.487051146066
3018337,653.265602891935
3020119,1110.142744892167
3021901,1343.5423393088233
3023683,699.8850167188976
3025465,695.470146600069
3027247,741.9961949592782
3029029,537.5944107773857
3002300,12.615074090744798
3004082,12.378411938045616
3005864,12.472726363362003
3007646,23.689494482145736
3009428,28.112668390389977
3011210,14.28268800598489
3012992,13.399292967238214
3014774,11.654622192262867
3016556,14.298598494911053
3018338,15.902151274337932
3020120,26.043925801304646
3021902,32.21266382797991
3023684,16.42683324072358
3025466,15.474909939591768
3027248,14.258390654135761
3029030,14.137096834319934
3002301,21.90569804121638
3004083,17.56764227770427
3005865,25.245803027932997
3007647,34.607617534557924
3009429,43.78550431193185
3011211,22.200526814558724
3012993,20.490770395361427
3014775,18.186939288646784
3016557,15.167833069241716
3018339,24.187433051212867
3020121,37.0730137821219
3021903,43.58104612851485
3023685,24.770573007529727
3025467,25.10952823181609
3027249,21.334080175907474
3029031,18.080260488679464
3002302,597.4332835744651
3004084,637.9587242765538
3005866,1094.5509678467104
3007648,1140.7092837736107
3009430,1523.4725355687992
3011212,838.9171560310959
3012994,672.8849602108655
3014776,632.0884431995801
3016558,640.8849152349011
3018340,1209.7868417692234
3020122,1199.6049262121921
3021904,1455.3796789946268
3023686,793.8413985317532
3025468,765.5279401144877
3027250,715.8430815983382
3029032,614.2454665438746
3002303,87.4712514186469
3004085,79.04695477887161
3005867,80.10651085439503
3007649,114.2615843416261
3009431,149.4569437238006
3011213,89.14940509649999
3012995,82.22076507561756
3014777,77.56974802165443
3016559,81.20267994972829
3018341,82.1140222141853
3020123,114.94143778801039
3021905,145.30192190696607
3023687,88.13414016314614
3025469,75.9740837691891
3027251,73.04589969819953
3029033,80.64807020906925
3002304,2131.836217768139
3004086,1349.2908500795556
3005868,1724.9761510570731
3007650,2552.518983547171
3009432,3185.610470665503
3011214,1679.0307021488582
3012996,1480.8177149155244
3014778,2320.831821894402
3016560,1350.2905161570086
3018342,1718.1458213361104
3020124,2757.8373650255307
3021906,3275.7212666479304
3023688,1799.035617216853
3025470,1553.318745244522
3027252,2402.3417870126914
3029034,1379.8837233917368
3002305,138.22718669021097
3004087,109.44342886099972
3005869,98.81058548654065
3007651,119.97627161550957
3009433,96.65236686410157
3011215,138.00244198472467
3012997,225.7969074465975
3014779,239.4891654551215
3016561,274.4086149358308
3018343,349.08852115595204
3020125,663.5706744729487
3021907,500.83799516452626
3023689,316.0626526226389
3025471,372.01877610031005
3027253,252.60014838018378
3029035,222.04811525887632
3002306,15.372004963754435
3004088,15.95286695589596
3005870,26.67820862900706
3007652,28.04921844872349
3009434,40.165462840305715
3011216,23.024836154416494
3012998,17.0301983365736
3014780,16.875324058579366
3016562,18.466914222607453
3018344,30.39243942728932
3020126,32.331996976028634
3021908,38.09208339444055
3023690,20.32254205859225
3025472,19.453715781363112
3027254,20.84429138404347
3029036,20.240351752644262
3002307,7.387906400179471
3004089,9.018258869903883
3005871,10.813086219884752
3007653,18.94252384475897
3009435,13.293816938788527
3011217,12.141190972405314
3012999,12.053014210883529
3014781,10.04542418911697
3016563,12.677830809409866
3018345,12.05353428217726
3020127,12.870983324893347
3021909,16.04141855404715
3023691,9.3252397317539
3025473,10.326739158152098
3027255,8.361110973506324
3029037,9.216923403129195
3002308,0.03884097364381205
3004090,0.04325008943117886
3005872,0.04227787960366867
3007654,0.02861380597166611
3009436,0.046964027849526684
3011218,0.026375682337571392
3013000,0.02586334219884174
3014782,0.03355029299765668
3016564,0.04325008943117886
3018346,0.04107542169790072
3020128,0.027427112070570348
3021910,0.045756163615834004
3023692,0.03733657228098483
3025474,0.03681876075008284
3027256,0.03355485858300117
3029038,0.038687195268971145
3002309,10.421443227420673
3004091,8.13866461262833
3005873,10.387042287399648
3007655,15.338565852991174
3009437,17.314466886562357
3011219,9.85298522985005
3013001,11.547653002104807
3014783,10.927595404756742
3016565,10.06242412025017
3018347,10.388011128611732
3020129,15.308463749411622
3021911,19.20343390852728
3023693,9.39020204913866
3025475,9.951167599006876
3027257,11.396446051556874
3029039,10.74539481571897
3002310,6055.248999427935
3004092,5604.58733294737
3005874,7319.6777155286445
3007656,9349.183464964985
3009438,10825.731044926622
3011220,7387.280197039863
3013002,6075.38688387132
3014784,6081.0444382675305
3016566,5251.193236162545
3018348,7473.748921028581
3020130,10087.348840912173
3021912,11520.254953889797
3023694,6941.499787079775
3025476,5880.292285204588
3027258,5813.891838034204
3029040,4876.236534358872
3002311,0.034724748029351694
3004093,0.04030071703808935
3005875,0.038155220563416865
3007657,0.020661025243913857
3009439,0.035382532894349866
3011221,0.028978396744175513
3013003,0.026397985723958028
3014785,0.03279476215552754
3016567,0.04030071703808935
3018349,0.03695751889785388
3020131,0.019483506327959838
3021913,0.03418803003044346
3023695,0.036604157255831035
3025477,0.034004622805496744
3027259,0.03460205056929066
3029041,0.035750722634253045
3002312,1139.918778091562
3004094,951.584714478167
3005876,1165.7915336616952
3007658,1225.8580692929952
3009440,1449.2989557292406
3011222,1187.2305521319363
3013004,1060.1582009359295
3014786,1183.7178979426478
3016568,926.2571302246554
3018350,1287.2866668985853
3020132,1257.6582478843673
3021914,1557.545015822086
3023696,1235.7565774820987
3025478,1149.6096056772208
3027260,1175.449910586089
3029042,933.8038683616381
3002313,22.26108700546737
3004095,24.087580180050885
3005877,27.05866742245977
3007659,31.512433163603077
3009441,23.08990662006806
3011223,22.38502329924985
3013005,22.243021683395977
3014787,21.815411968673025
3016569,23.830556138217457
3018351,26.260549133420167
3020133,31.935126648490133
3021915,25.33051358854733
3023697,21.25288148396156
3025479,24.124944986332785
3027261,23.30406217816642
3029043,22.637460140369583
3002314,1772.2427395996174
3004096,1550.437952539228
3005878,1771.823756799759
3007660,2108.590596148815
3009442,2503.820197739321
3011224,1963.9783200847205
3013006,1747.475733478112
3014788,1883.5141652866478
3016570,1597.8546949854915
3018352,1773.2549358869383
3020134,2121.1962720978418
3021916,2428.982913070786
3023698,1874.694045782505
3025480,1760.7999103859204
3027262,1787.4562704421946
3029044,1478.5931366288646
3002315,1960.456719386711
3004097,1776.2066732883775
3005879,2132.3611851697833
3007661,2367.114577418148
3009443,2674.7920561321876
3011225,2108.5562768403397
3013007,2018.8718210359857
3014789,2005.4502642485793
3016571,1674.2008572167979
3018353,2127.522379857058
3020135,2446.220320824072
3021917,2830.2485066825952
3023699,2011.0571157914148
3025481,1992.0703783465174
3027263,2074.9382062718755
3029045,1717.4541945626086
3002316,382.0857201196849
3004098,353.71752674231783
3005880,509.555032473598
3007662,533.5000992291144
3009444,639.5194850897794
3011226,463.57058082228957
3013008,430.8169886871644
3014790,398.0407234332442
3016572,359.5906802869448
3018354,520.2911244302093
3020136,547.5544881312051
3021918,645.8801910352352
3023700,430.7170335370599
3025482,413.9349433719181
3027264,393.47986789309317
3029046,344.06526078349725
3002317,414.05377925321073
3004099,351.1669880388541
3005881,496.1518369106581
3007663,477.4262769129301
3009445,599.8851490906222
3011227,457.3385326771041
3013009,446.6409279073335
3014791,422.05938427872314
3016573,336.2822503495213
3018355,500.34184022563403
3020137,507.7658519200588
3021919,578.6391639293181
3023701,434.53213568090456
3025483,434.39734177387254
3027265,405.52859391979985
3029047,354.73071935742973
3002318,293.86056818408093
3004100,254.22219785535398
3005882,392.50509411487
3007664,387.7284596950336
3009446,328.85302381246464
3011228,250.81288512349022
3013010,226.33616255540176
3014792,293.86166593753353
3016574,244.59313933199684
3018356,417.1073603730659
3020138,346.339708845667
3021920,352.9869885482085
3023702,225.33642331789073
3025484,292.2190412436892
3027266,300.1940459107813
3029048,289.88025151983476
3002319,7589.510067699616
3004101,6711.355756937549
3005883,8327.721507717104
3007665,9470.470798989645
3009447,11465.371283494504
3011229,8540.45184546527
3013011,7393.185257279848
3014793,7706.143417077032
3016575,5970.156344703581
3018357,8420.453379856906
3020139,10275.862839177888
3021921,11912.260657295808
3023703,8227.4965512491
3025485,7591.523480729935
3027267,8022.876450781008
3029049,6533.888647915641
3002320,63.935831979092185
3004102,63.45787516179706
3005884,61.196004264874716
3007666,86.448614670436
3009448,92.03830639135327
3011230,67.47069747136096
3013012,90.94111929346484
3014794,75.8075260647802
3016576,62.18002405116179
3018358,74.71376569787077
3020140,75.52823379471478
3021922,74.50584036571554
3023704,69.82148030455154
3025486,69.88723067341853
3027268,74.68174420470447
3029050,66.23366008756159
3002321,1.6399677450239234
3004103,1.5488628679023009
3005885,1.525041241106961
3007667,2.764279691568737
3009449,2.862057575312133
3011231,1.7566749551198808
3013013,1.293149417082856
3014795,1.1452649227252127
3016577,1.082688107820684
3018359,1.049021133060514
3020141,1.3947623922524341
3021923,1.790091552213391
3023705,1.4494351105414927
3025487,1.0363334170775627
3027269,1.0405436566520896
3029051,1.305204227671085
3002322,38.30770692592719
3004104,38.354433321947596
3005886,39.44810055861349
3007668,64.62545426295614
3009450,55.65017425560096
3011232,37.03065191493857
3013014,48.21200711538673
3014796,36.48358972686144
3016578,49.252134251655235
3018360,51.309818354294315
3020142,53.70171972411065
3021924,81.21238591289575
3023706,37.41149035296212
3025488,36.65422922043543
3027270,38.65528988319464
3029052,46.42850514572696
3002323,53.710933238704946
3004105,53.14762828330678
3005887,50.28999915401612
3007669,61.67948830631936
3009451,65.03960314874716
3011233,65.19771291118677
3013015,52.01825455118096
3014797,55.06508338256733
3016579,55.89175200446264
3018361,48.34914094653503
3020143,109.30871217474372
3021925,64.9928190227063
3023707,49.426927310684725
3025489,46.475163454918416
3027271,50.116922620688065
3029053,45.42931660617178
3002324,0.3340324998612511
3004106,0.3142395745195957
3005888,0.3901512861386318
3007670,0.6473261177918177
3009452,0.6505235331312611
3011234,0.3919720784096456
3013016,0.45359681566684706
3014798,0.4662149562093659
3016580,0.4304051355547347
3018362,0.5752114656729432
3020144,0.9389285058532586
3021926,0.8599428625373511
3023708,0.5802256545762905
3025490,0.5323762345731953
3027272,0.48698110233918046
3029054,0.41064901818734356
3002325,510.5482218795217
3004107,463.8759631896466
3005889,518.2736607588206
3007671,657.6295506768602
3009453,756.3215994166396
3011235,522.4408969528158
3013017,513.7028038034696
3014799,493.83566722132906
3016581,434.43268856224455
3018363,475.8408138910247
3020145,624.6838940884016
3021927,712.161924516319
3023709,489.82811393089173
3025491,507.83049553157184
3027273,444.13495813508274
3029055,372.83616479144314
3002326,15.1401713725156
3004108,17.402638034504708
3005890,14.971462808557096
3007672,24.16691562234763
3009454,38.90994104983446
3011236,17.37165666058201
3013018,16.165834177323987
3014800,17.224645665560544
3016582,16.172118253636917
3018364,19.796064464149076
3020146,24.93165120702786
3021928,28.917698105901472
3023710,13.137651600384082
3025492,14.478702896071761
3027274,14.932789842680792
3029056,13.261568195836047
3002327,38.84340756267288
3004109,26.541289007996518
3005891,38.78747929373739
3007673,38.285471998239935
3009455,31.45658983142434
3011237,19.311629722853024
3013019,22.096632118270296
3014801,32.842385940365666
3016583,21.006828234518608
3018365,39.48184846709875
3020147,41.467203067637875
3021929,34.33811035627854
3023711,20.765062522325646
3025493,20.441271902386955
3027275,37.826595049330486
3029057,25.799465017153658
3002328,18.829210634648827
3004110,11.30869902085863
3005892,13.38567675973105
3007674,18.208293366828894
3009456,15.970079282816684
3011238,7.407595669543767
3013020,11.849587525320098
3014802,9.533436135911725
3016584,10.146183537641361
3018366,10.856916471613422
3020148,16.362731739593187
3021930,16.407641245779242
3023712,9.923916607990156
3025494,10.889479270129877
3027276,10.95198747760666
3029058,8.44171386600034
3002329,234.449679110502
3004111,245.560378447523
3005893,389.9314867675925
3007675,516.9825021588815
3009457,159.51295700438655
3011239,210.91460840186568
3013021,183.89716529856727
3014803,215.5278501611816
3016585,227.9199026968052
3018367,352.5044047783406
3020149,503.3906010423926
3021931,159.36243178074034
3023713,167.39845150556724
3025495,174.49933261569203
3027277,200.04379242449997
3029059,224.85050585067475
3002330,12.610594198174724
3004112,12.36175062650175
3005894,17.276020266641744
3007676,21.461726293951397
3009458,21.72018102980633
3011240,14.42095357664759
3013022,12.493070659476928
3014804,15.081719652691323
3016586,12.139231385331874
3018368,16.86899811303522
3020150,22.13908520094499
3021932,25.072021358409483
3023714,16.960838759391233
3025496,16.985572108161687
3027278,15.465243558942134
3029060,12.345552833182618
3002331,628.3365619345883
3004113,557.1269742704543
3005895,1419.0717477926469
3007677,797.5148753817559
3009459,911.939832899185
3011241,834.575397543763
3013023,704.2999009119561
3014805,697.040358927
3016587,565.5295112508375
3018369,1459.1072007624973
3020151,841.6742477891635
3021933,927.9218744671192
3023715,741.0531230100661
3025497,655.3046309263934
3027279,650.7634594259991
3029061,655.0298959918463
3002332,483.9975194433804
3004114,398.58942111128306
3005896,469.91941071133135
3007678,641.8260599515894
3009460,830.9007132631037
3011242,532.581440522238
3013024,491.28073815299115
3014806,496.55029029670646
3016588,410.224630074938
3018370,490.8346931310553
3020152,688.5160866465081
3021934,843.3412049782929
3023716,579.2584997058982
3025498,527.7474778355408
3027280,495.59497414196426
3029062,428.60462261543813
3002333,17.474091291173302
3004115,14.043543150196966
3005897,18.152671907497464
3007679,24.22509144754908
3009461,29.19287719997743
3011243,17.924166688301334
3013025,15.841341640691859
3014807,15.07125730624395
3016589,14.642327347235362
3018371,15.709008438328059
3020153,26.463336919317612
3021935,28.938883499721516
3023717,15.634782968007148
3025499,15.75717608793828
3027281,14.953583781778907
3029063,15.63648210031753
3002334,27.17040096644029
3004116,23.55673237809171
3005898,26.269477289166876
3007680,34.588574765711044
3009462,42.05889727407046
3011244,25.586792402646896
3013026,23.533479335979838
3014808,24.734124874968217
3016590,23.249517643174304
3018372,27.3874906222526
3020154,34.471820820124925
3021936,39.414087276081645
3023718,29.279345152655207
3025500,22.76750036713268
3027282,24.615083517466598
3029064,24.37058007868647
3002335,855.1447647529926
3004117,798.2355563636695
3005899,1350.5290098203982
3007681,1080.1320009459585
3009463,1254.5610259530765
3011245,1098.2419735659541
3013027,958.6903824222677
3014809,925.3215432265085
3016591,726.1266766388565
3018373,1423.4383487575467
3020155,1113.7596628460585
3021937,1323.3825431703851
3023719,988.1049813776308
3025501,952.8062886140069
3027283,867.6710983620056
3029065,761.293771545917
3002336,196.88934609285033
3004118,173.96355940530512
3005900,220.1626205137313
3007682,262.48629711040854
3009464,266.7195752053747
3011246,197.96066312277728
3013028,193.38081268411716
3014810,213.45072594592344
3016592,169.7301528062487
3018374,212.3283530041684
3020156,232.05169134120163
3021938,255.3211525935822
3023720,196.1035552024105
3025502,174.92497849037306
3027284,209.64408127890235
3029066,171.4174462239719
3002337,9517.80769017516
3004119,5587.653371870818
3005901,7028.144562989805
3007683,8446.786486790708
3009465,9526.710734983217
3011247,6866.782443367857
3013029,5632.448545502418
3014811,9253.229734180502
3016593,5275.096690960232
3018375,6935.614032318863
3020157,8115.4949515076505
3021939,9530.741697037867
3023721,6709.773865457091
3025503,6094.079975343339
3027285,9473.010266543522
3029067,4974.7656676990855
3002338,106.33117440107051
3004120,133.54504888157902
3005902,153.46147079916142
3007684,266.6427725306331
3009466,300.8806356741577
3011248,298.92676753484835
3013030,320.9685032703203
3014812,325.9609623236282
3016594,196.40387077532395
3018376,221.48913058043516
3020158,359.40026476934014
3021940,254.99019005558293
3023722,248.45054567626266
3025504,248.462094007677
3027286,267.7716507186517
3029068,229.46806718302446
3002339,71.85494485065406
3004121,59.56966217601424
3005903,113.9186400073149
3007685,89.29931878049183
3009467,90.5183155458224
3011249,75.63075405306458
3013031,65.58870864772548
3014813,82.30906586856604
3016595,69.51455990024257
3018377,105.72722337169
3020159,88.44997265335961
3021941,85.42248431290312
3023723,83.2090748575567
3025505,76.003012843494
3027287,74.91675487398993
3029069,68.45876595688704
3002373,6.538354977703494
3004155,7.084069948950367
3005937,9.821772870587182
3007719,12.54817371732813
3009501,13.036674466939383
3011283,8.485011587999928
3013065,8.526279038155256
3014847,7.803600806875792
3016629,8.840413980361431
3018411,9.685272454537076
3020193,14.241732512065692
3021975,13.600073099840143
3023757,9.202543599752838
3025539,9.755819486754111
3027321,10.68243280984148
3029103,8.213970464688886
3002374,0.02300799517265841
3004156,0.027349911612762852
3005938,0.02986914962295868
3007720,0.035972509704883346
3009502,0.04902598682532357
3011284,0.014292196951405094
3013066,0.01378588857539703
3014848,0.021382341168496407
3016630,0.027349911612762852
3018412,0.028681007453673142
3020194,0.03477732619496698
3021976,0.04781574374533628
3023758,0.021526522395624317
3025540,0.021016602831855784
3027322,0.013791515341018891
3029104,0.021223451827621517
3002375,10.63573234690951
3004157,11.254357391971451
3005939,11.159603523672185
3007721,16.566309125573763
3009503,18.686210772444337
3011285,10.52215566597461
3013067,10.117657388743197
3014849,11.379957576989533
3016631,10.012336864910813
3018413,11.394003295887906
3020195,19.4035697722894
3021977,16.043242734563048
3023759,11.080425427327938
3025541,11.11337095913705
3027323,9.545889680901064
3029105,8.244215122892221
3002376,3712.885435469142
3004158,3797.454264444483
3005940,4543.020260904939
3007722,6220.106737233153
3009504,7473.964003834966
3011286,4094.4989441549765
3013068,4069.89735805775
3014850,3686.1588534610974
3016632,3654.2274136608653
3018414,4178.313400089305
3020196,6561.85538634067
3021978,7259.758553719008
3023760,4145.460078282599
3025542,4049.1147403980453
3027324,3824.561036117289
3029106,3605.8719941754402
3002377,0.07223610668358312
3004159,0.02383430165398421
3005941,0.025183578042995734
3007723,0.0284041487356611
3009505,0.04111890681973467
3011287,0.016257603723757043
3013069,0.026632467392934133
3014851,0.020026789141202764
3016633,0.02383430165398421
3018415,0.024000841536345484
3020197,0.02721769671248091
3021979,0.0399177860007589
3023761,0.020196252923261236
3025543,0.01763786524266712
3027325,0.016322546607370887
3029107,0.01772880672491497
3002378,504.4691549814068
3004160,497.91300129280324
3005942,568.3698444623344
3007724,755.4632121619047
3009506,790.2262245112641
3011288,617.9481420670799
3013070,565.5184737812893
3014852,569.7043386385503
3016634,506.3903739300733
3018416,658.3846153719049
3020198,803.2628696785237
3021980,780.3794709071433
3023762,602.8667786683144
3025544,541.7386504405334
3027326,588.3142596882958
3029108,539.832481996996
3002379,21.991494618411984
3004161,25.2952081794047
3005943,28.097180241720896
3007725,34.31725988945177
3009507,25.961548093564527
3011289,21.552651032286548
3013071,22.787740514497262
3014853,22.23240022081954
3016635,23.02290755244359
3018417,32.88889027686201
3020199,47.71223450198196
3021981,35.36684428554223
3023763,25.41320899928899
3025545,25.06873151757338
3027327,25.85691887959634
3029109,28.787111172288448
3002380,1585.1386367479945
3004162,1566.9270066146994
3005944,1745.6053062418202
3007726,2479.5928525151608
3009508,2551.075248932746
3011290,1895.9465944768817
3013072,1731.897227987692
3014854,1599.9685342932617
3016636,1356.892019772385
3018418,1556.5602364427791
3020200,2275.990997391519
3021982,2359.9168962787953
3023764,1594.3707005536232
3025546,1402.495796955746
3027328,1393.5718425373188
3029110,1257.033175951842
3002381,968.8063446073298
3004163,920.5827032790023
3005945,1013.0609298928857
3007727,1442.6454555854668
3009509,1503.3319778288192
3011291,1141.5383350002655
3013073,1038.2058080048787
3014855,967.0880137978975
3016637,907.3045091567121
3018419,979.7271765136968
3020201,1489.5152664789891
3021983,1539.478671539841
3023765,1018.5345859405542
3025547,974.2854592897513
3027329,963.1825896622591
3029111,906.7903373043849
3002382,401.2192657485899
3004164,388.9947819091786
3005946,490.10526600331497
3007728,606.365524130165
3009510,698.123333607903
3011292,482.80652228392995
3013074,444.58471355023437
3014856,439.05094208890654
3016638,382.63549355294253
3018420,499.66889803501243
3020202,642.6967845040275
3021984,696.2904418386587
3023766,452.5810962129222
3025548,409.1802948574514
3027330,415.0889895720792
3029112,408.75837201155525
3002383,89.99371551587343
3004165,81.79000566615417
3005947,113.06271070708121
3007729,146.17653950175273
3009511,158.92638203186198
3011293,119.29101185066439
3013075,99.10213833458148
3014857,96.88460415559442
3016639,81.48400815225763
3018421,112.8201941667274
3020203,147.26215545203374
3021985,162.33368939532582
3023767,105.25876627836313
3025549,89.82146862821793
3027331,96.17085368020581
3029113,86.13773172677
3002384,119.26674655619063
3004166,131.43711121412457
3005948,144.66771015015817
3007730,173.80825002270728
3009512,136.84401168867856
3011294,99.22002891285341
3013076,99.63211340178168
3014858,109.22133016087001
3016640,138.60302744189497
3018422,149.99055370175645
3020204,174.50381023566376
3021986,143.09388717314476
3023768,102.6871231856515
3025550,104.85245244720909
3027332,131.95227564192726
3029114,133.75863925289332
3002385,6021.766780249973
3004167,5934.674534262238
3005949,6699.589219020521
3007731,9286.26744234547
3009513,10089.927972084874
3011295,7302.50778359284
3013077,6714.347798533707
3014859,6249.440695655932
3016641,5537.64434192143
3018423,6708.705679720155
3020205,9965.527162772802
3021987,10181.470773532506
3023769,6809.021764019515
3025551,6042.903321622801
3027333,6079.781955785042
3029115,5353.891807064073
3002386,116.90528782241674
3004168,106.57601496778716
3005950,102.02503623022382
3007732,139.11861513428818
3009514,135.59038648842724
3011296,81.75445581825734
3013078,82.56889251538009
3014860,87.44244788517499
3016642,75.55530363253206
3018424,83.90811431769554
3020206,124.21086510273541
3021988,99.67978250950239
3023770,57.295791318684635
3025552,63.27579848701929
3027334,56.502028502460675
3029116,59.42418424858713
3002387,1.0941974139485549
3004169,0.9212827347339367
3005951,0.7465704435460079
3007733,1.4191210872669173
3009515,1.5327552403846703
3011297,0.6819447579542479
3013079,0.7859922004116202
3014861,0.8329001434239864
3016643,0.7404382467085142
3018425,0.9363017509294465
3020207,1.4916593547843986
3021989,1.6544718531694271
3023771,1.0822783504800477
3025553,0.9908480964601054
3027335,1.0454845495845384
3029117,1.1732047849313898
3002388,34.11174431053478
3004170,35.393467726265186
3005952,50.55255359396232
3007734,67.58600848828121
3009516,47.47221092939581
3011298,29.199847175623546
3013080,34.558918996749924
3014862,39.53440572998206
3016644,35.94003326205626
3018426,56.84018205746313
3020208,68.48956968761772
3021990,56.44130895907733
3023772,32.815654545801024
3025554,40.6596384376272
3027336,49.35837711198628
3029118,46.14430137034126
3002389,44.20284917630313
3004171,28.802578748275597
3005953,39.18771799729544
3007735,54.48494056120583
3009517,51.889580914503526
3011299,37.00160541386195
3013081,36.35486345877999
3014863,33.141433009904176
3016645,29.7169678494613
3018427,29.6991719209484
3020209,37.73593574863193
3021991,44.902674497266425
3023773,26.176300300216457
3025555,30.536997810321754
3027337,33.126049127542736
3029119,35.367769330144164
3002390,0.28466059629744017
3004172,0.2893788040517695
3005954,0.2950825647364582
3007736,0.44626573212214343
3009518,0.5085225930047617
3011300,0.30854205706582727
3013082,0.3012140004579311
3014864,0.3189858279258744
3016646,0.20736028857730696
3018428,0.1656102434932074
3020210,0.2084838931719794
3021992,0.22542848181570077
3023774,0.15812153775318355
3025556,0.1537506538497225
3027338,0.16881045241621861
3029120,0.140064558142094
3002391,458.35666465884145
3004173,454.85020458247277
3005955,478.85222911744916
3007737,706.8474334245428
3009519,785.6707804066068
3011301,518.4444322257145
3013083,466.5089720688555
3014865,420.5950713167415
3016647,352.38462110072555
3018429,372.88405861278915
3020211,575.7116135449508
3021993,545.1808228704527
3023775,386.5232421845471
3025557,356.3826605066711
3027339,358.49815560150114
3029121,275.8906056128529
3002392,16.91810230511719
3004174,14.357839656842204
3005956,17.75616003970635
3007738,34.03545231948003
3009520,33.48907099968806
3011302,15.923725357195885
3013084,15.858155895651652
3014866,12.54163290503301
3016648,14.71693415155286
3018430,20.292430585965523
3020212,35.35941065468219
3021994,34.56496667615206
3023776,14.860412582091602
3025558,13.500460349234698
3027340,11.304185533497803
3029122,12.767751504823133
3002393,59.3038260661004
3004175,5.931221248688115
3005957,8.836999037266363
3007739,14.96076769731985
3009521,11.70805031410201
3011303,5.3543249255102126
3013085,5.206360239235036
3014867,10.810919996844799
3016649,5.796590652197694
3018431,8.633990356910324
3020213,14.561772498095864
3021995,11.922391199971276
3023777,6.611161425676217
3025559,5.948910550350698
3027341,12.473275521313186
3029123,8.542928105351628
3002394,10.553447597579279
3004176,1.7558484345077137
3005958,2.2703169776847987
3007740,2.802390970118628
3009522,3.48611039454319
3011304,2.9223118524456515
3013086,2.8662419233268484
3014868,2.6922327904222323
3016650,3.214817736760785
3018432,3.476999252035186
3020214,5.156084523940404
3021996,5.38675302022547
3023778,3.712043306898299
3025560,3.577504312733348
3027342,3.75146142213398
3029124,3.274851392113118
3002395,120.02221823932204
3004177,129.65097638640293
3005959,196.2017083011284
3007741,258.6744840957657
3009523,115.70112973836451
3011305,95.1000249719143
3013087,99.8166947683511
3014869,108.41808150184667
3016651,118.55508612551756
3018433,170.7726456496102
3020215,254.90173354187326
3021997,111.94953191821286
3023779,80.76103045455017
3025561,107.68617935473594
3027343,109.04328079013106
3029125,132.6812426150835
3002396,4.745006230017365
3004178,6.245702979751216
3005960,6.130310623944997
3007742,12.279454300424078
3009524,11.07917755011218
3011306,6.18822580768949
3013088,5.7156591209867305
3014870,6.2169394098167015
3016652,5.971346091528687
3018434,6.591933140414622
3020216,13.50237124340789
3021998,12.34452203611519
3023780,8.07051869289551
3025562,8.322485657129782
3027344,7.898966263899018
3029126,7.766826330329458
3002397,528.3020363808607
3004179,433.61383668178087
3005961,885.6767763331122
3007743,651.3975650374695
3009525,570.5742275423623
3011307,583.0870488950883
3013089,516.1605250100375
3014871,561.2488668481028
3016653,472.9391236926496
3018435,839.9566867116586
3020217,654.9505925965842
3021999,595.0933549654668
3023781,497.11610119350456
3025563,512.4994466108424
3027345,517.3883608450399
3029127,457.5010530724007
3002398,444.90877527765844
3004180,425.4589292556166
3005962,463.87891331428966
3007744,762.1759456346686
3009526,824.6540055910008
3011308,588.9157045971236
3013090,507.16960773049925
3014872,479.43028020359606
3016654,385.56343866224046
3018436,496.7901615340674
3020218,811.633717521756
3022000,779.5437767278709
3023782,546.2224614929974
3025564,472.24617485652936
3027346,497.8101420055658
3029128,439.4005783177703
3002399,9.449957653778878
3004181,8.437858275923439
3005963,8.82224361263046
3007745,19.734038732040037
3009527,16.55837865054281
3011309,12.160079744418345
3013091,12.282119793028562
3014873,10.469646221836063
3016655,9.640127811756681
3018437,11.438331239857298
3020219,20.70943321745846
3022001,16.5815843686551
3023783,10.389300076251299
3025565,8.969838938646914
3027347,10.45823886021014
3029129,9.889586365146792
3002400,20.028808944787087
3004182,15.920746739880713
3005964,20.84832048547981
3007746,29.630131273307036
3009528,32.37628081235976
3011310,20.031475675507128
3013092,20.866220311586464
3014874,20.53048365697109
3016656,14.346513360327997
3018438,17.904409791990673
3020220,37.07310925609628
3022002,32.31737571013787
3023784,20.84466690970051
3025566,19.668457306018897
3027348,17.829810718253114
3029130,17.61785922322198
3002401,384.96406338674126
3004183,363.03660440258795
3005965,531.523381027277
3007747,491.24246094464957
3009529,574.8802933343583
3011311,401.2138195129139
3013093,418.9801730180602
3014875,381.2496230689652
3016657,321.63248277663416
3018439,539.3791766242293
3020221,487.8557337220036
3022003,532.6870818131355
3023785,422.17158966978894
3025567,367.8135141171481
3027349,392.78563835478195
3029131,346.91163350015876
3002402,73.46351674760126
3004184,76.00760154716899
3005966,79.97605392284687
3007748,104.29490103106991
3009530,95.46249745466118
3011312,80.7782108051723
3013094,71.49314596433271
3014876,80.66430474699668
3016658,72.46725292595828
3018440,85.49955829776681
3020222,109.35994811688794
3022004,95.94396102329296
3023786,82.8271656373105
3025568,82.00091140048188
3027350,85.04523157649488
3029132,85.62514947500456
3002403,2638.483980528669
3004185,1694.915656209196
3005967,2040.0691092955299
3007749,2602.231135052537
3009531,2727.1337949069343
3011313,1848.3432273197568
3013095,1695.9798205429101
3014877,2693.6329671295084
3016659,1660.737175917114
3018441,2019.5677870704105
3020223,2727.9760490990643
3022005,2746.2971846522896
3023787,1819.577753956168
3025569,1781.596595813935
3027351,2598.8382268849405
3029133,1704.0460552536085
3002404,65.03991098906128
3004186,91.60465390257792
3005968,126.54928518765243
3007750,133.07379211298291
3009532,75.26028874377576
3011314,202.9312267492558
3013096,235.7010430287793
3014878,287.592874583217
3016660,296.59422902801873
3018442,342.94103529968544
3020224,402.7313833610377
3022006,348.58775018098487
3023788,236.18903224582573
3025570,220.20702393978232
3027352,286.031806149669
3029134,227.44101478223723
3002405,14.276630154769359
3004187,15.107978252484976
3005969,27.133148098004686
3007751,27.63276804045776
3009533,26.190504175391442
3011315,14.948520309419624
3013097,16.390715029970018
3014879,15.747839437676522
3016661,17.59110939124915
3018443,27.48159176011358
3020225,22.49706280865374
3022007,20.959112414435438
3023789,11.859282997397493
3025571,16.822147979035794
3027353,16.67461151104244
3029135,16.3942603886099
3002406,6.39416438172252
3004188,6.609744342074732
3005970,7.379017619447838
3007752,8.807509641872771
3009534,11.824939856470657
3011316,6.161326163211463
3013098,7.252416579672236
3014880,6.605447818246045
3016662,6.5464017684654365
3018444,6.750233347687987
3020226,10.226902795833295
3022008,9.233274815134893
3023790,5.447094192019415
3025572,5.746124181464598
3027354,5.7414429928280315
3029136,5.4591965254931845
3002407,0.03835042645339942
3004189,0.03740962172037618
3005971,0.038916987315217935
3007753,0.028132518840542717
3009535,0.03640636593983842
3011317,0.02410576017433854
3013099,0.023594553121920273
3014881,0.03261938348322018
3016663,0.03740962172037618
3018445,0.03771840681257037
3020227,0.026946380192059628
3022009,0.03521068189751135
3023791,0.03258744325839255
3025573,0.032072002369609366
3027355,0.030174715326737076
3029137,0.031223172238707984
3002408,5.978114565297253
3004190,4.71016671011166
3005972,5.150189159631162
3007754,8.532562219903296
3009536,9.512684962954483
3011318,6.9679970207323585
3013100,4.718559785919548
3014882,7.090637196250203
3016664,4.685320182769145
3018446,5.086870284874543
3020228,6.417387994467969
3022010,10.987482126348416
3023792,4.3572657597184765
3025574,5.798900688663975
3027356,5.360795743452563
3029138,4.161548050821833
3002409,4435.619770547366
3004191,3637.9296767149876
3005973,4662.3051577331535
3007755,5545.001617879037
3009537,5782.330291212558
3011319,4728.223019497829
3013101,4376.319524364719
3014883,4415.368285768581
3016665,3527.8183502537586
3018447,4741.947012622606
3020229,5952.79453577329
3022011,7046.777737502894
3023793,4324.022563744902
3025575,4084.456987742793
3027357,4417.076517883926
3029139,3658.97478826705
3002410,0.03220497704967033
3004192,0.03244512086349964
3005974,0.032775332216534
3007756,0.018179890204139307
3009538,0.02292874584974448
3011320,0.024686346069471846
3013102,0.02211669839948149
3014884,0.029838023323308673
3016666,0.03244512086349964
3018448,0.03158383723481365
3020230,0.017005233730632008
3022012,0.021748610703873357
3023794,0.029831883635967105
3025576,0.02724933229192147
3027358,0.029193241551336672
3029140,0.026288276499337404
3002411,925.4227951713547
3004193,730.188826306566
3005975,843.813166144345
3007757,997.345004556592
3009539,1121.222120963281
3011321,927.051358410827
3013103,858.8417061158018
3014885,923.110205778384
3016667,741.2518353607949
3018449,904.5942054204255
3020231,1092.8760929225548
3022013,1309.736065374172
3023795,862.9718208064933
3025577,786.9133288967002
3027359,870.2716359485825
3029141,692.2811596491136
3002412,7.3020177123417245
3004194,6.524341017632883
3005976,8.390800709997901
3007758,14.258988984043794
3009540,9.556688354922601
3011322,7.6428144564585505
3013104,6.997391475582632
3014886,8.341372694291284
3016668,8.379082689335483
3018450,9.915680307551824
3020232,15.125707215567658
3022014,10.43216710107188
3023796,8.11329151724435
3025578,8.341754973497194
3027360,11.202975840990858
3029142,10.753856660527115
3002413,1583.3294962948876
3004195,1285.8658603784547
3005977,1446.1168426392235
3007759,1623.1480852209897
3009541,1798.3754273756213
3011323,1601.4433755486962
3013105,1389.1277125966244
3014887,1441.2560696498988
3016669,1146.0630747268897
3018451,1418.2310312629506
3020233,1633.2498740605113
3022015,1791.4117185034331
3023797,1332.6514675064327
3025579,1203.5133615694274
3027361,1360.127241369088
3029143,1008.0917165580086
3002414,1625.8207636451536
3004196,1216.246213813356
3005978,1599.2559019072867
3007760,1677.8522061493316
3009542,1850.1124057445024
3011324,1660.7010044592353
3013106,1545.1700464869612
3014888,1631.644803504269
3016670,1260.1280657742323
3018452,1626.878976201699
3020234,1774.5127015632368
3022016,2083.620069512101
3023798,1523.0761151411155
3025580,1314.3947522616795
3027362,1514.6788830514831
3029144,1309.0001705725826
3002415,229.72704910862805
3004197,220.1344478075463
3005979,307.2483656504692
3007761,300.56643920537664
3009543,319.2536364048138
3011325,310.3231072030063
3013107,246.05717320906595
3014889,244.75235604649345
3016671,206.0410058243131
3018453,317.0810874009389
3020235,334.16196366091197
3022017,373.7196752954702
3023799,235.495395689403
3025581,232.9629763783205
3027363,254.81625403979353
3029145,203.54853016365018
3002416,342.70080575801717
3004198,265.0211395736065
3005980,412.96985550563295
3007762,340.5424561295984
3009544,376.58985753876595
3011326,348.44400420243534
3013108,326.69050979730974
3014890,340.4092128506884
3016672,262.4934693038165
3018454,407.9530209980307
3020236,352.15886237234093
3022018,436.4849492443713
3023800,312.08718551113935
3025582,299.12036205003574
3027364,312.75130285645264
3029146,247.1861958495802
3002417,228.75937166099945
3004199,147.53709720382494
3005981,304.76668816328436
3007763,312.0736554494254
3009545,235.62507058196027
3011327,194.0838439144402
3013109,188.1219817562398
3014891,200.23654626075844
3016673,151.70011783092977
3018455,292.4900709771397
3020237,403.5071840891056
3022019,218.61274256051917
3023801,165.6886087695424
3025583,210.88407707665468
3027365,229.86611044398464
3029147,199.60618929267375
3002418,5172.8740714424275
3004200,4231.2817487606235
3005982,5085.957343050222
3007764,5770.48361052711
3009546,6507.328229162595
3011328,5635.876706302299
3013110,5020.811102787356
3014892,5251.291625223774
3016674,4112.744052462153
3018456,5104.736422455968
3020238,5987.20074022525
3022020,7771.480057051692
3023802,4980.226592356128
3025584,4763.597992901652
3027366,5167.5913156827255
3029148,4180.918281410964
3002419,37.57354854649986
3004201,30.764096211583322
3005983,35.43965965199944
3007765,41.46032565388424
3009547,46.94959416530353
3011329,34.0666686274889
3013111,34.913433695143624
3014893,40.39276146216343
3016675,40.8070956141412
3018457,42.75979382382652
3020239,61.22509341184367
3022021,48.60866829014272
3023803,35.22247984948351
3025585,32.60390811234064
3027367,36.04256568250621
3029149,42.900287237398466
3002420,1.036595624637445
3004202,1.0547171641053392
3005984,1.0243057396941757
3007766,1.4910990490076754
3009548,1.9164632910537494
3011330,1.456542921774493
3013112,1.215252287184335
3014894,1.192885174379684
3016676,1.2331254678342556
3018458,1.2371261227787391
3020240,1.5523274182837272
3022022,1.5742179958674614
3023804,1.0777489925682717
3025586,1.2263640640418734
3027368,1.216157317406343
3029150,1.2341300722433814
3002421,26.06087100769723
3004203,20.854830291837658
3005985,23.747697551330656
3007767,30.179745816192014
3009549,31.280890263684107
3011331,20.49025417550496
3013113,26.08817441410133
3014895,24.369527521731765
3016677,17.693896080214977
3018459,25.483858208494084
3020241,42.93330515764276
3022023,33.696054824951936
3023805,27.868950646089154
3025587,29.10661087996969
3027369,26.505492439592366
3029151,27.35095133651001
3002422,35.25466482037057
3004204,31.68936006431163
3005986,37.76554397383574
3007768,41.26485993966745
3009550,43.42549937810241
3011332,36.29442492961955
3013114,33.712892768263536
3014896,31.23956027206595
3016678,29.08510282680569
3018460,38.27872367356945
3020242,45.21644571826073
3022024,49.19885360381471
3023806,32.50588597548423
3025588,37.59247119320173
3027370,34.87599034225333
3029152,33.736211088429165
3002423,0.41900465281520904
3004205,0.3543253424373643
3005987,0.3414204182056623
3007769,0.4859968239439519
3009551,0.6590750347966285
3011333,0.4682432152184558
3013115,0.415401540673161
3014897,0.4675973289247167
3016679,0.4746215421944889
3018461,0.4505507748329485
3020243,0.49714128954077935
3022025,0.4536592566683495
3023807,0.3341631979991143
3025589,0.3202218591538741
3027371,0.35795814853411206
3029153,0.20120362850082738
3002424,428.15595313065006
3004206,325.7555726169408
3005988,354.47075305094944
3007770,432.83428658543244
3009552,485.8453798701359
3011334,435.3116102578644
3013116,364.5791029767337
3014898,353.6297441842904
3016680,279.40004968072236
3018462,298.92367478410296
3020244,400.3524197038701
3022026,435.6265895317225
3023808,302.42764704279335
3025590,310.1589904741831
3027372,285.9325162204313
3029154,209.97172339301204
3002425,2.195226596074249
3004207,1.349320947429978
3005989,1.3034186160109953
3007771,2.0324744407171407
3009553,3.269449582437943
3011335,1.895776611730326
3013117,2.7487871162374815
3014899,2.384040147980536
3016681,2.538435877001117
3018463,2.469153347802973
3020245,3.45124313879123
3022027,5.0496049889729475
3023809,2.3204982182937566
3025591,2.350307368085383
3027373,2.0694774702315057
3029155,2.2531471636426703
3002426,49.182423999568655
3004208,30.49508591365061
3005990,44.08503569365927
3007772,57.36631122856079
3009554,47.206994925478966
3011336,34.536406047523094
3013118,28.479246876146263
3014900,40.892400392644745
3016682,40.76395616422174
3018464,45.63553574059781
3020246,52.960756272467826
3022028,49.511031529224454
3023810,29.053587513338513
3025592,32.13876319337924
3027374,52.49303434915492
3029156,43.31789870417532
3002427,11.599932630671324
3004209,4.967001955529069
3005991,5.272677212765413
3007773,7.934158838537442
3009555,6.234637264960924
3011337,3.9377236475124997
3013119,4.356094528285676
3014901,3.5684413253836578
3016683,4.2094114079423495
3018465,4.192404483678575
3020247,6.156261080071995
3022029,5.393559375529624
3023811,4.041605976887706
3025593,4.026926946943916
3027375,3.7095669961925957
3029157,4.089664640001023
3002428,114.37831333513932
3004210,125.64179803569124
3005992,222.41338200738267
3007774,365.64382582472973
3009556,157.2857334717759
3011338,101.68828598726259
3013120,104.7224764824341
3014902,130.28231923889842
3016684,113.91800434120321
3018466,225.08114347596793
3020248,329.32867155076707
3022030,121.84198040713963
3023812,83.23188230822893
3025594,97.85400459382788
3027376,124.26966004407006
3029158,140.8954241292161
3002429,8.862763522696914
3004211,8.533661285456567
3005993,8.38308148159248
3007775,11.1179174636982
3009557,11.892277981208807
3011339,7.651868390095878
3013121,6.651044298263663
3014903,7.957490314040703
3016685,6.077786421577203
3018467,7.77886386453104
3020249,12.751954691410322
3022031,13.071805122791384
3023813,9.607617502082466
3025595,8.733447613184726
3027377,8.82043147947196
3029159,9.347362302262137
3002430,577.6598086411678
3004212,472.3676838589601
3005994,1140.995183275576
3007776,619.8580497706272
3009558,652.0156151372663
3011340,624.593013231491
3013122,579.0142409789438
3014904,575.3514487578498
3016686,456.4292983367764
3018468,1234.9215549683502
3020250,666.0512517430412
3022032,728.3881216634662
3023814,550.8861862380436
3025596,517.6203079160766
3027378,574.9596295338409
3029160,501.5505297892769
3002431,301.8725710226307
3004213,229.92288240251312
3005995,272.7531546728662
3007777,364.4932198728743
3009559,371.22640382575446
3011341,389.65250942724924
3013123,320.489695976771
3014905,301.8566454788173
3016687,216.07180975962444
3018469,264.72808065493274
3020251,366.5041821762413
3022033,466.8045902191647
3023815,313.80325782644934
3025597,293.9262986111648
3027379,292.8791323387762
3029161,207.55131904301888
3002432,15.838318002768343
3004214,18.398464787573495
3005996,17.72295077805957
3007778,20.057444354331142
3009560,26.223892392766622
3011342,18.392407112966104
3013124,16.894163651484636
3014906,17.940416140160856
3016688,15.834568407885317
3018470,18.920208743069452
3020252,21.018656067325367
3022034,23.268713443321047
3023816,16.75151027301251
3025598,16.565472841996232
3027380,17.395981848737748
3029162,14.367545532714391
3002433,9.298609917017588
3004215,12.8430195259541
3005997,9.83599437873278
3007779,11.872896584163152
3009561,12.951789585523315
3011343,7.768850399889571
3013125,7.1226580899948715
3014907,7.781940418542952
3016689,12.06740641498995
3018471,8.051117088173847
3020253,17.849217713788324
3022035,15.69518278790651
3023817,10.710528418985797
3025599,10.79461819241433
3027381,7.693019372769131
3029163,8.81412664274506
3002434,736.1761026766022
3004216,563.7007202490029
3005998,2216.285608774399
3007780,735.2813210489377
3009562,810.5280932587398
3011344,766.4829852581207
3013126,692.4330541919554
3014908,761.9015776141371
3016690,571.9928419816749
3018472,2260.7644159771794
3020254,784.6023779100765
3022036,870.7190147342053
3023818,673.0649122444757
3025600,606.6306078242899
3027382,698.3554250331599
3029164,539.0870535297262
3002435,118.82064522444112
3004217,103.22541286563033
3005999,117.68861237922734
3007781,137.14709455540273
3009563,151.69834342250604
3011345,126.0282406772604
3013127,102.370914574939
3014909,118.61588061061437
3016691,107.31926600566347
3018473,120.64400509529688
3020255,129.4599166674615
3022037,132.38074397672332
3023819,107.1919949862437
3025601,108.01343631309955
3027383,122.72777832579031
3029165,112.12512989558849
3002436,7360.7086391420125
3004218,4022.3767789386907
3006000,4718.252732186294
3007782,5551.461266205065
3009564,5344.598507555835
3011346,4343.745058752353
3013128,4282.685964583044
3014910,7431.845486067029
3016692,3994.848232935328
3018474,4960.68820650314
3020256,5522.665861956624
3022038,6357.543158131999
3023820,4185.45743311816
3025602,3875.0390371474027
3027384,7394.969268613946
3029166,3845.333347302626
3002437,138.37230252202744
3004219,2.8570660003128334
3006001,2.5827651922579906
3007783,3.869367284299172
3009565,5.514967515075459
3011347,3.581185126258017
3013129,3.651138192816684
3014911,3.329558006792479
3016693,3.4137383966326693
3018475,2.7931581309949727
3020257,3.7515218352915065
3022039,3.781894012418321
3023821,1.9002776337012564
3025603,1.7893425668245606
3027385,1.436361889763425
3029167,0.9374121820763182
3002438,40.50871311977837
3004220,29.318125089053424
3006002,59.41491311463114
3007784,48.10603775250159
3009566,57.61623361761541
3011348,44.61111487657823
3013130,40.203345687988985
3014912,46.03675659316292
3016694,39.41357142048814
3018476,61.003704415230416
3020258,53.90542485451062
3022040,59.142564048819025
3023822,40.183776907225095
3025604,40.83573478525529
3027386,40.586256348155615
3029168,38.06652304672798
3002439,8.079177147524351
3004221,7.930479702215772
3006003,8.926829024402517
3007785,13.80120529782008
3009567,16.238989449703244
3011349,9.186334075297358
3013131,8.688775792685783
3014913,8.07726681954636
3016695,8.740627004064033
3018477,8.560255713999043
3020259,12.258850108930798
3022041,14.024244043160698
3023823,8.615557902913807
3025605,7.135373136767575
3027387,8.486628474014314
3029169,7.182468895407313
3002440,0.0
3004222,0.0
3006004,0.0
3007786,0.0
3009568,0.0073629628454560765
3011350,0.0
3013132,0.0
3014914,0.0
3016696,0.0
3018478,0.0
3020260,0.0
3022042,0.004504033539457555
3023824,0.0
3025606,0.0
3027388,0.0
3029170,0.0
3002441,7.391227337238172
3004223,4.958641204175219
3006005,8.321022575664422
3007787,10.909304331852141
3009569,11.36566310581213
3011351,7.9970268421210715
3013133,8.045705633885763
3014915,7.708485281831708
3016697,5.756730494734815
3018479,5.807822945373135
3020261,9.386094490430564
3022043,11.598553947702456
3023825,8.163992253082938
3025607,7.56357523457034
3027389,6.249135330222606
3029171,3.9336536082001308
3002442,3697.3993631416156
3004224,3384.2373264980033
3006006,4288.856045563726
3007788,5466.652408572531
3009570,5730.204069490139
3011352,3818.484815133038
3013134,3752.3471844379847
3014916,3690.2410039541264
3016698,3251.25683587673
3018480,4192.537708794259
3020262,5936.161925920341
3022044,5429.5202381668
3023826,3784.7225888375183
3025608,3599.801653898471
3027390,3818.073654748668
3029172,3285.1000804994055
3002443,0.0
3004225,0.0
3006007,0.0
3007789,0.0
3009571,0.0
3011353,0.0
3013135,0.0
3014917,0.0
3016699,0.0
3018481,0.0
3020263,0.0
3022045,0.0
3023827,0.0
3025609,0.0
3027391,0.0
3029173,0.0
3002444,673.3581365794068
3004226,610.4024053587468
3006008,878.3007581533111
3007790,1030.3607208573915
3009572,1137.8831810700108
3011354,746.7431301015508
3013136,689.7350739756045
3014918,725.5061732806565
3016700,595.3670357221791
3018482,877.6231908715955
3020264,1039.5910359524048
3022046,1074.5391070491598
3023828,764.6700515979303
3025610,680.8612361092819
3027392,795.9183701628647
3029174,692.1930882073788
3002445,9.454117122512894
3004227,11.159454238418173
3006009,12.915090634217533
3007791,16.424240692849057
3009573,11.852627746127938
3011355,7.787632561910248
3013137,7.490781423051667
3014919,6.939010224077704
3016701,9.089624905359779
3018483,9.280156255740728
3020265,13.176539115461388
3022047,13.122723387084156
3023829,9.560336043101163
3025611,10.763813701728507
3027393,10.55893445945479
3029175,11.50177563460704
3002446,1459.8325425538217
3004228,1263.1840379451403
3006010,1621.5930698902628
3007792,1988.5379443712027
3009574,2050.694038013274
3011356,1326.5097571196795
3013138,1278.5550665164221
3014920,1412.5492243011474
3016702,1110.954006342034
3018484,1461.4421858094806
3020266,1830.210715597904
3022048,1748.2138149264324
3023830,1220.85941958174
3025612,1138.5134869340984
3027394,1366.45821859219
3029176,1146.6333516504712
3002447,939.3537341462065
3004229,799.209360421552
3006011,1107.3407848489708
3007793,1303.5524539945425
3009575,1460.065658872635
3011357,1012.598566585641
3013139,902.7658744320055
3014921,1021.6906268003269
3016703,780.0341594167068
3018485,1123.8335252927357
3020267,1362.2222404989102
3022049,1370.217158435549
3023831,987.6619047790603
3025613,886.4377603820672
3027395,1062.4534752594009
3029177,899.7114919163257
3002448,284.8860105466102
3004230,254.1317025140502
3006012,406.35303487059446
3007794,445.86028918731523
3009576,492.2877622613385
3011358,322.9507922809845
3013140,305.9934653051861
3014922,298.28620978334965
3016704,256.33800628243864
3018486,394.18091326789187
3020268,443.37179042898725
3022050,438.29828016657797
3023832,297.1369180061342
3025614,289.09567911333636
3027396,303.2149704774803
3029178,292.3900963287645
3002449,188.0834148042836
3004231,157.41103349393939
3006013,241.97710490503218
3007795,239.33476726029963
3009577,261.81389495783765
3011359,185.55250655919212
3013141,168.86011798922272
3014923,185.38592179873305
3016705,148.04710001749575
3018487,229.86327559389497
3020269,217.12606337844542
3022051,250.1463397972325
3023833,183.97518436708268
3025615,164.7063168760197
3027397,191.18525462798047
3029179,150.48169021668264
3002450,223.00491993512412
3004232,177.2539058514331
3006014,382.20192059128357
3007796,351.1257088494746
3009578,275.90326338584657
3011360,168.11185639074225
3013142,155.06291274421991
3014924,194.9011169802815
3016706,210.22889393872126
3018488,372.02714785675477
3020270,371.1111436534334
3022052,276.92135231568017
3023834,161.82915293254388
3025616,230.2913451292386
3027398,261.984761096849
3029180,274.9639979172104
3002451,5075.636538819909
3004233,4436.20893687113
3006015,6011.720679641037
3007797,7941.881819532115
3009579,8598.74096649672
3011361,5395.173043590954
3013143,5130.221137562823
3014925,5281.284831228425
3016707,4491.373153313128
3018489,5401.556981374574
3020271,7106.223165282461
3022053,8470.572837727523
3023835,5373.5624564689815
3025617,4559.6220070636755
3027399,5151.889670239234
3029181,4441.386774152334
3002452,41.011909589323025
3004234,45.13173064990677
3006016,59.69808684432159
3007798,82.63652386274761
3009580,70.45079775458841
3011362,60.68947612496652
3013144,47.036006116282785
3014926,53.0593629061771
3016708,41.2763956208585
3018490,48.70072430498198
3020272,64.58534038537499
3022054,61.70467794909427
3023836,50.96300407436192
3025618,35.439006913155886
3027400,40.71875937732763
3029182,35.95879519269773
3002453,1.6535492276953256
3004235,2.1370765038634096
3006017,2.2716139909796205
3007799,3.6845670222264673
3009581,2.8371558730586575
3011363,1.5978843656229258
3013145,1.6321975088347647
3014927,1.859528053179726
3016709,1.6722819146120584
3018491,2.143998988575331
3020273,2.816202180327493
3022055,2.497646226740455
3023837,2.3085853225386677
3025619,2.072986390392288
3027401,2.4166015277060504
3029183,1.886636571220612
3002454,28.83248312407461
3004236,22.74154260350907
3006018,36.57172745014103
3007800,38.736200260226695
3009582,33.869733037586876
3011364,27.549447298944422
3013146,24.626503297315725
3014928,31.01879867116441
3016710,26.798136690224712
3018492,42.07295102592757
3020274,41.45972727623812
3022056,43.81925807534729
3023838,35.20535447662263
3025620,31.411632888270702
3027402,28.569387878256865
3029184,26.591699317907104
3002455,34.650343322810464
3004237,28.974392766025353
3006019,42.28961169109501
3007801,41.60185557212496
3009583,47.98537762645498
3011365,28.744380964522733
3013147,35.86723932220324
3014929,31.91247573858476
3016711,32.28993409959808
3018493,37.4843554895725
3020275,45.89817076118328
3022057,59.23583162154322
3023839,38.99070810720066
3025621,37.17232246097432
3027403,33.91353359620904
3029185,28.638071178198146
3002456,0.212535577164315
3004238,0.17416301642664928
3006020,0.27426377262305907
3007802,0.4135560468615622
3009584,0.3116039745746437
3011366,0.33700034460096867
3013148,0.34308697913149583
3014930,0.2844447625780435
3016712,0.26055737286616837
3018494,0.2661370597828919
3020276,0.3281371138599708
3022058,0.39351010004540665
3023840,0.24546064662064573
3025622,0.11482614566345703
3027404,0.14472981308123728
3029186,0.11143708177613955
3002457,300.6585024632034
3004239,269.39400266182156
3006021,321.5120819892232
3007803,470.38332626540114
3009585,477.5915559574818
3011367,301.73983090502287
3013149,300.66949975739595
3014931,308.10700655919925
3016713,253.20122428415306
3018495,307.65016474344424
3020277,407.1767466992023
3022059,428.2828414213806
3023841,267.0779016050565
3025623,271.03559026192903
3027405,274.2648849271232
3029187,237.64642118427284
3002458,4.577992607248727
3004240,5.100892266831979
3006022,4.7189589814533495
3007804,11.94649717320249
3009586,10.606316775447008
3011368,5.415725074684426
3013150,5.287538612037329
3014932,5.794047521066701
3016714,5.028417778528144
3018496,4.191880438469106
3020278,8.909730377950918
3022060,10.94064480383508
3023842,6.435911126330117
3025624,5.442394372220982
3027406,4.83566213241483
3029188,5.943791384180423
3002459,62.55870267059059
3004241,46.2914984352237
3006023,57.896824583761415
3007805,75.84844785123825
3009587,56.28823115593289
3011369,31.5582818166867
3013151,26.49145612460397
3014933,61.27182913422334
3016715,45.758512579469354
3018497,56.98243996142556
3020279,72.80004751205661
3022061,44.472079758626485
3023843,29.630518374811782
3025625,33.75573418660709
3027407,58.74822492865225
3029189,42.64244728640998
3002460,9.87575081023068
3004242,6.556585753038817
3006024,6.242250982468269
3007806,8.198703499109131
3009588,6.875425613259442
3011370,7.085537019721029
3013152,7.323228859016433
3014934,5.992736279183664
3016716,4.298422239245363
3018498,6.530788175309526
3020280,10.735939008794
3022062,9.982155478215345
3023844,7.872661594410012
3025626,9.0929254376823
3027408,7.675838473107431
3029190,7.148641498716625
3002461,201.47432809042863
3004243,222.90556228221902
3006025,355.75457316635345
3007807,431.62542786164585
3009589,154.3291820199915
3011371,147.7896096642516
3013153,139.8183070133291
3014935,197.00834299176213
3016717,219.06468690217463
3018499,288.963296953019
3020281,441.8375611782388
3022063,142.67372935212114
3023845,161.35056822939222
3025627,151.7807710299692
3027409,213.99977913863998
3029191,208.9122308213591
3002462,5.761388016920369
3004244,8.776916336105797
3006026,7.406955863320766
3007808,14.073210454553074
3009590,12.04716746922989
3011372,8.46334559634495
3013154,6.093590474181074
3014936,7.353140495960783
3016718,6.911718742550005
3018500,8.14101031571023
3020282,14.669648906761477
3022064,13.704457676851396
3023846,7.1381299358748524
3025628,8.571880226109588
3027410,9.880166491828751
3029192,9.141627233524359
3002463,360.02797582917486
3004245,348.9525763752206
3006027,962.3899217519204
3007809,528.1858332608118
3009591,561.1892099598922
3011373,387.0252972134345
3013155,369.86854903250406
3014937,409.3735330066205
3016719,343.45413765526035
3018501,878.0846649654513
3020283,514.9145253011006
3022065,507.203940453595
3023847,358.22947095601717
3025629,356.4322938955662
3027411,371.05012289109027
3029193,355.6632825072381
3002464,270.169972266756
3004246,246.55182791986869
3006028,318.7961935846073
3007810,444.5701842332885
3009592,506.55097758228686
3011374,278.06522472036715
3013156,291.30719863078184
3014938,291.0040973509432
3016720,235.95342177107577
3018502,311.92782630916093
3020284,464.59226013242835
3022066,499.59306211357705
3023848,305.22869590599095
3025630,294.6920902359641
3027412,324.5089646601645
3029194,257.9151431306094
3002465,10.904450501885098
3004247,13.84110932132172
3006029,14.615032157004537
3007811,20.08026663029298
3009593,21.31161958866002
3011375,12.627093166550777
3013157,12.112909622168038
3014939,12.052754178318073
3016721,12.712918633777706
3018503,11.668240741991726
3020285,17.859781252839735
3022067,15.442140692658793
3023849,11.153749512363683
3025631,11.792742502126726
3027413,11.509818348050207
3029195,11.555581645068575
3002466,16.8819449840069
3004248,17.112977999575826
3006030,18.72896924940842
3007812,25.026243867671383
3009594,27.722555793820117
3011376,17.158863166762913
3013158,14.31994476931727
3014940,20.333502818771628
3016722,20.950723948534108
3018504,23.723451634868923
3020286,28.23857671474601
3022068,25.164073720287853
3023850,17.600365114719033
3025632,17.616015754459408
3027414,18.805759194244647
3029196,18.525702962437002
3002467,393.88650621394737
3004249,344.7379935250296
3006031,748.2810589897422
3007813,566.8943192698216
3009595,628.0107891223197
3011377,418.0295854646843
3013159,393.0800099632953
3014941,443.1564343663401
3016723,334.93000420463795
3018505,697.2825063807495
3020287,556.5285946638498
3022069,558.5620382413299
3023851,420.3150366201859
3025633,366.235941482299
3027415,408.3234964889291
3029197,355.21913664957054
3002468,100.61089168029062
3004250,90.70885854644882
3006032,145.548266973023
3007814,122.67299529184977
3009596,137.4534560441621
3011378,109.52556658276548
3013160,104.64306341219807
3014942,111.38859926932518
3016724,89.15006900673963
3018506,141.90394974429915
3020288,141.1749388285972
3022070,140.88765132579064
3023852,118.09813825906629
3025634,104.59356796993625
3027416,123.46937952047561
3029198,103.19338299761303
3002469,5838.391076157704
3004251,3118.1596089668574
3006033,4235.564698561964
3007815,4809.133133998735
3009597,4470.724335989488
3011379,3334.629360900959
3013161,3018.5288045245675
3014943,5904.045971814531
3016725,2992.8923969211146
3018507,4148.0054126217965
3020289,4669.9601244848
3022071,4204.684601202465
3023853,3387.883206243877
3025635,2982.3018816758213
3027417,6172.456227011687
3029199,3326.0012461623214
3002470,76.88481922950153
3004252,2.411959362649797
3006034,2.0639400671278834
3007816,3.631570684042785
3009598,5.437171994241165
3011380,2.1857237271455796
3013162,2.422201930431704
3014944,2.4784296152433685
3016726,2.2429649288870066
3018508,2.1730536163861935
3020290,4.2418148698846485
3022072,4.6476279619434555
3023854,3.6549872831991594
3025636,2.6253806823813415
3027418,2.5934388437916835
3029200,2.414577039578319
3002471,5.212571227850756
3004253,6.168105361511218
3006035,11.786479703786494
3007817,11.424955363218764
3009599,9.714493763771067
3011381,5.8114505707726885
3013163,5.2331093185725255
3014945,8.006314689739328
3016727,5.602092085102413
3018509,9.605535241040315
3020291,11.005753614866464
3022073,13.167576397340733
3023855,7.42648189781521
3025637,7.939816227976964
3027419,8.628879899133253
3029201,9.112746309424416
3002472,6.109125268903366
3004254,5.615041476472038
3006036,7.671474214928734
3007818,9.076513156545602
3009600,11.295974598519617
3011382,7.470397062608484
3013164,6.731604966129344
3014946,6.567721558103052
3016728,6.02896770020224
3018510,6.547053957387396
3020292,11.453410203211533
3022074,10.914897347368408
3023856,5.836202806790727
3025638,5.866561225048756
3027420,5.532306749560743
3029202,4.63901031127862
3002473,0.09948963159489596
3004255,0.05120142632820275
3006037,0.039012291328470006
3007819,0.04442815322348487
3009601,0.06444799840241996
3011383,0.04234405577985068
3013165,0.04182374464297142
3014947,0.04032426307621257
3016729,0.05120142632820275
3018511,0.0387574954290031
3020293,0.04417202919785965
3022075,0.06418696493106235
3023857,0.051455029160462906
3025639,0.05093017006181281
3027421,0.04217837017736581
3029203,0.048462597367232525
3002474,4.113403540758885
3004256,2.038354139496872
3006038,1.7059784671898415
3007820,3.8702669522733544
3009602,3.9528330871160353
3011384,4.565592319540208
3013166,1.9868246806783803
3014948,4.586508055779377
3016730,2.970227895848105
3018512,2.726031456670882
3020294,4.026904295600543
3022076,4.445352276057136
3023858,2.9524430115779827
3025640,1.9628040808484135
3027422,2.504303135376267
3029204,2.135277093486059
3002475,2269.9886701503515
3004257,1920.9287588359962
3006039,2389.884353889443
3007821,2878.645274852287
3009603,3191.472678554278
3011385,2359.5240455793214
3013167,2174.8490291634125
3014949,2302.184864256869
3016731,1717.7653440501485
3018513,2207.747649294033
3020295,2857.6680089966508
3022077,3655.0975756417556
3023859,2229.169688497907
3025641,2215.763387826505
3027423,2129.1203531789897
3029205,1842.1430646442532
3002476,0.019560071651197435
3004258,0.019557594063633544
3006040,0.0120510967405111
3007822,0.01560714022219374
3009604,0.03415378732560115
3011386,0.013370185820673617
3013168,0.012864337688725073
3014950,0.013432479048243
3016732,0.019557594063633544
3018514,0.010756724420552918
3020296,0.014308219866799306
3022078,0.03283114656051993
3023860,0.018922341442952077
3025642,0.018413721818819225
3027424,0.017834316900600562
3029206,0.016901210809139408
3002477,435.6114235130667
3004259,385.7592225097114
3006041,437.3717641997461
3007823,557.0797059977757
3009605,681.4011638976573
3011387,489.474355168248
3013169,491.52920562490266
3014951,478.0394612302153
3016733,402.1537972209625
3018515,456.60545198439945
3020297,568.3309050912927
3022079,757.4420826820509
3023861,465.5558819233621
3025643,459.569703168533
3027425,465.6047810104932
3029207,423.62371573653786
3002478,5.885626389672573
3004260,6.387795883775153
3006042,7.229308122249284
3007824,13.746588868153363
3009606,8.466577445184315
3011388,6.093470253280682
3013170,6.61087295262307
3014952,7.954044992859018
3016734,8.571809994351648
3018516,8.439716869241419
3020298,14.175889013246337
3022080,11.235494796937463
3023862,7.481962498798875
3025644,6.268562696248239
3027426,5.451501537196619
3029208,7.346107369046983
3002479,1051.7017431301965
3004261,846.7241320667775
3006043,1015.9917297998015
3007825,1189.646083977267
3009607,1414.8221974316086
3011389,990.2898370470219
3013171,899.8637443430251
3014953,983.9643879031922
3016735,734.004473029043
3018517,991.5192588201177
3020299,1181.2926442195212
3022081,1433.5052551444421
3023863,934.3050960255977
3025645,898.8702949032571
3027427,953.9221649093282
3029209,702.7877179725232
3002480,559.818982766752
3004262,404.6768609148338
3006044,469.8298444240724
3007826,564.1246309494086
3009608,758.5367070512634
3011390,519.799452946941
3013172,553.0281544087095
3014954,536.8805402245508
3016736,378.29062610416065
3018518,455.94402381483394
3020300,598.7980480435468
3022082,788.0776737518852
3023864,486.99193777813656
3025646,459.3423965234475
3027428,512.3883772879177
3029210,402.46908908178006
3002481,213.49404694581554
3004263,189.72425369637125
3006045,266.51313057047065
3007827,312.6924140609926
3009609,327.0786499553087
3011391,213.0311429378901
3013173,197.44612582292575
3014955,204.87950249966855
3016737,185.7571517979552
3018519,244.07718339803674
3020301,302.7046966697033
3022083,319.31498001714465
3023865,200.7883419716694
3025647,205.16186391770427
3027429,211.76867113437652
3029211,194.39576906291916
3002482,83.64587998761158
3004264,66.18877084175234
3006046,95.31002208904012
3007828,106.06243930434006
3009610,127.51200612280664
3011392,91.60138750892176
3013174,82.5604175261121
3014956,85.31593084166677
3016738,67.8514820215735
3018520,103.64793414318552
3020302,107.55070937328652
3022084,130.21355972932682
3023866,87.15667792053134
3025648,89.38500819133799
3027430,88.31658989193198
3029212,72.62095986392558
3002483,88.50999798013252
3004265,77.00381211977039
3006047,114.10099611457679
3007829,165.4750469462886
3009611,115.17720353793896
3011393,78.51390567527928
3013175,87.93540286818443
3014957,82.39664053985392
3016739,78.55637158244878
3018521,117.6938900997545
3020303,202.76152853484925
3022085,121.07728006015223
3023867,81.39313580916242
3025649,96.61006697970616
3027431,95.3323890312614
3029213,86.03396432832461
3002484,3063.982146516832
3004266,2717.8850976524777
3006048,3374.562910056619
3007830,4064.207095507088
3009612,4657.261348373586
3011394,3331.5904637889885
3013176,2954.0494064624586
3014958,3196.4817187050962
3016740,2438.065066070501
3018522,3068.4757256644234
3020304,4181.101396933622
3022086,4531.348024331834
3023868,3082.9811314835797
3025650,3117.9629130124877
3027432,3072.2311702676716
3029214,2616.7855050804746
3002485,14.945260197018351
3004267,16.10122251279104
3006049,12.353015415725643
3007831,26.535325391840292
3009613,25.389654487767263
3011395,18.075124804241156
3013177,19.51057907038321
3014959,17.382800247647758
3016741,16.084634033303807
3018523,14.625857133356693
3020305,23.838756185530524
3022087,26.175614637570007
3023869,16.083850187868492
3025651,15.17742517178489
3027433,13.071394572351082
3029215,14.220906862200723
3002486,1.235269724272546
3004268,1.0479384922214652
3006050,0.6166886343672346
3007832,0.8776500702387933
3009614,1.3886357489936025
3011396,1.1400267867681477
3013178,0.8218850370364479
3014960,1.1415226344499612
3016742,1.011102392942381
3018524,1.1946537995550166
3020306,1.6696911178126284
3022088,1.841995359318386
3023870,1.023614961627585
3025652,0.9388444969887029
3027434,1.055748784275536
3029216,1.005012555000555
3002487,23.036055602370645
3004269,18.040438639547627
3006051,21.177472611025646
3007833,28.666546263027858
3009615,29.06848228945327
3011397,16.44854742843917
3013179,21.24330097446235
3014961,18.802781493570656
3016743,17.02300495737331
3018525,22.649572242505478
3020307,35.98722753551764
3022089,28.368671810788147
3023871,23.42031250360759
3025653,20.95845363191702
3027435,21.460982413365848
3029217,20.03880894685887
3002488,27.931182101777278
3004270,23.924236150894743
3006052,16.04717571291881
3007834,30.084701425422384
3009616,29.445111807549594
3011398,20.517877593326723
3013180,23.14284150886399
3014962,28.485582143722382
3016744,20.04390122877473
3018526,21.586332128837384
3020308,33.11422930968089
3022090,28.964944247825784
3023872,22.927019612305767
3025654,23.396873615432455
3027436,19.71847854068797
3029218,20.2135701124563
3002489,0.053267246119361636
3004271,0.11764089430749132
3006053,0.08758507547599953
3007835,0.198405677648257
3009617,0.23925535614595592
3011399,0.11719698460876363
3013181,0.11164093518424656
3014963,0.12233946586297469
3016745,0.05375772442421003
3018527,0.05720247735101405
3020309,0.08300904631699016
3022091,0.10431193023734378
3023873,0.05828442446150186
3025655,0.06811948939901222
3027437,0.06394254106321437
3029219,0.051012235214230546
3002490,254.66373509040193
3004272,214.0117098673047
3006054,222.96946434765582
3007836,310.27780816084794
3009618,380.64588665350226
3011400,240.97124341474878
3013182,230.96920850926804
3014964,222.66106994714008
3016746,153.6869663092787
3018528,175.71525565687412
3020310,258.6115250651199
3022092,320.08657701170955
3023874,188.5939035364768
3025656,181.470925790542
3027438,181.03212812704322
3029220,128.27675180199623
3002491,3.173608700347442
3004273,2.167571119169483
3006055,3.0504878858858238
3007837,3.620979948081276
3009619,5.268345661460726
3011401,2.232687208793237
3013183,3.000744900392415
3014965,2.5389700557305392
3016747,3.186349929948496
3018529,2.984069232660086
3020311,4.499697960354815
3022093,6.429931916002321
3023875,3.9220626093960096
3025657,4.515984965922969
3027439,4.67544524224604
3029221,5.755891846699398
3002492,22.208182885994574
3004274,9.964642232263815
3006056,11.85525359112737
3007838,20.507035841370733
3009620,15.604407946630328
3011402,7.979942884027155
3013184,8.899435879738837
3014966,15.445586916434024
3016748,6.677146876815606
3018530,8.639122541949956
3020312,15.126262698064775
3022094,16.42776591410334
3023876,9.059295148962814
3025658,10.26296215501678
3027440,15.425784586038272
3029222,7.858444198445804
3002493,12.143875528892298
3004275,4.833004386429917
3006057,4.716581964431385
3007839,8.033785944525611
3009621,7.678633576153997
3011403,4.74739114709743
3013185,5.3781113761952986
3014967,6.144612642986375
3016749,5.3054180882899535
3018531,4.559284921788274
3020313,8.26686323433426
3022095,6.896564090260782
3023877,4.827525677652153
3025659,4.566856377060327
3027441,4.5386817697757715
3029223,5.135391060191669
3002494,48.433694443338304
3004276,64.0833179784017
3006058,124.76275403473167
3007840,199.876228977658
3009622,85.64444970255943
3011404,48.17540956604043
3013186,50.1164700327167
3014968,55.39995281419345
3016750,56.11053481736122
3018532,99.03585703363238
3020314,227.34887415054342
3022096,97.52356375196459
3023878,46.04695194852762
3025660,56.21258768536924
3027442,68.97338193856609
3029224,73.68122717837198
3002495,3.293517719191983
3004277,2.515961855478083
3006059,2.546751497192045
3007841,2.65663735587734
3009623,2.4704576916780856
3011405,2.9692002573751894
3013187,3.2705003157688814
3014969,2.5018568451881373
3016751,3.394659045082724
3018533,2.829620723597169
3020315,4.846961414979921
3022097,5.390604685469528
3023879,3.7159125267478643
3025661,3.8351513389889904
3027443,3.6454712588806606
3029225,4.079241940490722
3002496,219.3529867639545
3004278,217.76856784765346
3006060,467.0529564189845
3007842,340.0805136964002
3009624,325.24636430560713
3011406,238.14197231694902
3013188,232.3278873078662
3014970,269.20663287060137
3016752,196.10211616601265
3018534,498.797002085323
3020316,332.7597999539447
3022098,341.62625699546805
3023880,221.06988270086242
3025662,243.02346121651814
3027444,242.7244384049844
3029226,203.89968446763174
3002497,229.3605593934332
3004279,194.9873768852174
3006061,204.68183154554262
3007843,321.5608371696144
3009625,366.38527381813765
3011407,233.15798682913328
3013189,222.50771451953264
3014971,253.71924441426776
3016753,205.90456817079158
3018535,180.80910201659927
3020317,324.51325199598
3022099,388.6986396827923
3023881,220.5584775765471
3025663,219.50573908833752
3027445,226.33879098638485
3029227,196.7837934866867
3002498,4.778092167469977
3004280,5.815560648889922
3006062,5.301829343899954
3007844,6.940917998745911
3009626,7.688696677716969
3011408,4.613487506732913
3013190,4.028260457820425
3014972,4.466512775162865
3016754,3.897104129520346
3018536,4.275485018762792
3020318,6.26588377566305
3022100,6.422332965273909
3023882,4.160404284649146
3025664,3.495216839100334
3027446,3.959709108901267
3029228,3.927755246250972
3002499,5.1247970043295386
3004281,5.512642407756899
3006063,5.109180542627028
3007845,9.415549291016559
3009627,8.131761447928003
3011409,5.508061036901328
3013191,4.798312868742791
3014973,4.864459662550966
3016755,5.226315226336206
3018537,6.513297915105855
3020319,10.142291504038992
3022101,8.420361581406715
3023883,5.046151665179894
3025665,5.711866119278886
3027447,5.367777147860577
3029229,5.222340826701141
3002500,146.76619120698928
3004282,161.7477852495125
3006064,272.6100454193805
3007846,242.35116709161437
3009628,275.65036100531404
3011410,183.15055822764887
3013192,167.52280448038144
3014974,180.6955657300254
3016756,156.1070182421473
3018538,241.84146588460004
3020320,225.60833953332966
3022102,276.5710286880118
3023884,173.5972051087638
3025666,188.36769090465523
3027448,182.39208543107182
3029230,137.2243395325079
3002501,74.41655660199557
3004283,51.62956749988822
3006065,58.153100708021014
3007847,72.13520985773435
3009629,85.48434380229648
3011411,60.17755509326437
3013193,54.538729808988286
3014975,73.49948945767665
3016757,47.492134039303174
3018539,60.845455745884536
3020321,87.45148886839463
3022103,89.0074306959857
3023885,56.22973497111498
3025667,56.732445811841416
3027449,82.62839533035321
3029231,42.983309808144774
3002502,2941.743686497005
3004284,1436.3000284010998
3006066,1842.029867682937
3007848,2419.8957472228294
3009630,2637.258260798868
3011412,1768.8309355860526
3013194,1567.581125778737
3014976,3057.310371387573
3016758,1463.25829993525
3018540,1893.3618231739592
3020322,2463.800738285897
3022104,2793.9375457601136
3023886,1724.9687163071483
3025668,1634.5277295853052
3027450,3079.3618191608707
3029232,1589.7671437264241
3002503,61.50397889815684
3004285,0.158278708219473
3006067,0.10363501216650733
3007849,0.14799759748509653
3009631,0.19014594185638464
3011413,0.11741380343544022
3013195,0.27567859869689626
3014977,0.2592408206368615
3016759,0.2644840743308256
3018541,0.22428347208029686
3020323,0.4202948840440814
3022105,0.5877384927753071
3023887,0.36872967217838365
3025669,0.32504745331472856
3027451,0.29003632753584746
3029233,0.3121993760364144
3002504,2.5067761562115325
3004286,2.473480175087087
3006068,3.995010464581229
3007850,2.3397902776074564
3009632,2.822823318093525
3011414,2.057969889189496
3013196,2.8089308545840797
3014978,2.337771659663949
3016760,2.339789738916407
3018542,4.063606583116518
3020324,2.9757939401205773
3022106,3.6717836529390224
3023888,2.9285654925294207
3025670,5.144396274924876
3027452,5.080209824297025
3029234,3.8218835607441175
3002505,4.788714653210515
3004287,4.568096637929565
3006069,4.163364639769712
3007851,8.529023409596267
3009633,8.442078854105764
3011415,4.44176307935278
3013197,4.399502529920894
3014979,3.936129271076818
3016761,4.050429164684215
3018543,4.398737673263488
3020325,8.559220947271859
3022107,9.59015074615624
3023889,4.888945057300974
3025671,5.122088320981133
3027453,4.687953286239424
3029235,5.1541174382188
3002506,0.046097584056509947
3004288,0.045774623652011154
3006070,0.026946928393729915
3007852,0.031397497512916414
3009634,0.06281150076576553
3011416,0.04276419869637855
3013198,0.04276419869637855
3014980,0.03505100123035678
3016762,0.045774623652011154
3018544,0.028913442097961446
3020326,0.033372533668428045
3022108,0.06484669199472201
3023890,0.051878844483340035
3025672,0.051878844483340035
3027454,0.03076286195786037
3029236,0.04304993383123117
3002507,2.1910106318202294
3004289,1.0084812000963939
3006071,0.91184139089003
3007853,1.7516518747894718
3009635,3.0396119325005078
3011417,1.5887201273430267
3013199,1.4825574904882823
3014981,0.7084874253888669
3016763,0.706006770722619
3018545,0.8584753834312746
3020327,0.9448075244767888
3022109,1.1013994930162894
3023891,0.48584138519782927
3025673,1.6631065012548025
3027455,0.1308493557924312
3029237,0.19757810097712358
3002508,2252.6349401430716
3004290,2152.3612915033077
3006072,3153.3892992819856
3007854,3099.2262090370973
3009636,4775.399667216639
3011418,3214.015399252466
3013200,2916.762672704054
3014982,2276.5389783864352
3016764,2251.369154419933
3018546,2761.021104646937
3020328,3173.1243098654522
3022110,5441.175795691257
3023892,2884.8496863800624
3025674,3366.9842142282373
3027456,2620.8290273987677
3029238,3120.622394631203
3002509,0.0
3004291,0.0
3006073,0.0
3007855,0.0
3009637,0.01317363472735234
3011419,0.0
3013201,0.0
3014983,0.0
3016765,0.0
3018547,0.0
3020329,0.0
3022111,0.014064162312891738
3023893,0.0
3025675,0.0
3027457,0.0
3029239,0.0
3002510,208.08561002331876
3004292,199.3301385435012
3006074,200.30729316977045
3007856,231.04723476794913
3009638,416.11931183583965
3011420,275.0933302583829
3013202,264.27954628966995
3014984,212.65161420723115
3016766,165.71274849548092
3018548,189.67456550331497
3020330,217.95104467855796
3022112,438.65773251122084
3023894,258.99005622825086
3025676,236.5388140938201
3027458,189.44475704347238
3029240,178.3078617276965
3002511,2.9142046847122716
3004293,3.561180152229194
3006075,4.181668932472313
3007857,8.347789819706383
3009639,5.938334014366203
3011421,3.845583209163852
3013203,3.877108709246458
3014985,4.16893946270936
3016767,3.9749377427442623
3018549,4.015474891596889
3020331,6.8518878323130235
3022113,5.699039832468685
3023895,3.6898947016226336
3025677,3.401365957237643
3027459,3.4343821324127397
3029241,4.148391804871881
3002512,891.548674647283
3004294,952.9434236219777
3006076,1040.2759698987659
3007858,1546.519540094817
3009640,1734.1071309192334
3011422,1295.1844994046944
3013204,994.0787523411027
3014986,781.8771242094396
3016768,816.2612437421425
3018550,1049.7428157966363
3020332,1435.149905618383
3022114,1754.9019094405796
3023896,1208.969977124369
3025678,1085.934846862957
3027460,867.6135260002773
3029242,917.350578279743
3002513,272.2164668267136
3004295,191.35654720261473
3006077,197.79468005203682
3007859,274.529785541068
3009641,367.7061505413737
3011423,266.60436483521147
3013205,252.07457294434099
3014987,248.88921905201676
3016769,188.80864106347826
3018551,236.1299473593312
3020333,289.48228993202565
3022115,416.52945711345353
3023897,259.7678381104434
3025679,242.41882579514376
3027461,223.64562173023523
3029243,197.0655428082929
3002514,188.72991220356332
3004296,188.4956220576532
3006078,204.90414118781703
3007860,235.1309273614452
3009642,326.093044918429
3011424,233.3571710986923
3013206,237.39868009426883
3014988,178.5373361468402
3016770,185.63454170145476
3018552,223.31889183525928
3020334,243.30838134365845
3022116,330.95820342261555
3023898,215.25117663221215
3025680,223.53294165881135
3027462,172.10425552981144
3029244,171.9122572731502
3002515,48.127582206991995
3004297,51.80367113918048
3006079,60.19468185845072
3007861,63.9595054595721
3009643,85.24361800388948
3011425,85.40342728719561
3013207,76.17517647626678
3014989,48.62822910912005
3016771,48.16174485608629
3018553,61.27110404528719
3020335,68.53248162167688
3022117,106.2115469317912
3023899,61.87700561201014
3025681,53.82063123484744
3027463,43.73194584436183
3029245,65.51081899938063
3002516,26.259192580924193
3004298,22.00064486912179
3006080,28.901878217300144
3007862,57.85952630438753
3009644,43.56421708100248
3011426,23.759473136076288
3013208,26.020183011519336
3014990,24.14019403738743
3016772,26.33337149658441
3018554,30.682021700238263
3020336,61.63645623209649
3022118,40.21363534984274
3023900,22.582586304494992
3025682,24.75587719590142
3027464,21.962393697834734
3029246,29.79483008555388
3002517,2953.2063984964047
3004299,2730.494330580697
3006081,2764.4167017935033
3007863,3614.5801467164756
3009645,4610.723574395681
3011427,3573.9055308570473
3013209,3321.509542264499
3014991,2682.7274866774974
3016773,2839.32633797328
3018555,2970.167312455713
3020337,3960.0698774538487
3022119,5013.207354174973
3023901,3826.567290353836
3025683,3726.3505973603324
3027465,2740.610322475558
3029247,2929.333325597989
3002518,5.006718727779677
3004300,5.8314073203274726
3006082,6.0517860160951145
3007864,7.661460793561812
3009646,9.869314038280852
3011428,7.485449980863299
3013210,6.8337954716828895
3014992,6.536562152031805
3016774,6.702663665290939
3018556,6.776861088399151
3020338,11.902722566025366
3022120,9.718301315626551
3023902,5.079100584178581
3025684,7.6902832400586085
3027466,8.96209454781637
3029248,8.286274833816273
3002519,0.4790129309785342
3004301,0.4688667444673741
3006083,0.6913805965647672
3007865,0.6709612930098705
3009647,0.76676617362919
3011429,0.5199715079325664
3013211,0.5189878845652212
3014993,0.4607928218327515
3016775,0.5068130391081782
3018557,0.4790590726054756
3020339,0.7813447412967203
3022121,0.964824884474411
3023903,0.6024918039124378
3025685,0.5690017204836664
3027467,0.5801372694239173
3029249,0.5204674686930071
3002520,15.024294015382125
3004302,15.263137741508643
3006084,15.733946309396266
3007866,17.678148474444473
3009648,28.229959862790764
3011430,17.03354899558221
3013212,11.852615358671626
3014994,11.57510325492025
3016776,11.591009307088532
3018558,12.404529108553135
3020340,22.954002076697673
3022122,19.41373655275626
3023904,13.315509398112738
3025686,14.26837320482644
3027468,11.798278764066911
3029250,13.096597895298995
3002521,15.206800704614174
3004303,8.981573495685518
3006085,8.904426450342282
3007867,13.995994314963777
3009649,12.953806536972372
3011431,11.71048074935122
3013213,9.298230391786623
3014995,6.805756286081677
3016777,7.727919656972823
3018559,7.658311861251031
3020341,10.977573937097414
3022123,12.116625340604706
3023905,7.2637365131519775
3025687,8.556090642124332
3027469,6.783520221237149
3029251,11.749501633340701
3002522,0.044594741917945754
3004304,0.044272245484029
3006086,0.04426601568525139
3007868,0.08179470874941004
3009650,0.09739977515295611
3011432,0.06174118282564702
3013214,0.06037238498207835
3014996,0.05997751308053163
3016778,0.044272245484029
3018560,0.044183530954104454
3020342,0.16057200900775243
3022124,0.2252487581829543
3023906,0.08257763237968377
3025688,0.08162515845499481
3027470,0.08962710375916982
3029252,0.07855246538959114
3002523,199.52696532363976
3004305,188.2022008233838
3006087,180.7662549719944
3007869,265.83882640810816
3009651,367.74591932649196
3011433,238.78457893266605
3013215,269.1252245864779
3014997,188.19131866540735
3016779,171.14921904363965
3018561,183.90783317661794
3020343,249.5845289449681
3022125,368.1502876647588
3023907,232.92842003394122
3025689,241.0700500812107
3027471,171.8955991952567
3029253,179.73600631755744
3002524,0.029633070498348322
3004306,0.027314002618267386
3006088,0.01855946569652122
3007870,0.06878230756227459
3009652,0.10469819986613295
3011434,0.029559718495197996
3013216,0.028136332108813257
3014998,0.029653245075925656
3016780,0.027314002618267386
3018562,0.015819168640590887
3020344,0.06590689271465888
3022126,0.10172615814767072
3023908,0.03041501722678251
3025690,0.028990448373223704
3027472,0.018379885159376476
3029254,0.02161052888191993
3002525,6.999365971307693
3004307,0.01712576323980468
3006089,0.02181581830641041
3007871,0.045999878777556694
3009653,0.043870707813081396
3011435,0.01592431430560355
3013217,0.01592431430560355
3014999,0.017969385945437504
3016781,0.01712576323980468
3018563,0.02311618873187442
3020345,0.047331026018608204
3022127,0.04519914545529584
3023909,0.01676828553116918
3025691,0.01676828553116918
3027473,0.029283543976648528
3029255,0.01447571594388296
3002526,6.174554102408432
3004308,2.546986059021255
3006090,2.95235172329678
3007872,4.003280152349232
3009654,5.061010530491389
3011436,3.2870416567023373
3013218,3.2854741194180113
3015000,2.8127508419986347
3016782,2.4301338607223055
3018564,2.472681448919657
3020346,4.036861136984184
3022128,4.331962417027537
3023910,3.267193762319992
3025692,3.7707841404545075
3027474,3.244790264036512
3029256,3.0636344847444166
3002527,26.370238717157545
3004309,13.87722997840696
3006091,24.818593866146152
3007873,51.03717954327251
3009655,29.526086631775332
3011437,13.27239468936999
3013219,15.71939177718069
3015001,12.727296518338248
3016783,14.057026320480558
3018565,27.948521714150626
3020347,29.30780152245135
3022129,21.942752159628313
3023911,12.621444302010731
3025693,16.346789758839897
3027475,14.85338032554035
3029257,22.23358327296846
3002528,0.7509114000272445
3004310,0.8798459527356666
3006092,0.7682311056382622
3007874,1.4852775030226306
3009656,0.9333404989638114
3011438,0.7751705558972632
3013220,0.6914856399993166
3015002,0.6886210355458422
3016784,0.5818273830784484
3018566,0.8191184982200783
3020348,1.255851630730803
3022130,1.196754244885415
3023912,0.701725991320248
3025694,0.7470392211955135
3027476,0.653167631176466
3029258,1.0019064665968207
3002529,45.88798916866018
3004311,64.8425202290122
3006093,49.23926641338146
3007875,51.23509813809069
3009657,64.58087501828084
3011439,47.17383567871172
3013221,55.99942774658619
3015003,50.344520138637996
3016785,55.55112136024668
3018567,45.83233331185847
3020349,55.534712522330594
3022131,74.05516312340613
3023913,46.70253163144283
3025695,51.36874752935043
3027477,44.68432759478322
3029259,62.461955086094044
3002530,164.86552614858047
3004312,147.9767459183695
3006094,154.71120835017697
3007876,193.51454102573845
3009658,311.7042188907361
3011440,193.96779089162314
3013222,171.86176223597693
3015004,157.74603031807408
3016786,143.50733624749438
3018568,165.64688292575838
3020350,211.50481888234424
3022132,301.53783996292225
3023914,202.71079729148195
3025696,176.4012652970753
3027478,154.19827543721152
3029260,147.21219084824708
3002531,0.3202762440657078
3004313,0.3397804020487387
3006095,0.3358182658101425
3007877,0.36647993870993834
3009659,0.2964554816497895
3011441,0.23816167869960195
3013223,0.23485586353626947
3015005,0.13046266590909447
3016787,0.1279443517242828
3018569,0.22732423744868763
3020351,0.1675702456649654
3022133,0.19454650141318844
3023915,0.18566188667310213
3025697,0.12794788037365112
3027479,0.11907932835534776
3029261,0.12391602788019758
3002532,1.61985222328433
3004314,1.4888358021365864
3006096,1.5011130192422844
3007878,2.112909923353777
3009660,3.2860776200952966
3011442,2.2573730531778566
3013224,2.2760344181448326
3015006,1.9431502064847566
3016788,2.361867671970849
3018570,2.914598390573594
3020352,2.7997147500346915
3022134,1.9097875840675687
3023916,1.595592864848261
3025698,1.5865322984524117
3027480,1.4253200527871845
3029262,1.9077238040678215
3002533,48.59205410514581
3004315,51.31486620643788
3006097,68.15080127122005
3007879,79.92319258400703
3009661,84.80221765883802
3011443,64.05854253837448
3013225,60.58624031914484
3015007,43.27894810547539
3016789,53.661198840168005
3018571,65.05184123527303
3020353,79.33794281392505
3022135,84.30710378499761
3023917,69.78804195316239
3025699,67.05362744313975
3027481,44.53625857147249
3029263,55.608812053857115
3002534,69.61300336477876
3004316,68.08082911602602
3006098,57.93946635360119
3007880,86.26967048812757
3009662,119.79992717377806
3011444,82.82093531298769
3013226,76.55868154854893
3015008,72.52939561654365
3016790,68.28640586244936
3018572,68.16198914415457
3020354,77.61934585020335
3022136,109.21130476295443
3023918,80.28404481910813
3025700,77.34994708632914
3027482,68.46222108933735
3029264,71.38828372833146
3002535,727.9368236358706
3004317,470.31094061589795
3006099,549.8306398159737
3007881,589.089093971028
3009663,682.942214756272
3011445,553.7110761751237
3013227,937.6585966886704
3015009,512.3047020191144
3016791,461.68524908728443
3018573,489.92572352983433
3020355,660.2129074834585
3022137,727.5949144533496
3023919,579.1534673788535
3025701,921.8057362588461
3027483,499.53466953657363
3029265,519.0489518237995
3002536,42.616600594293
3004318,0.07835728504890349
3006100,0.04044230663167175
3007882,0.052691889243717
3009664,0.08826029879361577
3011446,0.06416499168539588
3013228,0.06132373692333926
3015010,0.06106633425259732
3016792,0.07835728504890349
3018574,0.03647766596438143
3020356,0.04868057112677715
3022138,0.08411344604676561
3023920,0.08597859113170202
3025702,0.08307909540721138
3027484,0.04768754141308564
3029266,0.07554770347053613
3002537,1.9680429572455278
3004319,2.122698425153692
3006101,1.7445952135356486
3007883,3.4191211197950624
3009665,3.1618384805103696
3011447,1.8016216547914823
3013229,1.7715792438020217
3015011,1.210571877368709
3016793,1.9265869776636078
3018575,1.9220239548182612
3020357,2.78764623607318
3022139,2.307810357653719
3023921,1.6185882343849443
3025703,1.8227037456148558
3027485,1.6239002303645593
3029267,1.3464290152237575
